ISO-10303-21;
HEADER;
/* Generated by software containing ST-Developer
 * from STEP Tools, Inc. (www.steptools.com) 
 */

FILE_DESCRIPTION(
/* description */ (''),
/* implementation_level */ '2;1');

FILE_NAME(
/* name */ 'speaker.step',
/* time_stamp */ '2026-05-27T11:44:33-07:00',
/* author */ (''),
/* organization */ (''),
/* preprocessor_version */ 'ST-DEVELOPER v20.1',
/* originating_system */ 'Autodesk Translation Framework v15.8.0.0',
/* authorisation */ '');

FILE_SCHEMA (('AUTOMOTIVE_DESIGN { 1 0 10303 214 3 1 1 }'));
ENDSEC;

DATA;
#10=MECHANICAL_DESIGN_GEOMETRIC_PRESENTATION_REPRESENTATION('',(#397,#398,
#399,#400,#401,#402,#403,#404,#405,#406,#407,#408,#409,#410,#411,#412,#413,
#414,#415,#416,#417,#418,#419,#420,#421,#422,#423,#424,#425,#426,#427,#428,
#429,#430,#431,#432,#433,#434,#435),#8672);
#11=CONTEXT_DEPENDENT_OVER_RIDING_STYLED_ITEM('',(#8794),#8719,#435,(#42));
#12=MAPPED_ITEM('',#13,#5696);
#13=REPRESENTATION_MAP(#5696,#8718);
#14=ELLIPSE('',#5584,4.06170644754298,4.);
#15=ELLIPSE('',#5585,4.00187458977658,4.);
#16=ELLIPSE('',#5586,4.06170644754298,4.);
#17=ELLIPSE('',#5588,25.3856652971436,25.);
#18=ELLIPSE('',#5589,25.3856652971436,25.);
#19=ITEM_DEFINED_TRANSFORMATION($,$,#5321,#5547);
#20=ITEM_DEFINED_TRANSFORMATION($,$,#5352,#5548);
#21=ITEM_DEFINED_TRANSFORMATION($,$,#5379,#5549);
#22=ITEM_DEFINED_TRANSFORMATION($,$,#5406,#5550);
#23=ITEM_DEFINED_TRANSFORMATION($,$,#5412,#5551);
#24=ITEM_DEFINED_TRANSFORMATION($,$,#5441,#5552);
#25=ITEM_DEFINED_TRANSFORMATION($,$,#5456,#5553);
#26=ITEM_DEFINED_TRANSFORMATION($,$,#5494,#5554);
#27=ITEM_DEFINED_TRANSFORMATION($,$,#5513,#5555);
#28=ITEM_DEFINED_TRANSFORMATION($,$,#5540,#5556);
#29=ITEM_DEFINED_TRANSFORMATION($,$,#5199,#5693);
#30=ITEM_DEFINED_TRANSFORMATION($,$,#5320,#5694);
#31=ITEM_DEFINED_TRANSFORMATION($,$,#5557,#5695);
#32=(
REPRESENTATION_RELATIONSHIP($,$,#8721,#8720)
REPRESENTATION_RELATIONSHIP_WITH_TRANSFORMATION(#19)
SHAPE_REPRESENTATION_RELATIONSHIP()
);
#33=(
REPRESENTATION_RELATIONSHIP($,$,#8722,#8720)
REPRESENTATION_RELATIONSHIP_WITH_TRANSFORMATION(#20)
SHAPE_REPRESENTATION_RELATIONSHIP()
);
#34=(
REPRESENTATION_RELATIONSHIP($,$,#8723,#8720)
REPRESENTATION_RELATIONSHIP_WITH_TRANSFORMATION(#21)
SHAPE_REPRESENTATION_RELATIONSHIP()
);
#35=(
REPRESENTATION_RELATIONSHIP($,$,#8724,#8720)
REPRESENTATION_RELATIONSHIP_WITH_TRANSFORMATION(#22)
SHAPE_REPRESENTATION_RELATIONSHIP()
);
#36=(
REPRESENTATION_RELATIONSHIP($,$,#8725,#8720)
REPRESENTATION_RELATIONSHIP_WITH_TRANSFORMATION(#23)
SHAPE_REPRESENTATION_RELATIONSHIP()
);
#37=(
REPRESENTATION_RELATIONSHIP($,$,#8726,#8720)
REPRESENTATION_RELATIONSHIP_WITH_TRANSFORMATION(#24)
SHAPE_REPRESENTATION_RELATIONSHIP()
);
#38=(
REPRESENTATION_RELATIONSHIP($,$,#8727,#8720)
REPRESENTATION_RELATIONSHIP_WITH_TRANSFORMATION(#25)
SHAPE_REPRESENTATION_RELATIONSHIP()
);
#39=(
REPRESENTATION_RELATIONSHIP($,$,#8728,#8720)
REPRESENTATION_RELATIONSHIP_WITH_TRANSFORMATION(#26)
SHAPE_REPRESENTATION_RELATIONSHIP()
);
#40=(
REPRESENTATION_RELATIONSHIP($,$,#8729,#8720)
REPRESENTATION_RELATIONSHIP_WITH_TRANSFORMATION(#27)
SHAPE_REPRESENTATION_RELATIONSHIP()
);
#41=(
REPRESENTATION_RELATIONSHIP($,$,#8730,#8720)
REPRESENTATION_RELATIONSHIP_WITH_TRANSFORMATION(#28)
SHAPE_REPRESENTATION_RELATIONSHIP()
);
#42=(
REPRESENTATION_RELATIONSHIP($,$,#8719,#8718)
REPRESENTATION_RELATIONSHIP_WITH_TRANSFORMATION(#29)
SHAPE_REPRESENTATION_RELATIONSHIP()
);
#43=(
REPRESENTATION_RELATIONSHIP($,$,#8720,#8718)
REPRESENTATION_RELATIONSHIP_WITH_TRANSFORMATION(#30)
SHAPE_REPRESENTATION_RELATIONSHIP()
);
#44=(
REPRESENTATION_RELATIONSHIP($,$,#8731,#8718)
REPRESENTATION_RELATIONSHIP_WITH_TRANSFORMATION(#31)
SHAPE_REPRESENTATION_RELATIONSHIP()
);
#45=CONTEXT_DEPENDENT_SHAPE_REPRESENTATION(#32,#8704);
#46=CONTEXT_DEPENDENT_SHAPE_REPRESENTATION(#33,#8705);
#47=CONTEXT_DEPENDENT_SHAPE_REPRESENTATION(#34,#8706);
#48=CONTEXT_DEPENDENT_SHAPE_REPRESENTATION(#35,#8707);
#49=CONTEXT_DEPENDENT_SHAPE_REPRESENTATION(#36,#8708);
#50=CONTEXT_DEPENDENT_SHAPE_REPRESENTATION(#37,#8709);
#51=CONTEXT_DEPENDENT_SHAPE_REPRESENTATION(#38,#8710);
#52=CONTEXT_DEPENDENT_SHAPE_REPRESENTATION(#39,#8711);
#53=CONTEXT_DEPENDENT_SHAPE_REPRESENTATION(#40,#8712);
#54=CONTEXT_DEPENDENT_SHAPE_REPRESENTATION(#41,#8713);
#55=CONTEXT_DEPENDENT_SHAPE_REPRESENTATION(#42,#8715);
#56=CONTEXT_DEPENDENT_SHAPE_REPRESENTATION(#43,#8716);
#57=CONTEXT_DEPENDENT_SHAPE_REPRESENTATION(#44,#8717);
#58=NEXT_ASSEMBLY_USAGE_OCCURRENCE('Board:1','Board:1','Board:1',#8735,
#8736,'Board:1');
#59=NEXT_ASSEMBLY_USAGE_OCCURRENCE('2pin_terminal_1:1',
'2pin_terminal_1:1','2pin_terminal_1:1',#8735,#8737,'2pin_terminal_1:1');
#60=NEXT_ASSEMBLY_USAGE_OCCURRENCE('2pin_terminal_2:1',
'2pin_terminal_2:1','2pin_terminal_2:1',#8735,#8738,'2pin_terminal_2:1');
#61=NEXT_ASSEMBLY_USAGE_OCCURRENCE('Capacitor:1','Capacitor:1',
'Capacitor:1',#8735,#8739,'Capacitor:1');
#62=NEXT_ASSEMBLY_USAGE_OCCURRENCE('Power_connector:1',
'Power_connector:1','Power_connector:1',#8735,#8740,'Power_connector:1');
#63=NEXT_ASSEMBLY_USAGE_OCCURRENCE('Audio_jack:1','Audio_jack:1',
'Audio_jack:1',#8735,#8741,'Audio_jack:1');
#64=NEXT_ASSEMBLY_USAGE_OCCURRENCE('3pin_terminal:1','3pin_terminal:1',
'3pin_terminal:1',#8735,#8742,'3pin_terminal:1');
#65=NEXT_ASSEMBLY_USAGE_OCCURRENCE('POT_vol:1','POT_vol:1','POT_vol:1',
#8735,#8743,'POT_vol:1');
#66=NEXT_ASSEMBLY_USAGE_OCCURRENCE('2pin_terminal_3:1',
'2pin_terminal_3:1','2pin_terminal_3:1',#8735,#8744,'2pin_terminal_3:1');
#67=NEXT_ASSEMBLY_USAGE_OCCURRENCE('CPU:1','CPU:1','CPU:1',#8735,#8745,
'CPU:1');
#68=NEXT_ASSEMBLY_USAGE_OCCURRENCE('ND65-8 speaker v1:1',
'ND65-8 speaker v1:1','ND65-8 speaker v1:1',#8733,#8734,
'ND65-8 speaker v1:1');
#69=NEXT_ASSEMBLY_USAGE_OCCURRENCE('amp:1','amp:1','amp:1',#8733,#8735,
'amp:1');
#70=NEXT_ASSEMBLY_USAGE_OCCURRENCE('house (1):1','house (1):1',
'house (1):1',#8733,#8746,'house (1):1');
#71=B_SPLINE_CURVE_WITH_KNOTS('',3,(#7789,#7790,#7791,#7792,#7793,#7794,
#7795,#7796,#7797,#7798,#7799,#7800,#7801,#7802,#7803,#7804,#7805,#7806,
#7807,#7808,#7809,#7810),.UNSPECIFIED.,.F.,.F.,(4,2,2,2,2,2,2,2,2,2,4),
(0.,0.0608135158871121,0.121627031774224,0.243254063548449,0.361910155702181,
0.480566247855913,0.599222340009645,0.717878432163377,0.839505463937601,
0.900318979824713,0.961132495711825),.UNSPECIFIED.);
#72=B_SPLINE_CURVE_WITH_KNOTS('',3,(#8520,#8521,#8522,#8523),
 .UNSPECIFIED.,.F.,.F.,(4,4),(10.0722954566303,10.5942347132572),
 .UNSPECIFIED.);
#73=B_SPLINE_CURVE_WITH_KNOTS('',3,(#8525,#8526,#8527,#8528),
 .UNSPECIFIED.,.F.,.F.,(4,4),(10.5942347132572,11.1161739698842),
 .UNSPECIFIED.);
#74=SHAPE_REPRESENTATION_RELATIONSHIP('SRR','None',#8719,#87);
#75=SHAPE_REPRESENTATION_RELATIONSHIP('SRR','None',#8721,#88);
#76=SHAPE_REPRESENTATION_RELATIONSHIP('SRR','None',#8722,#89);
#77=SHAPE_REPRESENTATION_RELATIONSHIP('SRR','None',#8723,#90);
#78=SHAPE_REPRESENTATION_RELATIONSHIP('SRR','None',#8724,#91);
#79=SHAPE_REPRESENTATION_RELATIONSHIP('SRR','None',#8725,#92);
#80=SHAPE_REPRESENTATION_RELATIONSHIP('SRR','None',#8726,#93);
#81=SHAPE_REPRESENTATION_RELATIONSHIP('SRR','None',#8727,#94);
#82=SHAPE_REPRESENTATION_RELATIONSHIP('SRR','None',#8728,#95);
#83=SHAPE_REPRESENTATION_RELATIONSHIP('SRR','None',#8729,#96);
#84=SHAPE_REPRESENTATION_RELATIONSHIP('SRR','None',#8730,#97);
#85=SHAPE_REPRESENTATION_RELATIONSHIP('SRR','None',#8731,#98);
#86=SHAPE_REPRESENTATION_RELATIONSHIP('SRR','None',#8718,#99);
#87=ADVANCED_BREP_SHAPE_REPRESENTATION('',(#100,#101,#102),#8659);
#88=ADVANCED_BREP_SHAPE_REPRESENTATION('',(#103),#8661);
#89=ADVANCED_BREP_SHAPE_REPRESENTATION('',(#104),#8662);
#90=ADVANCED_BREP_SHAPE_REPRESENTATION('',(#105),#8663);
#91=ADVANCED_BREP_SHAPE_REPRESENTATION('',(#106),#8664);
#92=ADVANCED_BREP_SHAPE_REPRESENTATION('',(#107),#8665);
#93=ADVANCED_BREP_SHAPE_REPRESENTATION('',(#108),#8666);
#94=ADVANCED_BREP_SHAPE_REPRESENTATION('',(#109),#8667);
#95=ADVANCED_BREP_SHAPE_REPRESENTATION('',(#110),#8668);
#96=ADVANCED_BREP_SHAPE_REPRESENTATION('',(#111),#8669);
#97=ADVANCED_BREP_SHAPE_REPRESENTATION('',(#112),#8670);
#98=ADVANCED_BREP_SHAPE_REPRESENTATION('',(#113),#8671);
#99=ADVANCED_BREP_SHAPE_REPRESENTATION('',(#114),#8658);
#100=MANIFOLD_SOLID_BREP('Body1',#5050);
#101=MANIFOLD_SOLID_BREP('Body2',#5051);
#102=MANIFOLD_SOLID_BREP('Body3',#5052);
#103=MANIFOLD_SOLID_BREP('Body1',#5053);
#104=MANIFOLD_SOLID_BREP('Body1',#5054);
#105=MANIFOLD_SOLID_BREP('Body1',#5055);
#106=MANIFOLD_SOLID_BREP('Body1',#5056);
#107=MANIFOLD_SOLID_BREP('Body1',#5057);
#108=MANIFOLD_SOLID_BREP('Body1',#5058);
#109=MANIFOLD_SOLID_BREP('Body1',#5059);
#110=MANIFOLD_SOLID_BREP('Body1',#5060);
#111=MANIFOLD_SOLID_BREP('Body1',#5061);
#112=MANIFOLD_SOLID_BREP('Body1',#5062);
#113=MANIFOLD_SOLID_BREP('Body2',#5063);
#114=MANIFOLD_SOLID_BREP('lid',#5064);
#115=CONICAL_SURFACE('',#5237,18.928463886204,1.22173047639603);
#116=CONICAL_SURFACE('',#5505,4.11,0.146903101271725);
#117=SPHERICAL_SURFACE('',#5233,44.);
#118=SPHERICAL_SURFACE('',#5413,0.75);
#119=FACE_BOUND('',#733,.T.);
#120=FACE_BOUND('',#738,.T.);
#121=FACE_BOUND('',#763,.T.);
#122=FACE_BOUND('',#764,.T.);
#123=FACE_BOUND('',#765,.T.);
#124=FACE_BOUND('',#766,.T.);
#125=FACE_BOUND('',#767,.T.);
#126=FACE_BOUND('',#769,.T.);
#127=FACE_BOUND('',#770,.T.);
#128=FACE_BOUND('',#771,.T.);
#129=FACE_BOUND('',#772,.T.);
#130=FACE_BOUND('',#773,.T.);
#131=FACE_BOUND('',#801,.T.);
#132=FACE_BOUND('',#802,.T.);
#133=FACE_BOUND('',#803,.T.);
#134=FACE_BOUND('',#804,.T.);
#135=FACE_BOUND('',#813,.T.);
#136=FACE_BOUND('',#814,.T.);
#137=FACE_BOUND('',#815,.T.);
#138=FACE_BOUND('',#816,.T.);
#139=FACE_BOUND('',#832,.T.);
#140=FACE_BOUND('',#833,.T.);
#141=FACE_BOUND('',#840,.T.);
#142=FACE_BOUND('',#841,.T.);
#143=FACE_BOUND('',#858,.T.);
#144=FACE_BOUND('',#859,.T.);
#145=FACE_BOUND('',#866,.T.);
#146=FACE_BOUND('',#867,.T.);
#147=FACE_BOUND('',#876,.T.);
#148=FACE_BOUND('',#888,.T.);
#149=FACE_BOUND('',#896,.T.);
#150=FACE_BOUND('',#898,.T.);
#151=FACE_BOUND('',#926,.T.);
#152=FACE_BOUND('',#927,.T.);
#153=FACE_BOUND('',#928,.T.);
#154=FACE_BOUND('',#935,.T.);
#155=FACE_BOUND('',#936,.T.);
#156=FACE_BOUND('',#937,.T.);
#157=FACE_BOUND('',#950,.T.);
#158=FACE_BOUND('',#957,.T.);
#159=FACE_BOUND('',#974,.T.);
#160=FACE_BOUND('',#975,.T.);
#161=FACE_BOUND('',#982,.T.);
#162=FACE_BOUND('',#983,.T.);
#163=FACE_BOUND('',#1001,.T.);
#164=FACE_BOUND('',#1002,.T.);
#165=FACE_BOUND('',#1003,.T.);
#166=FACE_BOUND('',#1009,.T.);
#167=FACE_BOUND('',#1018,.T.);
#168=FACE_BOUND('',#1019,.T.);
#169=FACE_BOUND('',#1026,.T.);
#170=FACE_BOUND('',#1027,.T.);
#171=FACE_BOUND('',#1028,.T.);
#172=FACE_BOUND('',#1029,.T.);
#173=FACE_BOUND('',#1030,.T.);
#174=FACE_BOUND('',#1035,.T.);
#175=FACE_BOUND('',#1073,.T.);
#176=FACE_BOUND('',#1074,.T.);
#177=FACE_BOUND('',#1075,.T.);
#178=FACE_BOUND('',#1077,.T.);
#179=FACE_BOUND('',#1078,.T.);
#180=FACE_BOUND('',#1079,.T.);
#181=FACE_BOUND('',#1080,.T.);
#182=FACE_BOUND('',#1081,.T.);
#183=PLANE('',#5213);
#184=PLANE('',#5217);
#185=PLANE('',#5229);
#186=PLANE('',#5242);
#187=PLANE('',#5243);
#188=PLANE('',#5244);
#189=PLANE('',#5245);
#190=PLANE('',#5246);
#191=PLANE('',#5247);
#192=PLANE('',#5249);
#193=PLANE('',#5250);
#194=PLANE('',#5251);
#195=PLANE('',#5252);
#196=PLANE('',#5253);
#197=PLANE('',#5254);
#198=PLANE('',#5256);
#199=PLANE('',#5259);
#200=PLANE('',#5265);
#201=PLANE('',#5269);
#202=PLANE('',#5270);
#203=PLANE('',#5271);
#204=PLANE('',#5285);
#205=PLANE('',#5299);
#206=PLANE('',#5300);
#207=PLANE('',#5302);
#208=PLANE('',#5303);
#209=PLANE('',#5305);
#210=PLANE('',#5306);
#211=PLANE('',#5308);
#212=PLANE('',#5309);
#213=PLANE('',#5337);
#214=PLANE('',#5341);
#215=PLANE('',#5346);
#216=PLANE('',#5349);
#217=PLANE('',#5350);
#218=PLANE('',#5351);
#219=PLANE('',#5353);
#220=PLANE('',#5354);
#221=PLANE('',#5355);
#222=PLANE('',#5356);
#223=PLANE('',#5357);
#224=PLANE('',#5358);
#225=PLANE('',#5359);
#226=PLANE('',#5360);
#227=PLANE('',#5361);
#228=PLANE('',#5362);
#229=PLANE('',#5366);
#230=PLANE('',#5370);
#231=PLANE('',#5371);
#232=PLANE('',#5372);
#233=PLANE('',#5373);
#234=PLANE('',#5374);
#235=PLANE('',#5375);
#236=PLANE('',#5376);
#237=PLANE('',#5377);
#238=PLANE('',#5378);
#239=PLANE('',#5380);
#240=PLANE('',#5381);
#241=PLANE('',#5382);
#242=PLANE('',#5383);
#243=PLANE('',#5384);
#244=PLANE('',#5385);
#245=PLANE('',#5386);
#246=PLANE('',#5387);
#247=PLANE('',#5388);
#248=PLANE('',#5389);
#249=PLANE('',#5393);
#250=PLANE('',#5397);
#251=PLANE('',#5398);
#252=PLANE('',#5399);
#253=PLANE('',#5400);
#254=PLANE('',#5401);
#255=PLANE('',#5402);
#256=PLANE('',#5403);
#257=PLANE('',#5404);
#258=PLANE('',#5405);
#259=PLANE('',#5410);
#260=PLANE('',#5411);
#261=PLANE('',#5422);
#262=PLANE('',#5425);
#263=PLANE('',#5426);
#264=PLANE('',#5427);
#265=PLANE('',#5429);
#266=PLANE('',#5431);
#267=PLANE('',#5432);
#268=PLANE('',#5435);
#269=PLANE('',#5436);
#270=PLANE('',#5437);
#271=PLANE('',#5438);
#272=PLANE('',#5439);
#273=PLANE('',#5440);
#274=PLANE('',#5445);
#275=PLANE('',#5449);
#276=PLANE('',#5450);
#277=PLANE('',#5451);
#278=PLANE('',#5452);
#279=PLANE('',#5453);
#280=PLANE('',#5454);
#281=PLANE('',#5455);
#282=PLANE('',#5457);
#283=PLANE('',#5458);
#284=PLANE('',#5459);
#285=PLANE('',#5460);
#286=PLANE('',#5461);
#287=PLANE('',#5462);
#288=PLANE('',#5463);
#289=PLANE('',#5464);
#290=PLANE('',#5465);
#291=PLANE('',#5466);
#292=PLANE('',#5467);
#293=PLANE('',#5468);
#294=PLANE('',#5469);
#295=PLANE('',#5470);
#296=PLANE('',#5471);
#297=PLANE('',#5475);
#298=PLANE('',#5479);
#299=PLANE('',#5483);
#300=PLANE('',#5484);
#301=PLANE('',#5485);
#302=PLANE('',#5486);
#303=PLANE('',#5487);
#304=PLANE('',#5488);
#305=PLANE('',#5489);
#306=PLANE('',#5490);
#307=PLANE('',#5491);
#308=PLANE('',#5492);
#309=PLANE('',#5493);
#310=PLANE('',#5495);
#311=PLANE('',#5496);
#312=PLANE('',#5497);
#313=PLANE('',#5498);
#314=PLANE('',#5499);
#315=PLANE('',#5500);
#316=PLANE('',#5501);
#317=PLANE('',#5502);
#318=PLANE('',#5503);
#319=PLANE('',#5507);
#320=PLANE('',#5508);
#321=PLANE('',#5509);
#322=PLANE('',#5510);
#323=PLANE('',#5511);
#324=PLANE('',#5512);
#325=PLANE('',#5514);
#326=PLANE('',#5515);
#327=PLANE('',#5516);
#328=PLANE('',#5517);
#329=PLANE('',#5518);
#330=PLANE('',#5519);
#331=PLANE('',#5520);
#332=PLANE('',#5521);
#333=PLANE('',#5522);
#334=PLANE('',#5523);
#335=PLANE('',#5527);
#336=PLANE('',#5531);
#337=PLANE('',#5532);
#338=PLANE('',#5533);
#339=PLANE('',#5534);
#340=PLANE('',#5535);
#341=PLANE('',#5536);
#342=PLANE('',#5537);
#343=PLANE('',#5538);
#344=PLANE('',#5539);
#345=PLANE('',#5541);
#346=PLANE('',#5542);
#347=PLANE('',#5543);
#348=PLANE('',#5544);
#349=PLANE('',#5545);
#350=PLANE('',#5546);
#351=PLANE('',#5561);
#352=PLANE('',#5565);
#353=PLANE('',#5569);
#354=PLANE('',#5570);
#355=PLANE('',#5574);
#356=PLANE('',#5575);
#357=PLANE('',#5587);
#358=PLANE('',#5593);
#359=PLANE('',#5594);
#360=PLANE('',#5595);
#361=PLANE('',#5596);
#362=PLANE('',#5599);
#363=PLANE('',#5602);
#364=PLANE('',#5605);
#365=PLANE('',#5611);
#366=PLANE('',#5614);
#367=PLANE('',#5617);
#368=PLANE('',#5625);
#369=PLANE('',#5628);
#370=PLANE('',#5631);
#371=PLANE('',#5632);
#372=PLANE('',#5633);
#373=PLANE('',#5634);
#374=PLANE('',#5637);
#375=PLANE('',#5639);
#376=PLANE('',#5641);
#377=PLANE('',#5645);
#378=PLANE('',#5648);
#379=PLANE('',#5651);
#380=PLANE('',#5654);
#381=PLANE('',#5656);
#382=PLANE('',#5657);
#383=PLANE('',#5661);
#384=PLANE('',#5665);
#385=PLANE('',#5678);
#386=PLANE('',#5682);
#387=PLANE('',#5686);
#388=PLANE('',#5690);
#389=PLANE('',#5691);
#390=PLANE('',#5692);
#391=TOROIDAL_SURFACE('',#5205,15.75,2.);
#392=TOROIDAL_SURFACE('',#5214,18.75,1.);
#393=TOROIDAL_SURFACE('',#5219,19.,1.5);
#394=TOROIDAL_SURFACE('',#5226,22.,1.5);
#395=TOROIDAL_SURFACE('',#5231,24.,1.5);
#396=TOROIDAL_SURFACE('',#5240,23.5,3.5);
#397=STYLED_ITEM('',(#8796),#4760);
#398=STYLED_ITEM('',(#8796),#4761);
#399=STYLED_ITEM('',(#8796),#4762);
#400=STYLED_ITEM('',(#8797),#4770);
#401=STYLED_ITEM('',(#8792),#100);
#402=STYLED_ITEM('',(#8796),#4773);
#403=STYLED_ITEM('',(#8796),#4774);
#404=STYLED_ITEM('',(#8796),#4775);
#405=STYLED_ITEM('',(#8796),#4776);
#406=STYLED_ITEM('',(#8796),#4777);
#407=STYLED_ITEM('',(#8796),#4778);
#408=STYLED_ITEM('',(#8796),#4779);
#409=STYLED_ITEM('',(#8796),#4780);
#410=STYLED_ITEM('',(#8796),#4781);
#411=STYLED_ITEM('',(#8796),#4782);
#412=STYLED_ITEM('',(#8796),#4783);
#413=STYLED_ITEM('',(#8796),#4784);
#414=STYLED_ITEM('',(#8798),#4785);
#415=STYLED_ITEM('',(#8798),#4786);
#416=STYLED_ITEM('',(#8798),#4787);
#417=STYLED_ITEM('',(#8798),#4788);
#418=STYLED_ITEM('',(#8798),#4789);
#419=STYLED_ITEM('',(#8798),#4790);
#420=STYLED_ITEM('',(#8798),#4791);
#421=STYLED_ITEM('',(#8792),#101);
#422=STYLED_ITEM('',(#8792),#102);
#423=STYLED_ITEM('',(#8799),#103);
#424=STYLED_ITEM('',(#8799),#104);
#425=STYLED_ITEM('',(#8799),#105);
#426=STYLED_ITEM('',(#8799),#106);
#427=STYLED_ITEM('',(#8799),#107);
#428=STYLED_ITEM('',(#8799),#108);
#429=STYLED_ITEM('',(#8799),#109);
#430=STYLED_ITEM('',(#8799),#110);
#431=STYLED_ITEM('',(#8799),#111);
#432=STYLED_ITEM('',(#8799),#112);
#433=STYLED_ITEM('',(#8800),#113);
#434=STYLED_ITEM('',(#8795),#114);
#435=STYLED_ITEM('',(#8801),#12);
#436=FACE_OUTER_BOUND('',#727,.T.);
#437=FACE_OUTER_BOUND('',#728,.T.);
#438=FACE_OUTER_BOUND('',#729,.T.);
#439=FACE_OUTER_BOUND('',#730,.T.);
#440=FACE_OUTER_BOUND('',#731,.T.);
#441=FACE_OUTER_BOUND('',#732,.T.);
#442=FACE_OUTER_BOUND('',#734,.T.);
#443=FACE_OUTER_BOUND('',#735,.T.);
#444=FACE_OUTER_BOUND('',#736,.T.);
#445=FACE_OUTER_BOUND('',#737,.T.);
#446=FACE_OUTER_BOUND('',#739,.T.);
#447=FACE_OUTER_BOUND('',#740,.T.);
#448=FACE_OUTER_BOUND('',#741,.T.);
#449=FACE_OUTER_BOUND('',#742,.T.);
#450=FACE_OUTER_BOUND('',#743,.T.);
#451=FACE_OUTER_BOUND('',#744,.T.);
#452=FACE_OUTER_BOUND('',#745,.T.);
#453=FACE_OUTER_BOUND('',#746,.T.);
#454=FACE_OUTER_BOUND('',#747,.T.);
#455=FACE_OUTER_BOUND('',#748,.T.);
#456=FACE_OUTER_BOUND('',#749,.T.);
#457=FACE_OUTER_BOUND('',#750,.T.);
#458=FACE_OUTER_BOUND('',#751,.T.);
#459=FACE_OUTER_BOUND('',#752,.T.);
#460=FACE_OUTER_BOUND('',#753,.T.);
#461=FACE_OUTER_BOUND('',#754,.T.);
#462=FACE_OUTER_BOUND('',#755,.T.);
#463=FACE_OUTER_BOUND('',#756,.T.);
#464=FACE_OUTER_BOUND('',#757,.T.);
#465=FACE_OUTER_BOUND('',#758,.T.);
#466=FACE_OUTER_BOUND('',#759,.T.);
#467=FACE_OUTER_BOUND('',#760,.T.);
#468=FACE_OUTER_BOUND('',#761,.T.);
#469=FACE_OUTER_BOUND('',#762,.T.);
#470=FACE_OUTER_BOUND('',#768,.T.);
#471=FACE_OUTER_BOUND('',#774,.T.);
#472=FACE_OUTER_BOUND('',#775,.T.);
#473=FACE_OUTER_BOUND('',#776,.T.);
#474=FACE_OUTER_BOUND('',#777,.T.);
#475=FACE_OUTER_BOUND('',#778,.T.);
#476=FACE_OUTER_BOUND('',#779,.T.);
#477=FACE_OUTER_BOUND('',#780,.T.);
#478=FACE_OUTER_BOUND('',#781,.T.);
#479=FACE_OUTER_BOUND('',#782,.T.);
#480=FACE_OUTER_BOUND('',#783,.T.);
#481=FACE_OUTER_BOUND('',#784,.T.);
#482=FACE_OUTER_BOUND('',#785,.T.);
#483=FACE_OUTER_BOUND('',#786,.T.);
#484=FACE_OUTER_BOUND('',#787,.T.);
#485=FACE_OUTER_BOUND('',#788,.T.);
#486=FACE_OUTER_BOUND('',#789,.T.);
#487=FACE_OUTER_BOUND('',#790,.T.);
#488=FACE_OUTER_BOUND('',#791,.T.);
#489=FACE_OUTER_BOUND('',#792,.T.);
#490=FACE_OUTER_BOUND('',#793,.T.);
#491=FACE_OUTER_BOUND('',#794,.T.);
#492=FACE_OUTER_BOUND('',#795,.T.);
#493=FACE_OUTER_BOUND('',#796,.T.);
#494=FACE_OUTER_BOUND('',#797,.T.);
#495=FACE_OUTER_BOUND('',#798,.T.);
#496=FACE_OUTER_BOUND('',#799,.T.);
#497=FACE_OUTER_BOUND('',#800,.T.);
#498=FACE_OUTER_BOUND('',#805,.T.);
#499=FACE_OUTER_BOUND('',#806,.T.);
#500=FACE_OUTER_BOUND('',#807,.T.);
#501=FACE_OUTER_BOUND('',#808,.T.);
#502=FACE_OUTER_BOUND('',#809,.T.);
#503=FACE_OUTER_BOUND('',#810,.T.);
#504=FACE_OUTER_BOUND('',#811,.T.);
#505=FACE_OUTER_BOUND('',#812,.T.);
#506=FACE_OUTER_BOUND('',#817,.T.);
#507=FACE_OUTER_BOUND('',#818,.T.);
#508=FACE_OUTER_BOUND('',#819,.T.);
#509=FACE_OUTER_BOUND('',#820,.T.);
#510=FACE_OUTER_BOUND('',#821,.T.);
#511=FACE_OUTER_BOUND('',#822,.T.);
#512=FACE_OUTER_BOUND('',#823,.T.);
#513=FACE_OUTER_BOUND('',#824,.T.);
#514=FACE_OUTER_BOUND('',#825,.T.);
#515=FACE_OUTER_BOUND('',#826,.T.);
#516=FACE_OUTER_BOUND('',#827,.T.);
#517=FACE_OUTER_BOUND('',#828,.T.);
#518=FACE_OUTER_BOUND('',#829,.T.);
#519=FACE_OUTER_BOUND('',#830,.T.);
#520=FACE_OUTER_BOUND('',#831,.T.);
#521=FACE_OUTER_BOUND('',#834,.T.);
#522=FACE_OUTER_BOUND('',#835,.T.);
#523=FACE_OUTER_BOUND('',#836,.T.);
#524=FACE_OUTER_BOUND('',#837,.T.);
#525=FACE_OUTER_BOUND('',#838,.T.);
#526=FACE_OUTER_BOUND('',#839,.T.);
#527=FACE_OUTER_BOUND('',#842,.T.);
#528=FACE_OUTER_BOUND('',#843,.T.);
#529=FACE_OUTER_BOUND('',#844,.T.);
#530=FACE_OUTER_BOUND('',#845,.T.);
#531=FACE_OUTER_BOUND('',#846,.T.);
#532=FACE_OUTER_BOUND('',#847,.T.);
#533=FACE_OUTER_BOUND('',#848,.T.);
#534=FACE_OUTER_BOUND('',#849,.T.);
#535=FACE_OUTER_BOUND('',#850,.T.);
#536=FACE_OUTER_BOUND('',#851,.T.);
#537=FACE_OUTER_BOUND('',#852,.T.);
#538=FACE_OUTER_BOUND('',#853,.T.);
#539=FACE_OUTER_BOUND('',#854,.T.);
#540=FACE_OUTER_BOUND('',#855,.T.);
#541=FACE_OUTER_BOUND('',#856,.T.);
#542=FACE_OUTER_BOUND('',#857,.T.);
#543=FACE_OUTER_BOUND('',#860,.T.);
#544=FACE_OUTER_BOUND('',#861,.T.);
#545=FACE_OUTER_BOUND('',#862,.T.);
#546=FACE_OUTER_BOUND('',#863,.T.);
#547=FACE_OUTER_BOUND('',#864,.T.);
#548=FACE_OUTER_BOUND('',#865,.T.);
#549=FACE_OUTER_BOUND('',#868,.T.);
#550=FACE_OUTER_BOUND('',#869,.T.);
#551=FACE_OUTER_BOUND('',#870,.T.);
#552=FACE_OUTER_BOUND('',#871,.T.);
#553=FACE_OUTER_BOUND('',#872,.T.);
#554=FACE_OUTER_BOUND('',#873,.T.);
#555=FACE_OUTER_BOUND('',#874,.T.);
#556=FACE_OUTER_BOUND('',#875,.T.);
#557=FACE_OUTER_BOUND('',#877,.T.);
#558=FACE_OUTER_BOUND('',#878,.T.);
#559=FACE_OUTER_BOUND('',#879,.T.);
#560=FACE_OUTER_BOUND('',#880,.T.);
#561=FACE_OUTER_BOUND('',#881,.T.);
#562=FACE_OUTER_BOUND('',#882,.T.);
#563=FACE_OUTER_BOUND('',#883,.T.);
#564=FACE_OUTER_BOUND('',#884,.T.);
#565=FACE_OUTER_BOUND('',#885,.T.);
#566=FACE_OUTER_BOUND('',#886,.T.);
#567=FACE_OUTER_BOUND('',#887,.T.);
#568=FACE_OUTER_BOUND('',#889,.T.);
#569=FACE_OUTER_BOUND('',#890,.T.);
#570=FACE_OUTER_BOUND('',#891,.T.);
#571=FACE_OUTER_BOUND('',#892,.T.);
#572=FACE_OUTER_BOUND('',#893,.T.);
#573=FACE_OUTER_BOUND('',#894,.T.);
#574=FACE_OUTER_BOUND('',#895,.T.);
#575=FACE_OUTER_BOUND('',#897,.T.);
#576=FACE_OUTER_BOUND('',#899,.T.);
#577=FACE_OUTER_BOUND('',#900,.T.);
#578=FACE_OUTER_BOUND('',#901,.T.);
#579=FACE_OUTER_BOUND('',#902,.T.);
#580=FACE_OUTER_BOUND('',#903,.T.);
#581=FACE_OUTER_BOUND('',#904,.T.);
#582=FACE_OUTER_BOUND('',#905,.T.);
#583=FACE_OUTER_BOUND('',#906,.T.);
#584=FACE_OUTER_BOUND('',#907,.T.);
#585=FACE_OUTER_BOUND('',#908,.T.);
#586=FACE_OUTER_BOUND('',#909,.T.);
#587=FACE_OUTER_BOUND('',#910,.T.);
#588=FACE_OUTER_BOUND('',#911,.T.);
#589=FACE_OUTER_BOUND('',#912,.T.);
#590=FACE_OUTER_BOUND('',#913,.T.);
#591=FACE_OUTER_BOUND('',#914,.T.);
#592=FACE_OUTER_BOUND('',#915,.T.);
#593=FACE_OUTER_BOUND('',#916,.T.);
#594=FACE_OUTER_BOUND('',#917,.T.);
#595=FACE_OUTER_BOUND('',#918,.T.);
#596=FACE_OUTER_BOUND('',#919,.T.);
#597=FACE_OUTER_BOUND('',#920,.T.);
#598=FACE_OUTER_BOUND('',#921,.T.);
#599=FACE_OUTER_BOUND('',#922,.T.);
#600=FACE_OUTER_BOUND('',#923,.T.);
#601=FACE_OUTER_BOUND('',#924,.T.);
#602=FACE_OUTER_BOUND('',#925,.T.);
#603=FACE_OUTER_BOUND('',#929,.T.);
#604=FACE_OUTER_BOUND('',#930,.T.);
#605=FACE_OUTER_BOUND('',#931,.T.);
#606=FACE_OUTER_BOUND('',#932,.T.);
#607=FACE_OUTER_BOUND('',#933,.T.);
#608=FACE_OUTER_BOUND('',#934,.T.);
#609=FACE_OUTER_BOUND('',#938,.T.);
#610=FACE_OUTER_BOUND('',#939,.T.);
#611=FACE_OUTER_BOUND('',#940,.T.);
#612=FACE_OUTER_BOUND('',#941,.T.);
#613=FACE_OUTER_BOUND('',#942,.T.);
#614=FACE_OUTER_BOUND('',#943,.T.);
#615=FACE_OUTER_BOUND('',#944,.T.);
#616=FACE_OUTER_BOUND('',#945,.T.);
#617=FACE_OUTER_BOUND('',#946,.T.);
#618=FACE_OUTER_BOUND('',#947,.T.);
#619=FACE_OUTER_BOUND('',#948,.T.);
#620=FACE_OUTER_BOUND('',#949,.T.);
#621=FACE_OUTER_BOUND('',#951,.T.);
#622=FACE_OUTER_BOUND('',#952,.T.);
#623=FACE_OUTER_BOUND('',#953,.T.);
#624=FACE_OUTER_BOUND('',#954,.T.);
#625=FACE_OUTER_BOUND('',#955,.T.);
#626=FACE_OUTER_BOUND('',#956,.T.);
#627=FACE_OUTER_BOUND('',#958,.T.);
#628=FACE_OUTER_BOUND('',#959,.T.);
#629=FACE_OUTER_BOUND('',#960,.T.);
#630=FACE_OUTER_BOUND('',#961,.T.);
#631=FACE_OUTER_BOUND('',#962,.T.);
#632=FACE_OUTER_BOUND('',#963,.T.);
#633=FACE_OUTER_BOUND('',#964,.T.);
#634=FACE_OUTER_BOUND('',#965,.T.);
#635=FACE_OUTER_BOUND('',#966,.T.);
#636=FACE_OUTER_BOUND('',#967,.T.);
#637=FACE_OUTER_BOUND('',#968,.T.);
#638=FACE_OUTER_BOUND('',#969,.T.);
#639=FACE_OUTER_BOUND('',#970,.T.);
#640=FACE_OUTER_BOUND('',#971,.T.);
#641=FACE_OUTER_BOUND('',#972,.T.);
#642=FACE_OUTER_BOUND('',#973,.T.);
#643=FACE_OUTER_BOUND('',#976,.T.);
#644=FACE_OUTER_BOUND('',#977,.T.);
#645=FACE_OUTER_BOUND('',#978,.T.);
#646=FACE_OUTER_BOUND('',#979,.T.);
#647=FACE_OUTER_BOUND('',#980,.T.);
#648=FACE_OUTER_BOUND('',#981,.T.);
#649=FACE_OUTER_BOUND('',#984,.T.);
#650=FACE_OUTER_BOUND('',#985,.T.);
#651=FACE_OUTER_BOUND('',#986,.T.);
#652=FACE_OUTER_BOUND('',#987,.T.);
#653=FACE_OUTER_BOUND('',#988,.T.);
#654=FACE_OUTER_BOUND('',#989,.T.);
#655=FACE_OUTER_BOUND('',#990,.T.);
#656=FACE_OUTER_BOUND('',#991,.T.);
#657=FACE_OUTER_BOUND('',#992,.T.);
#658=FACE_OUTER_BOUND('',#993,.T.);
#659=FACE_OUTER_BOUND('',#994,.T.);
#660=FACE_OUTER_BOUND('',#995,.T.);
#661=FACE_OUTER_BOUND('',#996,.T.);
#662=FACE_OUTER_BOUND('',#997,.T.);
#663=FACE_OUTER_BOUND('',#998,.T.);
#664=FACE_OUTER_BOUND('',#999,.T.);
#665=FACE_OUTER_BOUND('',#1000,.T.);
#666=FACE_OUTER_BOUND('',#1004,.T.);
#667=FACE_OUTER_BOUND('',#1005,.T.);
#668=FACE_OUTER_BOUND('',#1006,.T.);
#669=FACE_OUTER_BOUND('',#1007,.T.);
#670=FACE_OUTER_BOUND('',#1008,.T.);
#671=FACE_OUTER_BOUND('',#1010,.T.);
#672=FACE_OUTER_BOUND('',#1011,.T.);
#673=FACE_OUTER_BOUND('',#1012,.T.);
#674=FACE_OUTER_BOUND('',#1013,.T.);
#675=FACE_OUTER_BOUND('',#1014,.T.);
#676=FACE_OUTER_BOUND('',#1015,.T.);
#677=FACE_OUTER_BOUND('',#1016,.T.);
#678=FACE_OUTER_BOUND('',#1017,.T.);
#679=FACE_OUTER_BOUND('',#1020,.T.);
#680=FACE_OUTER_BOUND('',#1021,.T.);
#681=FACE_OUTER_BOUND('',#1022,.T.);
#682=FACE_OUTER_BOUND('',#1023,.T.);
#683=FACE_OUTER_BOUND('',#1024,.T.);
#684=FACE_OUTER_BOUND('',#1025,.T.);
#685=FACE_OUTER_BOUND('',#1031,.T.);
#686=FACE_OUTER_BOUND('',#1032,.T.);
#687=FACE_OUTER_BOUND('',#1033,.T.);
#688=FACE_OUTER_BOUND('',#1034,.T.);
#689=FACE_OUTER_BOUND('',#1036,.T.);
#690=FACE_OUTER_BOUND('',#1037,.T.);
#691=FACE_OUTER_BOUND('',#1038,.T.);
#692=FACE_OUTER_BOUND('',#1039,.T.);
#693=FACE_OUTER_BOUND('',#1040,.T.);
#694=FACE_OUTER_BOUND('',#1041,.T.);
#695=FACE_OUTER_BOUND('',#1042,.T.);
#696=FACE_OUTER_BOUND('',#1043,.T.);
#697=FACE_OUTER_BOUND('',#1044,.T.);
#698=FACE_OUTER_BOUND('',#1045,.T.);
#699=FACE_OUTER_BOUND('',#1046,.T.);
#700=FACE_OUTER_BOUND('',#1047,.T.);
#701=FACE_OUTER_BOUND('',#1048,.T.);
#702=FACE_OUTER_BOUND('',#1049,.T.);
#703=FACE_OUTER_BOUND('',#1050,.T.);
#704=FACE_OUTER_BOUND('',#1051,.T.);
#705=FACE_OUTER_BOUND('',#1052,.T.);
#706=FACE_OUTER_BOUND('',#1053,.T.);
#707=FACE_OUTER_BOUND('',#1054,.T.);
#708=FACE_OUTER_BOUND('',#1055,.T.);
#709=FACE_OUTER_BOUND('',#1056,.T.);
#710=FACE_OUTER_BOUND('',#1057,.T.);
#711=FACE_OUTER_BOUND('',#1058,.T.);
#712=FACE_OUTER_BOUND('',#1059,.T.);
#713=FACE_OUTER_BOUND('',#1060,.T.);
#714=FACE_OUTER_BOUND('',#1061,.T.);
#715=FACE_OUTER_BOUND('',#1062,.T.);
#716=FACE_OUTER_BOUND('',#1063,.T.);
#717=FACE_OUTER_BOUND('',#1064,.T.);
#718=FACE_OUTER_BOUND('',#1065,.T.);
#719=FACE_OUTER_BOUND('',#1066,.T.);
#720=FACE_OUTER_BOUND('',#1067,.T.);
#721=FACE_OUTER_BOUND('',#1068,.T.);
#722=FACE_OUTER_BOUND('',#1069,.T.);
#723=FACE_OUTER_BOUND('',#1070,.T.);
#724=FACE_OUTER_BOUND('',#1071,.T.);
#725=FACE_OUTER_BOUND('',#1072,.T.);
#726=FACE_OUTER_BOUND('',#1076,.T.);
#727=EDGE_LOOP('',(#3346,#3347,#3348,#3349,#3350,#3351));
#728=EDGE_LOOP('',(#3352,#3353,#3354,#3355,#3356));
#729=EDGE_LOOP('',(#3357,#3358,#3359,#3360,#3361,#3362));
#730=EDGE_LOOP('',(#3363));
#731=EDGE_LOOP('',(#3364,#3365,#3366,#3367,#3368));
#732=EDGE_LOOP('',(#3369));
#733=EDGE_LOOP('',(#3370));
#734=EDGE_LOOP('',(#3371,#3372,#3373,#3374,#3375));
#735=EDGE_LOOP('',(#3376,#3377,#3378,#3379,#3380,#3381));
#736=EDGE_LOOP('',(#3382,#3383,#3384,#3385,#3386));
#737=EDGE_LOOP('',(#3387));
#738=EDGE_LOOP('',(#3388));
#739=EDGE_LOOP('',(#3389,#3390,#3391,#3392,#3393));
#740=EDGE_LOOP('',(#3394,#3395,#3396,#3397));
#741=EDGE_LOOP('',(#3398,#3399,#3400,#3401,#3402,#3403));
#742=EDGE_LOOP('',(#3404,#3405,#3406,#3407,#3408,#3409));
#743=EDGE_LOOP('',(#3410,#3411,#3412,#3413,#3414));
#744=EDGE_LOOP('',(#3415,#3416,#3417,#3418));
#745=EDGE_LOOP('',(#3419,#3420,#3421,#3422,#3423));
#746=EDGE_LOOP('',(#3424,#3425,#3426,#3427));
#747=EDGE_LOOP('',(#3428,#3429,#3430,#3431));
#748=EDGE_LOOP('',(#3432,#3433,#3434,#3435));
#749=EDGE_LOOP('',(#3436,#3437,#3438,#3439));
#750=EDGE_LOOP('',(#3440,#3441,#3442,#3443,#3444));
#751=EDGE_LOOP('',(#3445,#3446,#3447,#3448));
#752=EDGE_LOOP('',(#3449,#3450,#3451,#3452,#3453));
#753=EDGE_LOOP('',(#3454,#3455,#3456,#3457));
#754=EDGE_LOOP('',(#3458,#3459,#3460,#3461));
#755=EDGE_LOOP('',(#3462,#3463,#3464,#3465));
#756=EDGE_LOOP('',(#3466,#3467,#3468,#3469));
#757=EDGE_LOOP('',(#3470,#3471,#3472,#3473,#3474,#3475,#3476,#3477,#3478));
#758=EDGE_LOOP('',(#3479,#3480,#3481,#3482));
#759=EDGE_LOOP('',(#3483,#3484,#3485,#3486,#3487));
#760=EDGE_LOOP('',(#3488,#3489,#3490,#3491,#3492,#3493,#3494,#3495,#3496,
#3497,#3498,#3499));
#761=EDGE_LOOP('',(#3500,#3501,#3502,#3503));
#762=EDGE_LOOP('',(#3504,#3505,#3506,#3507,#3508,#3509,#3510,#3511,#3512,
#3513,#3514,#3515,#3516,#3517,#3518,#3519));
#763=EDGE_LOOP('',(#3520));
#764=EDGE_LOOP('',(#3521));
#765=EDGE_LOOP('',(#3522));
#766=EDGE_LOOP('',(#3523));
#767=EDGE_LOOP('',(#3524));
#768=EDGE_LOOP('',(#3525,#3526,#3527,#3528,#3529,#3530,#3531,#3532,#3533,
#3534,#3535,#3536,#3537,#3538,#3539,#3540));
#769=EDGE_LOOP('',(#3541));
#770=EDGE_LOOP('',(#3542));
#771=EDGE_LOOP('',(#3543));
#772=EDGE_LOOP('',(#3544));
#773=EDGE_LOOP('',(#3545));
#774=EDGE_LOOP('',(#3546,#3547,#3548,#3549));
#775=EDGE_LOOP('',(#3550,#3551,#3552,#3553));
#776=EDGE_LOOP('',(#3554,#3555,#3556,#3557));
#777=EDGE_LOOP('',(#3558,#3559,#3560,#3561));
#778=EDGE_LOOP('',(#3562,#3563,#3564,#3565));
#779=EDGE_LOOP('',(#3566,#3567,#3568,#3569));
#780=EDGE_LOOP('',(#3570,#3571,#3572,#3573));
#781=EDGE_LOOP('',(#3574,#3575,#3576,#3577));
#782=EDGE_LOOP('',(#3578,#3579,#3580,#3581));
#783=EDGE_LOOP('',(#3582,#3583,#3584,#3585));
#784=EDGE_LOOP('',(#3586,#3587,#3588,#3589));
#785=EDGE_LOOP('',(#3590,#3591,#3592,#3593));
#786=EDGE_LOOP('',(#3594,#3595,#3596,#3597));
#787=EDGE_LOOP('',(#3598,#3599,#3600,#3601));
#788=EDGE_LOOP('',(#3602,#3603,#3604,#3605));
#789=EDGE_LOOP('',(#3606,#3607,#3608,#3609));
#790=EDGE_LOOP('',(#3610,#3611,#3612,#3613));
#791=EDGE_LOOP('',(#3614,#3615,#3616,#3617));
#792=EDGE_LOOP('',(#3618,#3619,#3620,#3621));
#793=EDGE_LOOP('',(#3622,#3623,#3624,#3625));
#794=EDGE_LOOP('',(#3626,#3627,#3628,#3629));
#795=EDGE_LOOP('',(#3630,#3631,#3632,#3633));
#796=EDGE_LOOP('',(#3634,#3635,#3636,#3637));
#797=EDGE_LOOP('',(#3638,#3639,#3640,#3641));
#798=EDGE_LOOP('',(#3642,#3643,#3644,#3645));
#799=EDGE_LOOP('',(#3646,#3647,#3648,#3649));
#800=EDGE_LOOP('',(#3650,#3651,#3652,#3653,#3654,#3655,#3656,#3657));
#801=EDGE_LOOP('',(#3658));
#802=EDGE_LOOP('',(#3659));
#803=EDGE_LOOP('',(#3660));
#804=EDGE_LOOP('',(#3661));
#805=EDGE_LOOP('',(#3662,#3663,#3664,#3665));
#806=EDGE_LOOP('',(#3666,#3667,#3668,#3669));
#807=EDGE_LOOP('',(#3670,#3671,#3672,#3673));
#808=EDGE_LOOP('',(#3674,#3675,#3676,#3677));
#809=EDGE_LOOP('',(#3678,#3679,#3680,#3681));
#810=EDGE_LOOP('',(#3682,#3683,#3684,#3685));
#811=EDGE_LOOP('',(#3686,#3687,#3688,#3689));
#812=EDGE_LOOP('',(#3690,#3691,#3692,#3693,#3694,#3695,#3696,#3697));
#813=EDGE_LOOP('',(#3698));
#814=EDGE_LOOP('',(#3699));
#815=EDGE_LOOP('',(#3700));
#816=EDGE_LOOP('',(#3701));
#817=EDGE_LOOP('',(#3702,#3703,#3704,#3705));
#818=EDGE_LOOP('',(#3706,#3707,#3708,#3709));
#819=EDGE_LOOP('',(#3710,#3711,#3712,#3713));
#820=EDGE_LOOP('',(#3714,#3715,#3716,#3717));
#821=EDGE_LOOP('',(#3718,#3719,#3720,#3721));
#822=EDGE_LOOP('',(#3722,#3723,#3724,#3725));
#823=EDGE_LOOP('',(#3726,#3727,#3728,#3729));
#824=EDGE_LOOP('',(#3730,#3731,#3732,#3733));
#825=EDGE_LOOP('',(#3734,#3735,#3736,#3737));
#826=EDGE_LOOP('',(#3738,#3739,#3740,#3741));
#827=EDGE_LOOP('',(#3742,#3743,#3744,#3745));
#828=EDGE_LOOP('',(#3746));
#829=EDGE_LOOP('',(#3747,#3748,#3749,#3750));
#830=EDGE_LOOP('',(#3751));
#831=EDGE_LOOP('',(#3752,#3753,#3754,#3755));
#832=EDGE_LOOP('',(#3756));
#833=EDGE_LOOP('',(#3757));
#834=EDGE_LOOP('',(#3758,#3759,#3760,#3761));
#835=EDGE_LOOP('',(#3762,#3763,#3764,#3765));
#836=EDGE_LOOP('',(#3766,#3767,#3768,#3769,#3770,#3771));
#837=EDGE_LOOP('',(#3772,#3773,#3774,#3775));
#838=EDGE_LOOP('',(#3776,#3777,#3778,#3779,#3780,#3781));
#839=EDGE_LOOP('',(#3782,#3783,#3784,#3785));
#840=EDGE_LOOP('',(#3786,#3787,#3788,#3789));
#841=EDGE_LOOP('',(#3790,#3791,#3792,#3793));
#842=EDGE_LOOP('',(#3794,#3795,#3796,#3797));
#843=EDGE_LOOP('',(#3798,#3799,#3800,#3801));
#844=EDGE_LOOP('',(#3802,#3803,#3804,#3805));
#845=EDGE_LOOP('',(#3806,#3807,#3808,#3809));
#846=EDGE_LOOP('',(#3810,#3811,#3812,#3813));
#847=EDGE_LOOP('',(#3814,#3815,#3816,#3817));
#848=EDGE_LOOP('',(#3818,#3819,#3820,#3821));
#849=EDGE_LOOP('',(#3822,#3823,#3824,#3825));
#850=EDGE_LOOP('',(#3826,#3827,#3828,#3829));
#851=EDGE_LOOP('',(#3830,#3831,#3832,#3833));
#852=EDGE_LOOP('',(#3834,#3835,#3836,#3837));
#853=EDGE_LOOP('',(#3838,#3839,#3840,#3841));
#854=EDGE_LOOP('',(#3842));
#855=EDGE_LOOP('',(#3843,#3844,#3845,#3846));
#856=EDGE_LOOP('',(#3847));
#857=EDGE_LOOP('',(#3848,#3849,#3850,#3851));
#858=EDGE_LOOP('',(#3852));
#859=EDGE_LOOP('',(#3853));
#860=EDGE_LOOP('',(#3854,#3855,#3856,#3857));
#861=EDGE_LOOP('',(#3858,#3859,#3860,#3861));
#862=EDGE_LOOP('',(#3862,#3863,#3864,#3865,#3866,#3867));
#863=EDGE_LOOP('',(#3868,#3869,#3870,#3871));
#864=EDGE_LOOP('',(#3872,#3873,#3874,#3875,#3876,#3877));
#865=EDGE_LOOP('',(#3878,#3879,#3880,#3881));
#866=EDGE_LOOP('',(#3882,#3883,#3884,#3885));
#867=EDGE_LOOP('',(#3886,#3887,#3888,#3889));
#868=EDGE_LOOP('',(#3890,#3891,#3892,#3893));
#869=EDGE_LOOP('',(#3894,#3895,#3896,#3897));
#870=EDGE_LOOP('',(#3898));
#871=EDGE_LOOP('',(#3899));
#872=EDGE_LOOP('',(#3900,#3901,#3902,#3903));
#873=EDGE_LOOP('',(#3904,#3905,#3906,#3907,#3908));
#874=EDGE_LOOP('',(#3909,#3910,#3911,#3912));
#875=EDGE_LOOP('',(#3913));
#876=EDGE_LOOP('',(#3914));
#877=EDGE_LOOP('',(#3915,#3916,#3917,#3918));
#878=EDGE_LOOP('',(#3919,#3920,#3921,#3922));
#879=EDGE_LOOP('',(#3923,#3924,#3925,#3926));
#880=EDGE_LOOP('',(#3927,#3928,#3929,#3930,#3931));
#881=EDGE_LOOP('',(#3932,#3933,#3934,#3935,#3936));
#882=EDGE_LOOP('',(#3937,#3938,#3939,#3940,#3941,#3942,#3943,#3944));
#883=EDGE_LOOP('',(#3945,#3946,#3947,#3948));
#884=EDGE_LOOP('',(#3949,#3950,#3951,#3952,#3953,#3954,#3955,#3956));
#885=EDGE_LOOP('',(#3957,#3958,#3959,#3960));
#886=EDGE_LOOP('',(#3961,#3962,#3963,#3964,#3965,#3966));
#887=EDGE_LOOP('',(#3967,#3968,#3969,#3970));
#888=EDGE_LOOP('',(#3971));
#889=EDGE_LOOP('',(#3972,#3973,#3974,#3975,#3976,#3977));
#890=EDGE_LOOP('',(#3978,#3979,#3980,#3981,#3982,#3983));
#891=EDGE_LOOP('',(#3984,#3985,#3986,#3987));
#892=EDGE_LOOP('',(#3988,#3989,#3990,#3991));
#893=EDGE_LOOP('',(#3992));
#894=EDGE_LOOP('',(#3993,#3994,#3995,#3996));
#895=EDGE_LOOP('',(#3997));
#896=EDGE_LOOP('',(#3998));
#897=EDGE_LOOP('',(#3999,#4000,#4001,#4002));
#898=EDGE_LOOP('',(#4003));
#899=EDGE_LOOP('',(#4004,#4005,#4006,#4007));
#900=EDGE_LOOP('',(#4008,#4009,#4010,#4011));
#901=EDGE_LOOP('',(#4012,#4013,#4014,#4015));
#902=EDGE_LOOP('',(#4016,#4017,#4018,#4019));
#903=EDGE_LOOP('',(#4020,#4021,#4022,#4023));
#904=EDGE_LOOP('',(#4024,#4025,#4026,#4027));
#905=EDGE_LOOP('',(#4028,#4029,#4030,#4031));
#906=EDGE_LOOP('',(#4032,#4033,#4034,#4035));
#907=EDGE_LOOP('',(#4036,#4037,#4038,#4039));
#908=EDGE_LOOP('',(#4040,#4041,#4042,#4043));
#909=EDGE_LOOP('',(#4044,#4045,#4046,#4047));
#910=EDGE_LOOP('',(#4048,#4049,#4050,#4051));
#911=EDGE_LOOP('',(#4052,#4053,#4054,#4055));
#912=EDGE_LOOP('',(#4056,#4057,#4058,#4059));
#913=EDGE_LOOP('',(#4060,#4061,#4062,#4063));
#914=EDGE_LOOP('',(#4064,#4065,#4066,#4067));
#915=EDGE_LOOP('',(#4068,#4069,#4070,#4071));
#916=EDGE_LOOP('',(#4072,#4073,#4074,#4075));
#917=EDGE_LOOP('',(#4076,#4077,#4078,#4079));
#918=EDGE_LOOP('',(#4080,#4081,#4082,#4083));
#919=EDGE_LOOP('',(#4084,#4085,#4086,#4087));
#920=EDGE_LOOP('',(#4088));
#921=EDGE_LOOP('',(#4089,#4090,#4091,#4092));
#922=EDGE_LOOP('',(#4093));
#923=EDGE_LOOP('',(#4094,#4095,#4096,#4097));
#924=EDGE_LOOP('',(#4098));
#925=EDGE_LOOP('',(#4099,#4100,#4101,#4102));
#926=EDGE_LOOP('',(#4103));
#927=EDGE_LOOP('',(#4104));
#928=EDGE_LOOP('',(#4105));
#929=EDGE_LOOP('',(#4106,#4107,#4108,#4109));
#930=EDGE_LOOP('',(#4110,#4111,#4112,#4113));
#931=EDGE_LOOP('',(#4114,#4115,#4116,#4117));
#932=EDGE_LOOP('',(#4118,#4119,#4120,#4121));
#933=EDGE_LOOP('',(#4122,#4123,#4124,#4125));
#934=EDGE_LOOP('',(#4126,#4127,#4128,#4129));
#935=EDGE_LOOP('',(#4130,#4131,#4132,#4133));
#936=EDGE_LOOP('',(#4134,#4135,#4136,#4137));
#937=EDGE_LOOP('',(#4138,#4139,#4140,#4141));
#938=EDGE_LOOP('',(#4142,#4143,#4144,#4145));
#939=EDGE_LOOP('',(#4146,#4147,#4148,#4149));
#940=EDGE_LOOP('',(#4150,#4151,#4152,#4153));
#941=EDGE_LOOP('',(#4154,#4155,#4156,#4157));
#942=EDGE_LOOP('',(#4158,#4159,#4160,#4161));
#943=EDGE_LOOP('',(#4162,#4163,#4164,#4165));
#944=EDGE_LOOP('',(#4166,#4167,#4168,#4169));
#945=EDGE_LOOP('',(#4170,#4171,#4172,#4173));
#946=EDGE_LOOP('',(#4174,#4175,#4176,#4177));
#947=EDGE_LOOP('',(#4178,#4179,#4180,#4181));
#948=EDGE_LOOP('',(#4182,#4183,#4184,#4185,#4186,#4187,#4188));
#949=EDGE_LOOP('',(#4189));
#950=EDGE_LOOP('',(#4190,#4191,#4192,#4193,#4194,#4195,#4196));
#951=EDGE_LOOP('',(#4197,#4198,#4199,#4200));
#952=EDGE_LOOP('',(#4201,#4202,#4203,#4204));
#953=EDGE_LOOP('',(#4205,#4206,#4207,#4208));
#954=EDGE_LOOP('',(#4209,#4210,#4211,#4212));
#955=EDGE_LOOP('',(#4213,#4214,#4215,#4216));
#956=EDGE_LOOP('',(#4217,#4218,#4219,#4220));
#957=EDGE_LOOP('',(#4221));
#958=EDGE_LOOP('',(#4222,#4223,#4224,#4225));
#959=EDGE_LOOP('',(#4226,#4227,#4228,#4229));
#960=EDGE_LOOP('',(#4230,#4231,#4232,#4233));
#961=EDGE_LOOP('',(#4234,#4235,#4236,#4237));
#962=EDGE_LOOP('',(#4238,#4239,#4240,#4241));
#963=EDGE_LOOP('',(#4242,#4243,#4244,#4245));
#964=EDGE_LOOP('',(#4246,#4247,#4248,#4249));
#965=EDGE_LOOP('',(#4250,#4251,#4252,#4253));
#966=EDGE_LOOP('',(#4254,#4255,#4256,#4257));
#967=EDGE_LOOP('',(#4258,#4259,#4260,#4261));
#968=EDGE_LOOP('',(#4262,#4263,#4264,#4265));
#969=EDGE_LOOP('',(#4266,#4267,#4268,#4269));
#970=EDGE_LOOP('',(#4270));
#971=EDGE_LOOP('',(#4271,#4272,#4273,#4274));
#972=EDGE_LOOP('',(#4275));
#973=EDGE_LOOP('',(#4276,#4277,#4278,#4279));
#974=EDGE_LOOP('',(#4280));
#975=EDGE_LOOP('',(#4281));
#976=EDGE_LOOP('',(#4282,#4283,#4284,#4285));
#977=EDGE_LOOP('',(#4286,#4287,#4288,#4289));
#978=EDGE_LOOP('',(#4290,#4291,#4292,#4293,#4294,#4295));
#979=EDGE_LOOP('',(#4296,#4297,#4298,#4299));
#980=EDGE_LOOP('',(#4300,#4301,#4302,#4303,#4304,#4305));
#981=EDGE_LOOP('',(#4306,#4307,#4308,#4309));
#982=EDGE_LOOP('',(#4310,#4311,#4312,#4313));
#983=EDGE_LOOP('',(#4314,#4315,#4316,#4317));
#984=EDGE_LOOP('',(#4318,#4319,#4320,#4321));
#985=EDGE_LOOP('',(#4322,#4323,#4324,#4325));
#986=EDGE_LOOP('',(#4326,#4327,#4328,#4329));
#987=EDGE_LOOP('',(#4330,#4331,#4332,#4333));
#988=EDGE_LOOP('',(#4334,#4335,#4336,#4337));
#989=EDGE_LOOP('',(#4338,#4339,#4340,#4341));
#990=EDGE_LOOP('',(#4342,#4343,#4344,#4345));
#991=EDGE_LOOP('',(#4346,#4347,#4348,#4349));
#992=EDGE_LOOP('',(#4350));
#993=EDGE_LOOP('',(#4351,#4352,#4353,#4354));
#994=EDGE_LOOP('',(#4355));
#995=EDGE_LOOP('',(#4356,#4357,#4358,#4359));
#996=EDGE_LOOP('',(#4360,#4361,#4362,#4363));
#997=EDGE_LOOP('',(#4364,#4365,#4366,#4367));
#998=EDGE_LOOP('',(#4368,#4369,#4370,#4371));
#999=EDGE_LOOP('',(#4372,#4373,#4374,#4375));
#1000=EDGE_LOOP('',(#4376,#4377,#4378,#4379,#4380,#4381,#4382,#4383,#4384,
#4385,#4386,#4387,#4388,#4389,#4390,#4391,#4392));
#1001=EDGE_LOOP('',(#4393));
#1002=EDGE_LOOP('',(#4394));
#1003=EDGE_LOOP('',(#4395));
#1004=EDGE_LOOP('',(#4396,#4397,#4398,#4399,#4400,#4401));
#1005=EDGE_LOOP('',(#4402,#4403,#4404,#4405,#4406,#4407,#4408,#4409,#4410));
#1006=EDGE_LOOP('',(#4411,#4412,#4413,#4414));
#1007=EDGE_LOOP('',(#4415,#4416,#4417,#4418));
#1008=EDGE_LOOP('',(#4419,#4420,#4421,#4422));
#1009=EDGE_LOOP('',(#4423));
#1010=EDGE_LOOP('',(#4424,#4425,#4426,#4427));
#1011=EDGE_LOOP('',(#4428,#4429,#4430,#4431));
#1012=EDGE_LOOP('',(#4432,#4433,#4434,#4435));
#1013=EDGE_LOOP('',(#4436,#4437,#4438,#4439));
#1014=EDGE_LOOP('',(#4440,#4441,#4442,#4443));
#1015=EDGE_LOOP('',(#4444,#4445,#4446,#4447));
#1016=EDGE_LOOP('',(#4448,#4449,#4450,#4451));
#1017=EDGE_LOOP('',(#4452,#4453,#4454,#4455,#4456,#4457,#4458,#4459,#4460,
#4461,#4462,#4463,#4464,#4465,#4466,#4467,#4468,#4469,#4470,#4471,#4472));
#1018=EDGE_LOOP('',(#4473));
#1019=EDGE_LOOP('',(#4474));
#1020=EDGE_LOOP('',(#4475,#4476,#4477,#4478));
#1021=EDGE_LOOP('',(#4479));
#1022=EDGE_LOOP('',(#4480,#4481,#4482,#4483));
#1023=EDGE_LOOP('',(#4484));
#1024=EDGE_LOOP('',(#4485,#4486,#4487,#4488));
#1025=EDGE_LOOP('',(#4489,#4490,#4491,#4492));
#1026=EDGE_LOOP('',(#4493));
#1027=EDGE_LOOP('',(#4494));
#1028=EDGE_LOOP('',(#4495));
#1029=EDGE_LOOP('',(#4496));
#1030=EDGE_LOOP('',(#4497));
#1031=EDGE_LOOP('',(#4498,#4499,#4500,#4501));
#1032=EDGE_LOOP('',(#4502,#4503,#4504,#4505,#4506,#4507));
#1033=EDGE_LOOP('',(#4508,#4509,#4510,#4511));
#1034=EDGE_LOOP('',(#4512,#4513,#4514,#4515,#4516,#4517));
#1035=EDGE_LOOP('',(#4518));
#1036=EDGE_LOOP('',(#4519,#4520,#4521,#4522));
#1037=EDGE_LOOP('',(#4523,#4524,#4525,#4526));
#1038=EDGE_LOOP('',(#4527,#4528,#4529,#4530,#4531,#4532));
#1039=EDGE_LOOP('',(#4533,#4534,#4535,#4536));
#1040=EDGE_LOOP('',(#4537,#4538,#4539,#4540));
#1041=EDGE_LOOP('',(#4541,#4542,#4543,#4544));
#1042=EDGE_LOOP('',(#4545,#4546,#4547,#4548,#4549,#4550,#4551));
#1043=EDGE_LOOP('',(#4552,#4553,#4554,#4555));
#1044=EDGE_LOOP('',(#4556,#4557,#4558,#4559,#4560,#4561,#4562));
#1045=EDGE_LOOP('',(#4563,#4564,#4565,#4566,#4567,#4568));
#1046=EDGE_LOOP('',(#4569,#4570,#4571,#4572));
#1047=EDGE_LOOP('',(#4573));
#1048=EDGE_LOOP('',(#4574,#4575,#4576,#4577));
#1049=EDGE_LOOP('',(#4578));
#1050=EDGE_LOOP('',(#4579,#4580,#4581,#4582));
#1051=EDGE_LOOP('',(#4583));
#1052=EDGE_LOOP('',(#4584,#4585,#4586,#4587));
#1053=EDGE_LOOP('',(#4588));
#1054=EDGE_LOOP('',(#4589,#4590,#4591,#4592,#4593,#4594));
#1055=EDGE_LOOP('',(#4595,#4596,#4597,#4598,#4599));
#1056=EDGE_LOOP('',(#4600,#4601,#4602,#4603,#4604,#4605,#4606,#4607));
#1057=EDGE_LOOP('',(#4608,#4609,#4610,#4611));
#1058=EDGE_LOOP('',(#4612));
#1059=EDGE_LOOP('',(#4613,#4614,#4615,#4616));
#1060=EDGE_LOOP('',(#4617));
#1061=EDGE_LOOP('',(#4618,#4619,#4620,#4621));
#1062=EDGE_LOOP('',(#4622,#4623,#4624,#4625));
#1063=EDGE_LOOP('',(#4626,#4627,#4628,#4629));
#1064=EDGE_LOOP('',(#4630,#4631,#4632,#4633));
#1065=EDGE_LOOP('',(#4634,#4635,#4636,#4637));
#1066=EDGE_LOOP('',(#4638,#4639,#4640,#4641));
#1067=EDGE_LOOP('',(#4642,#4643,#4644,#4645));
#1068=EDGE_LOOP('',(#4646,#4647,#4648,#4649));
#1069=EDGE_LOOP('',(#4650,#4651,#4652,#4653));
#1070=EDGE_LOOP('',(#4654,#4655,#4656,#4657));
#1071=EDGE_LOOP('',(#4658,#4659,#4660,#4661));
#1072=EDGE_LOOP('',(#4662,#4663,#4664,#4665,#4666,#4667,#4668,#4669));
#1073=EDGE_LOOP('',(#4670));
#1074=EDGE_LOOP('',(#4671));
#1075=EDGE_LOOP('',(#4672));
#1076=EDGE_LOOP('',(#4673,#4674,#4675,#4676,#4677,#4678,#4679,#4680));
#1077=EDGE_LOOP('',(#4681));
#1078=EDGE_LOOP('',(#4682));
#1079=EDGE_LOOP('',(#4683));
#1080=EDGE_LOOP('',(#4684));
#1081=EDGE_LOOP('',(#4685));
#1082=LINE('',#7190,#1569);
#1083=LINE('',#7204,#1570);
#1084=LINE('',#7224,#1571);
#1085=LINE('',#7246,#1572);
#1086=LINE('',#7255,#1573);
#1087=LINE('',#7257,#1574);
#1088=LINE('',#7259,#1575);
#1089=LINE('',#7261,#1576);
#1090=LINE('',#7262,#1577);
#1091=LINE('',#7265,#1578);
#1092=LINE('',#7267,#1579);
#1093=LINE('',#7268,#1580);
#1094=LINE('',#7272,#1581);
#1095=LINE('',#7273,#1582);
#1096=LINE('',#7275,#1583);
#1097=LINE('',#7276,#1584);
#1098=LINE('',#7278,#1585);
#1099=LINE('',#7279,#1586);
#1100=LINE('',#7286,#1587);
#1101=LINE('',#7288,#1588);
#1102=LINE('',#7290,#1589);
#1103=LINE('',#7291,#1590);
#1104=LINE('',#7295,#1591);
#1105=LINE('',#7296,#1592);
#1106=LINE('',#7298,#1593);
#1107=LINE('',#7299,#1594);
#1108=LINE('',#7302,#1595);
#1109=LINE('',#7304,#1596);
#1110=LINE('',#7305,#1597);
#1111=LINE('',#7308,#1598);
#1112=LINE('',#7309,#1599);
#1113=LINE('',#7310,#1600);
#1114=LINE('',#7317,#1601);
#1115=LINE('',#7321,#1602);
#1116=LINE('',#7325,#1603);
#1117=LINE('',#7327,#1604);
#1118=LINE('',#7328,#1605);
#1119=LINE('',#7336,#1606);
#1120=LINE('',#7339,#1607);
#1121=LINE('',#7341,#1608);
#1122=LINE('',#7342,#1609);
#1123=LINE('',#7351,#1610);
#1124=LINE('',#7355,#1611);
#1125=LINE('',#7359,#1612);
#1126=LINE('',#7363,#1613);
#1127=LINE('',#7367,#1614);
#1128=LINE('',#7371,#1615);
#1129=LINE('',#7375,#1616);
#1130=LINE('',#7379,#1617);
#1131=LINE('',#7394,#1618);
#1132=LINE('',#7398,#1619);
#1133=LINE('',#7402,#1620);
#1134=LINE('',#7406,#1621);
#1135=LINE('',#7410,#1622);
#1136=LINE('',#7414,#1623);
#1137=LINE('',#7418,#1624);
#1138=LINE('',#7422,#1625);
#1139=LINE('',#7435,#1626);
#1140=LINE('',#7436,#1627);
#1141=LINE('',#7438,#1628);
#1142=LINE('',#7439,#1629);
#1143=LINE('',#7442,#1630);
#1144=LINE('',#7443,#1631);
#1145=LINE('',#7445,#1632);
#1146=LINE('',#7446,#1633);
#1147=LINE('',#7449,#1634);
#1148=LINE('',#7450,#1635);
#1149=LINE('',#7452,#1636);
#1150=LINE('',#7453,#1637);
#1151=LINE('',#7456,#1638);
#1152=LINE('',#7457,#1639);
#1153=LINE('',#7459,#1640);
#1154=LINE('',#7460,#1641);
#1155=LINE('',#7467,#1642);
#1156=LINE('',#7469,#1643);
#1157=LINE('',#7471,#1644);
#1158=LINE('',#7473,#1645);
#1159=LINE('',#7475,#1646);
#1160=LINE('',#7482,#1647);
#1161=LINE('',#7488,#1648);
#1162=LINE('',#7494,#1649);
#1163=LINE('',#7500,#1650);
#1164=LINE('',#7507,#1651);
#1165=LINE('',#7510,#1652);
#1166=LINE('',#7513,#1653);
#1167=LINE('',#7517,#1654);
#1168=LINE('',#7521,#1655);
#1169=LINE('',#7524,#1656);
#1170=LINE('',#7527,#1657);
#1171=LINE('',#7528,#1658);
#1172=LINE('',#7532,#1659);
#1173=LINE('',#7535,#1660);
#1174=LINE('',#7538,#1661);
#1175=LINE('',#7541,#1662);
#1176=LINE('',#7542,#1663);
#1177=LINE('',#7545,#1664);
#1178=LINE('',#7548,#1665);
#1179=LINE('',#7550,#1666);
#1180=LINE('',#7556,#1667);
#1181=LINE('',#7558,#1668);
#1182=LINE('',#7560,#1669);
#1183=LINE('',#7561,#1670);
#1184=LINE('',#7564,#1671);
#1185=LINE('',#7566,#1672);
#1186=LINE('',#7567,#1673);
#1187=LINE('',#7570,#1674);
#1188=LINE('',#7572,#1675);
#1189=LINE('',#7573,#1676);
#1190=LINE('',#7575,#1677);
#1191=LINE('',#7576,#1678);
#1192=LINE('',#7581,#1679);
#1193=LINE('',#7583,#1680);
#1194=LINE('',#7585,#1681);
#1195=LINE('',#7586,#1682);
#1196=LINE('',#7589,#1683);
#1197=LINE('',#7591,#1684);
#1198=LINE('',#7592,#1685);
#1199=LINE('',#7595,#1686);
#1200=LINE('',#7597,#1687);
#1201=LINE('',#7598,#1688);
#1202=LINE('',#7600,#1689);
#1203=LINE('',#7601,#1690);
#1204=LINE('',#7607,#1691);
#1205=LINE('',#7614,#1692);
#1206=LINE('',#7620,#1693);
#1207=LINE('',#7622,#1694);
#1208=LINE('',#7624,#1695);
#1209=LINE('',#7625,#1696);
#1210=LINE('',#7629,#1697);
#1211=LINE('',#7630,#1698);
#1212=LINE('',#7631,#1699);
#1213=LINE('',#7635,#1700);
#1214=LINE('',#7636,#1701);
#1215=LINE('',#7637,#1702);
#1216=LINE('',#7641,#1703);
#1217=LINE('',#7642,#1704);
#1218=LINE('',#7643,#1705);
#1219=LINE('',#7646,#1706);
#1220=LINE('',#7647,#1707);
#1221=LINE('',#7650,#1708);
#1222=LINE('',#7651,#1709);
#1223=LINE('',#7653,#1710);
#1224=LINE('',#7659,#1711);
#1225=LINE('',#7661,#1712);
#1226=LINE('',#7663,#1713);
#1227=LINE('',#7664,#1714);
#1228=LINE('',#7667,#1715);
#1229=LINE('',#7669,#1716);
#1230=LINE('',#7670,#1717);
#1231=LINE('',#7673,#1718);
#1232=LINE('',#7675,#1719);
#1233=LINE('',#7676,#1720);
#1234=LINE('',#7678,#1721);
#1235=LINE('',#7679,#1722);
#1236=LINE('',#7684,#1723);
#1237=LINE('',#7686,#1724);
#1238=LINE('',#7688,#1725);
#1239=LINE('',#7689,#1726);
#1240=LINE('',#7692,#1727);
#1241=LINE('',#7694,#1728);
#1242=LINE('',#7695,#1729);
#1243=LINE('',#7698,#1730);
#1244=LINE('',#7700,#1731);
#1245=LINE('',#7701,#1732);
#1246=LINE('',#7703,#1733);
#1247=LINE('',#7704,#1734);
#1248=LINE('',#7710,#1735);
#1249=LINE('',#7717,#1736);
#1250=LINE('',#7723,#1737);
#1251=LINE('',#7725,#1738);
#1252=LINE('',#7727,#1739);
#1253=LINE('',#7728,#1740);
#1254=LINE('',#7732,#1741);
#1255=LINE('',#7733,#1742);
#1256=LINE('',#7734,#1743);
#1257=LINE('',#7738,#1744);
#1258=LINE('',#7739,#1745);
#1259=LINE('',#7740,#1746);
#1260=LINE('',#7744,#1747);
#1261=LINE('',#7745,#1748);
#1262=LINE('',#7746,#1749);
#1263=LINE('',#7749,#1750);
#1264=LINE('',#7750,#1751);
#1265=LINE('',#7753,#1752);
#1266=LINE('',#7754,#1753);
#1267=LINE('',#7756,#1754);
#1268=LINE('',#7763,#1755);
#1269=LINE('',#7777,#1756);
#1270=LINE('',#7783,#1757);
#1271=LINE('',#7812,#1758);
#1272=LINE('',#7815,#1759);
#1273=LINE('',#7818,#1760);
#1274=LINE('',#7820,#1761);
#1275=LINE('',#7821,#1762);
#1276=LINE('',#7824,#1763);
#1277=LINE('',#7826,#1764);
#1278=LINE('',#7827,#1765);
#1279=LINE('',#7832,#1766);
#1280=LINE('',#7834,#1767);
#1281=LINE('',#7835,#1768);
#1282=LINE('',#7838,#1769);
#1283=LINE('',#7840,#1770);
#1284=LINE('',#7842,#1771);
#1285=LINE('',#7847,#1772);
#1286=LINE('',#7848,#1773);
#1287=LINE('',#7849,#1774);
#1288=LINE('',#7852,#1775);
#1289=LINE('',#7854,#1776);
#1290=LINE('',#7855,#1777);
#1291=LINE('',#7858,#1778);
#1292=LINE('',#7862,#1779);
#1293=LINE('',#7863,#1780);
#1294=LINE('',#7867,#1781);
#1295=LINE('',#7868,#1782);
#1296=LINE('',#7869,#1783);
#1297=LINE('',#7872,#1784);
#1298=LINE('',#7873,#1785);
#1299=LINE('',#7876,#1786);
#1300=LINE('',#7877,#1787);
#1301=LINE('',#7879,#1788);
#1302=LINE('',#7886,#1789);
#1303=LINE('',#7893,#1790);
#1304=LINE('',#7899,#1791);
#1305=LINE('',#7901,#1792);
#1306=LINE('',#7903,#1793);
#1307=LINE('',#7904,#1794);
#1308=LINE('',#7907,#1795);
#1309=LINE('',#7909,#1796);
#1310=LINE('',#7910,#1797);
#1311=LINE('',#7913,#1798);
#1312=LINE('',#7915,#1799);
#1313=LINE('',#7916,#1800);
#1314=LINE('',#7918,#1801);
#1315=LINE('',#7919,#1802);
#1316=LINE('',#7926,#1803);
#1317=LINE('',#7928,#1804);
#1318=LINE('',#7930,#1805);
#1319=LINE('',#7931,#1806);
#1320=LINE('',#7934,#1807);
#1321=LINE('',#7936,#1808);
#1322=LINE('',#7937,#1809);
#1323=LINE('',#7940,#1810);
#1324=LINE('',#7942,#1811);
#1325=LINE('',#7943,#1812);
#1326=LINE('',#7945,#1813);
#1327=LINE('',#7946,#1814);
#1328=LINE('',#7951,#1815);
#1329=LINE('',#7953,#1816);
#1330=LINE('',#7955,#1817);
#1331=LINE('',#7956,#1818);
#1332=LINE('',#7959,#1819);
#1333=LINE('',#7961,#1820);
#1334=LINE('',#7962,#1821);
#1335=LINE('',#7965,#1822);
#1336=LINE('',#7967,#1823);
#1337=LINE('',#7968,#1824);
#1338=LINE('',#7970,#1825);
#1339=LINE('',#7971,#1826);
#1340=LINE('',#7976,#1827);
#1341=LINE('',#7978,#1828);
#1342=LINE('',#7980,#1829);
#1343=LINE('',#7981,#1830);
#1344=LINE('',#7984,#1831);
#1345=LINE('',#7986,#1832);
#1346=LINE('',#7987,#1833);
#1347=LINE('',#7990,#1834);
#1348=LINE('',#7992,#1835);
#1349=LINE('',#7993,#1836);
#1350=LINE('',#7995,#1837);
#1351=LINE('',#7996,#1838);
#1352=LINE('',#8002,#1839);
#1353=LINE('',#8009,#1840);
#1354=LINE('',#8016,#1841);
#1355=LINE('',#8022,#1842);
#1356=LINE('',#8024,#1843);
#1357=LINE('',#8026,#1844);
#1358=LINE('',#8027,#1845);
#1359=LINE('',#8031,#1846);
#1360=LINE('',#8032,#1847);
#1361=LINE('',#8033,#1848);
#1362=LINE('',#8036,#1849);
#1363=LINE('',#8037,#1850);
#1364=LINE('',#8040,#1851);
#1365=LINE('',#8041,#1852);
#1366=LINE('',#8043,#1853);
#1367=LINE('',#8047,#1854);
#1368=LINE('',#8048,#1855);
#1369=LINE('',#8049,#1856);
#1370=LINE('',#8052,#1857);
#1371=LINE('',#8053,#1858);
#1372=LINE('',#8056,#1859);
#1373=LINE('',#8057,#1860);
#1374=LINE('',#8059,#1861);
#1375=LINE('',#8065,#1862);
#1376=LINE('',#8067,#1863);
#1377=LINE('',#8069,#1864);
#1378=LINE('',#8070,#1865);
#1379=LINE('',#8073,#1866);
#1380=LINE('',#8075,#1867);
#1381=LINE('',#8076,#1868);
#1382=LINE('',#8079,#1869);
#1383=LINE('',#8081,#1870);
#1384=LINE('',#8082,#1871);
#1385=LINE('',#8085,#1872);
#1386=LINE('',#8087,#1873);
#1387=LINE('',#8088,#1874);
#1388=LINE('',#8091,#1875);
#1389=LINE('',#8093,#1876);
#1390=LINE('',#8094,#1877);
#1391=LINE('',#8097,#1878);
#1392=LINE('',#8099,#1879);
#1393=LINE('',#8100,#1880);
#1394=LINE('',#8102,#1881);
#1395=LINE('',#8103,#1882);
#1396=LINE('',#8111,#1883);
#1397=LINE('',#8115,#1884);
#1398=LINE('',#8117,#1885);
#1399=LINE('',#8119,#1886);
#1400=LINE('',#8120,#1887);
#1401=LINE('',#8123,#1888);
#1402=LINE('',#8125,#1889);
#1403=LINE('',#8126,#1890);
#1404=LINE('',#8129,#1891);
#1405=LINE('',#8131,#1892);
#1406=LINE('',#8132,#1893);
#1407=LINE('',#8134,#1894);
#1408=LINE('',#8135,#1895);
#1409=LINE('',#8142,#1896);
#1410=LINE('',#8144,#1897);
#1411=LINE('',#8146,#1898);
#1412=LINE('',#8147,#1899);
#1413=LINE('',#8150,#1900);
#1414=LINE('',#8152,#1901);
#1415=LINE('',#8153,#1902);
#1416=LINE('',#8156,#1903);
#1417=LINE('',#8158,#1904);
#1418=LINE('',#8159,#1905);
#1419=LINE('',#8161,#1906);
#1420=LINE('',#8162,#1907);
#1421=LINE('',#8167,#1908);
#1422=LINE('',#8169,#1909);
#1423=LINE('',#8171,#1910);
#1424=LINE('',#8172,#1911);
#1425=LINE('',#8175,#1912);
#1426=LINE('',#8177,#1913);
#1427=LINE('',#8178,#1914);
#1428=LINE('',#8181,#1915);
#1429=LINE('',#8183,#1916);
#1430=LINE('',#8184,#1917);
#1431=LINE('',#8186,#1918);
#1432=LINE('',#8187,#1919);
#1433=LINE('',#8193,#1920);
#1434=LINE('',#8200,#1921);
#1435=LINE('',#8206,#1922);
#1436=LINE('',#8208,#1923);
#1437=LINE('',#8210,#1924);
#1438=LINE('',#8211,#1925);
#1439=LINE('',#8215,#1926);
#1440=LINE('',#8216,#1927);
#1441=LINE('',#8217,#1928);
#1442=LINE('',#8221,#1929);
#1443=LINE('',#8222,#1930);
#1444=LINE('',#8223,#1931);
#1445=LINE('',#8227,#1932);
#1446=LINE('',#8228,#1933);
#1447=LINE('',#8229,#1934);
#1448=LINE('',#8232,#1935);
#1449=LINE('',#8233,#1936);
#1450=LINE('',#8236,#1937);
#1451=LINE('',#8237,#1938);
#1452=LINE('',#8239,#1939);
#1453=LINE('',#8245,#1940);
#1454=LINE('',#8247,#1941);
#1455=LINE('',#8249,#1942);
#1456=LINE('',#8250,#1943);
#1457=LINE('',#8253,#1944);
#1458=LINE('',#8255,#1945);
#1459=LINE('',#8256,#1946);
#1460=LINE('',#8259,#1947);
#1461=LINE('',#8261,#1948);
#1462=LINE('',#8262,#1949);
#1463=LINE('',#8264,#1950);
#1464=LINE('',#8265,#1951);
#1465=LINE('',#8283,#1952);
#1466=LINE('',#8290,#1953);
#1467=LINE('',#8298,#1954);
#1468=LINE('',#8301,#1955);
#1469=LINE('',#8304,#1956);
#1470=LINE('',#8306,#1957);
#1471=LINE('',#8307,#1958);
#1472=LINE('',#8310,#1959);
#1473=LINE('',#8312,#1960);
#1474=LINE('',#8313,#1961);
#1475=LINE('',#8319,#1962);
#1476=LINE('',#8322,#1963);
#1477=LINE('',#8325,#1964);
#1478=LINE('',#8327,#1965);
#1479=LINE('',#8328,#1966);
#1480=LINE('',#8333,#1967);
#1481=LINE('',#8336,#1968);
#1482=LINE('',#8340,#1969);
#1483=LINE('',#8342,#1970);
#1484=LINE('',#8344,#1971);
#1485=LINE('',#8346,#1972);
#1486=LINE('',#8350,#1973);
#1487=LINE('',#8351,#1974);
#1488=LINE('',#8360,#1975);
#1489=LINE('',#8368,#1976);
#1490=LINE('',#8370,#1977);
#1491=LINE('',#8372,#1978);
#1492=LINE('',#8376,#1979);
#1493=LINE('',#8379,#1980);
#1494=LINE('',#8384,#1981);
#1495=LINE('',#8388,#1982);
#1496=LINE('',#8390,#1983);
#1497=LINE('',#8391,#1984);
#1498=LINE('',#8394,#1985);
#1499=LINE('',#8395,#1986);
#1500=LINE('',#8398,#1987);
#1501=LINE('',#8399,#1988);
#1502=LINE('',#8402,#1989);
#1503=LINE('',#8403,#1990);
#1504=LINE('',#8407,#1991);
#1505=LINE('',#8410,#1992);
#1506=LINE('',#8411,#1993);
#1507=LINE('',#8416,#1994);
#1508=LINE('',#8417,#1995);
#1509=LINE('',#8422,#1996);
#1510=LINE('',#8426,#1997);
#1511=LINE('',#8430,#1998);
#1512=LINE('',#8433,#1999);
#1513=LINE('',#8436,#2000);
#1514=LINE('',#8441,#2001);
#1515=LINE('',#8448,#2002);
#1516=LINE('',#8449,#2003);
#1517=LINE('',#8452,#2004);
#1518=LINE('',#8453,#2005);
#1519=LINE('',#8467,#2006);
#1520=LINE('',#8470,#2007);
#1521=LINE('',#8471,#2008);
#1522=LINE('',#8474,#2009);
#1523=LINE('',#8478,#2010);
#1524=LINE('',#8479,#2011);
#1525=LINE('',#8483,#2012);
#1526=LINE('',#8485,#2013);
#1527=LINE('',#8488,#2014);
#1528=LINE('',#8490,#2015);
#1529=LINE('',#8491,#2016);
#1530=LINE('',#8494,#2017);
#1531=LINE('',#8496,#2018);
#1532=LINE('',#8497,#2019);
#1533=LINE('',#8500,#2020);
#1534=LINE('',#8501,#2021);
#1535=LINE('',#8505,#2022);
#1536=LINE('',#8508,#2023);
#1537=LINE('',#8512,#2024);
#1538=LINE('',#8513,#2025);
#1539=LINE('',#8515,#2026);
#1540=LINE('',#8518,#2027);
#1541=LINE('',#8529,#2028);
#1542=LINE('',#8531,#2029);
#1543=LINE('',#8535,#2030);
#1544=LINE('',#8540,#2031);
#1545=LINE('',#8545,#2032);
#1546=LINE('',#8550,#2033);
#1547=LINE('',#8554,#2034);
#1548=LINE('',#8561,#2035);
#1549=LINE('',#8568,#2036);
#1550=LINE('',#8575,#2037);
#1551=LINE('',#8581,#2038);
#1552=LINE('',#8587,#2039);
#1553=LINE('',#8594,#2040);
#1554=LINE('',#8597,#2041);
#1555=LINE('',#8600,#2042);
#1556=LINE('',#8602,#2043);
#1557=LINE('',#8603,#2044);
#1558=LINE('',#8609,#2045);
#1559=LINE('',#8612,#2046);
#1560=LINE('',#8614,#2047);
#1561=LINE('',#8615,#2048);
#1562=LINE('',#8621,#2049);
#1563=LINE('',#8624,#2050);
#1564=LINE('',#8626,#2051);
#1565=LINE('',#8627,#2052);
#1566=LINE('',#8633,#2053);
#1567=LINE('',#8635,#2054);
#1568=LINE('',#8636,#2055);
#1569=VECTOR('',#5707,25.5);
#1570=VECTOR('',#5724,17.75);
#1571=VECTOR('',#5751,20.5);
#1572=VECTOR('',#5780,18.928463886204);
#1573=VECTOR('',#5791,10.);
#1574=VECTOR('',#5792,10.);
#1575=VECTOR('',#5793,10.);
#1576=VECTOR('',#5794,10.);
#1577=VECTOR('',#5795,10.);
#1578=VECTOR('',#5798,10.);
#1579=VECTOR('',#5799,10.);
#1580=VECTOR('',#5800,10.);
#1581=VECTOR('',#5803,10.);
#1582=VECTOR('',#5804,10.);
#1583=VECTOR('',#5805,10.);
#1584=VECTOR('',#5806,10.);
#1585=VECTOR('',#5809,10.);
#1586=VECTOR('',#5810,10.);
#1587=VECTOR('',#5819,10.);
#1588=VECTOR('',#5820,10.);
#1589=VECTOR('',#5821,10.);
#1590=VECTOR('',#5822,10.);
#1591=VECTOR('',#5825,10.);
#1592=VECTOR('',#5826,10.);
#1593=VECTOR('',#5827,10.);
#1594=VECTOR('',#5828,10.);
#1595=VECTOR('',#5831,10.);
#1596=VECTOR('',#5832,10.);
#1597=VECTOR('',#5833,10.);
#1598=VECTOR('',#5836,10.);
#1599=VECTOR('',#5837,10.);
#1600=VECTOR('',#5838,10.);
#1601=VECTOR('',#5847,10.);
#1602=VECTOR('',#5850,10.);
#1603=VECTOR('',#5855,10.);
#1604=VECTOR('',#5856,10.);
#1605=VECTOR('',#5857,10.);
#1606=VECTOR('',#5868,10.);
#1607=VECTOR('',#5871,10.);
#1608=VECTOR('',#5872,10.);
#1609=VECTOR('',#5873,10.);
#1610=VECTOR('',#5886,10.);
#1611=VECTOR('',#5889,10.);
#1612=VECTOR('',#5892,10.);
#1613=VECTOR('',#5895,10.);
#1614=VECTOR('',#5898,10.);
#1615=VECTOR('',#5901,10.);
#1616=VECTOR('',#5904,10.);
#1617=VECTOR('',#5907,10.);
#1618=VECTOR('',#5922,10.);
#1619=VECTOR('',#5925,10.);
#1620=VECTOR('',#5928,10.);
#1621=VECTOR('',#5931,10.);
#1622=VECTOR('',#5934,10.);
#1623=VECTOR('',#5937,10.);
#1624=VECTOR('',#5940,10.);
#1625=VECTOR('',#5943,10.);
#1626=VECTOR('',#5958,10.);
#1627=VECTOR('',#5959,10.);
#1628=VECTOR('',#5962,10.);
#1629=VECTOR('',#5963,10.);
#1630=VECTOR('',#5968,10.);
#1631=VECTOR('',#5969,10.);
#1632=VECTOR('',#5972,10.);
#1633=VECTOR('',#5973,10.);
#1634=VECTOR('',#5978,10.);
#1635=VECTOR('',#5979,10.);
#1636=VECTOR('',#5982,10.);
#1637=VECTOR('',#5983,10.);
#1638=VECTOR('',#5988,10.);
#1639=VECTOR('',#5989,10.);
#1640=VECTOR('',#5992,10.);
#1641=VECTOR('',#5993,10.);
#1642=VECTOR('',#6006,2.1);
#1643=VECTOR('',#6009,2.1);
#1644=VECTOR('',#6012,2.1);
#1645=VECTOR('',#6015,2.1);
#1646=VECTOR('',#6018,27.);
#1647=VECTOR('',#6027,1.25);
#1648=VECTOR('',#6034,1.25);
#1649=VECTOR('',#6041,1.25);
#1650=VECTOR('',#6048,1.25);
#1651=VECTOR('',#6055,10.);
#1652=VECTOR('',#6058,10.);
#1653=VECTOR('',#6061,10.);
#1654=VECTOR('',#6064,10.);
#1655=VECTOR('',#6067,10.);
#1656=VECTOR('',#6070,10.);
#1657=VECTOR('',#6073,10.);
#1658=VECTOR('',#6074,10.);
#1659=VECTOR('',#6079,10.);
#1660=VECTOR('',#6082,10.);
#1661=VECTOR('',#6085,10.);
#1662=VECTOR('',#6088,10.);
#1663=VECTOR('',#6089,10.);
#1664=VECTOR('',#6092,10.);
#1665=VECTOR('',#6097,10.);
#1666=VECTOR('',#6100,10.);
#1667=VECTOR('',#6107,10.);
#1668=VECTOR('',#6108,10.);
#1669=VECTOR('',#6109,10.);
#1670=VECTOR('',#6110,10.);
#1671=VECTOR('',#6113,10.);
#1672=VECTOR('',#6114,10.);
#1673=VECTOR('',#6115,10.);
#1674=VECTOR('',#6118,10.);
#1675=VECTOR('',#6119,10.);
#1676=VECTOR('',#6120,10.);
#1677=VECTOR('',#6123,10.);
#1678=VECTOR('',#6124,10.);
#1679=VECTOR('',#6129,10.);
#1680=VECTOR('',#6130,10.);
#1681=VECTOR('',#6131,10.);
#1682=VECTOR('',#6132,10.);
#1683=VECTOR('',#6135,10.);
#1684=VECTOR('',#6136,10.);
#1685=VECTOR('',#6137,10.);
#1686=VECTOR('',#6140,10.);
#1687=VECTOR('',#6141,10.);
#1688=VECTOR('',#6142,10.);
#1689=VECTOR('',#6145,10.);
#1690=VECTOR('',#6146,10.);
#1691=VECTOR('',#6153,1.35);
#1692=VECTOR('',#6162,1.35);
#1693=VECTOR('',#6169,10.);
#1694=VECTOR('',#6170,10.);
#1695=VECTOR('',#6171,10.);
#1696=VECTOR('',#6172,10.);
#1697=VECTOR('',#6175,10.);
#1698=VECTOR('',#6176,10.);
#1699=VECTOR('',#6177,10.);
#1700=VECTOR('',#6180,10.);
#1701=VECTOR('',#6181,10.);
#1702=VECTOR('',#6182,10.);
#1703=VECTOR('',#6185,10.);
#1704=VECTOR('',#6186,10.);
#1705=VECTOR('',#6187,10.);
#1706=VECTOR('',#6190,10.);
#1707=VECTOR('',#6191,10.);
#1708=VECTOR('',#6194,10.);
#1709=VECTOR('',#6195,10.);
#1710=VECTOR('',#6198,10.);
#1711=VECTOR('',#6205,10.);
#1712=VECTOR('',#6206,10.);
#1713=VECTOR('',#6207,10.);
#1714=VECTOR('',#6208,10.);
#1715=VECTOR('',#6211,10.);
#1716=VECTOR('',#6212,10.);
#1717=VECTOR('',#6213,10.);
#1718=VECTOR('',#6216,10.);
#1719=VECTOR('',#6217,10.);
#1720=VECTOR('',#6218,10.);
#1721=VECTOR('',#6221,10.);
#1722=VECTOR('',#6222,10.);
#1723=VECTOR('',#6227,10.);
#1724=VECTOR('',#6228,10.);
#1725=VECTOR('',#6229,10.);
#1726=VECTOR('',#6230,10.);
#1727=VECTOR('',#6233,10.);
#1728=VECTOR('',#6234,10.);
#1729=VECTOR('',#6235,10.);
#1730=VECTOR('',#6238,10.);
#1731=VECTOR('',#6239,10.);
#1732=VECTOR('',#6240,10.);
#1733=VECTOR('',#6243,10.);
#1734=VECTOR('',#6244,10.);
#1735=VECTOR('',#6251,1.35);
#1736=VECTOR('',#6260,1.35);
#1737=VECTOR('',#6267,10.);
#1738=VECTOR('',#6268,10.);
#1739=VECTOR('',#6269,10.);
#1740=VECTOR('',#6270,10.);
#1741=VECTOR('',#6273,10.);
#1742=VECTOR('',#6274,10.);
#1743=VECTOR('',#6275,10.);
#1744=VECTOR('',#6278,10.);
#1745=VECTOR('',#6279,10.);
#1746=VECTOR('',#6280,10.);
#1747=VECTOR('',#6283,10.);
#1748=VECTOR('',#6284,10.);
#1749=VECTOR('',#6285,10.);
#1750=VECTOR('',#6288,10.);
#1751=VECTOR('',#6289,10.);
#1752=VECTOR('',#6292,10.);
#1753=VECTOR('',#6293,10.);
#1754=VECTOR('',#6296,10.);
#1755=VECTOR('',#6305,4.125);
#1756=VECTOR('',#6324,0.75);
#1757=VECTOR('',#6331,3.2);
#1758=VECTOR('',#6338,10.);
#1759=VECTOR('',#6341,10.);
#1760=VECTOR('',#6344,10.);
#1761=VECTOR('',#6345,10.);
#1762=VECTOR('',#6346,10.);
#1763=VECTOR('',#6349,10.);
#1764=VECTOR('',#6350,10.);
#1765=VECTOR('',#6351,10.);
#1766=VECTOR('',#6356,10.);
#1767=VECTOR('',#6357,10.);
#1768=VECTOR('',#6358,10.);
#1769=VECTOR('',#6361,10.);
#1770=VECTOR('',#6362,10.);
#1771=VECTOR('',#6363,10.);
#1772=VECTOR('',#6368,10.);
#1773=VECTOR('',#6369,10.);
#1774=VECTOR('',#6370,10.);
#1775=VECTOR('',#6373,10.);
#1776=VECTOR('',#6374,10.);
#1777=VECTOR('',#6375,10.);
#1778=VECTOR('',#6378,10.);
#1779=VECTOR('',#6383,10.);
#1780=VECTOR('',#6384,10.);
#1781=VECTOR('',#6387,10.);
#1782=VECTOR('',#6388,10.);
#1783=VECTOR('',#6389,10.);
#1784=VECTOR('',#6392,10.);
#1785=VECTOR('',#6393,10.);
#1786=VECTOR('',#6396,10.);
#1787=VECTOR('',#6397,10.);
#1788=VECTOR('',#6400,10.);
#1789=VECTOR('',#6409,1.785);
#1790=VECTOR('',#6418,2.52);
#1791=VECTOR('',#6425,10.);
#1792=VECTOR('',#6426,10.);
#1793=VECTOR('',#6427,10.);
#1794=VECTOR('',#6428,10.);
#1795=VECTOR('',#6431,10.);
#1796=VECTOR('',#6432,10.);
#1797=VECTOR('',#6433,10.);
#1798=VECTOR('',#6436,10.);
#1799=VECTOR('',#6437,10.);
#1800=VECTOR('',#6438,10.);
#1801=VECTOR('',#6441,10.);
#1802=VECTOR('',#6442,10.);
#1803=VECTOR('',#6451,10.);
#1804=VECTOR('',#6452,10.);
#1805=VECTOR('',#6453,10.);
#1806=VECTOR('',#6454,10.);
#1807=VECTOR('',#6457,10.);
#1808=VECTOR('',#6458,10.);
#1809=VECTOR('',#6459,10.);
#1810=VECTOR('',#6462,10.);
#1811=VECTOR('',#6463,10.);
#1812=VECTOR('',#6464,10.);
#1813=VECTOR('',#6467,10.);
#1814=VECTOR('',#6468,10.);
#1815=VECTOR('',#6473,10.);
#1816=VECTOR('',#6474,10.);
#1817=VECTOR('',#6475,10.);
#1818=VECTOR('',#6476,10.);
#1819=VECTOR('',#6479,10.);
#1820=VECTOR('',#6480,10.);
#1821=VECTOR('',#6481,10.);
#1822=VECTOR('',#6484,10.);
#1823=VECTOR('',#6485,10.);
#1824=VECTOR('',#6486,10.);
#1825=VECTOR('',#6489,10.);
#1826=VECTOR('',#6490,10.);
#1827=VECTOR('',#6495,10.);
#1828=VECTOR('',#6496,10.);
#1829=VECTOR('',#6497,10.);
#1830=VECTOR('',#6498,10.);
#1831=VECTOR('',#6501,10.);
#1832=VECTOR('',#6502,10.);
#1833=VECTOR('',#6503,10.);
#1834=VECTOR('',#6506,10.);
#1835=VECTOR('',#6507,10.);
#1836=VECTOR('',#6508,10.);
#1837=VECTOR('',#6511,10.);
#1838=VECTOR('',#6512,10.);
#1839=VECTOR('',#6519,1.41);
#1840=VECTOR('',#6528,1.41);
#1841=VECTOR('',#6537,1.41);
#1842=VECTOR('',#6544,10.);
#1843=VECTOR('',#6545,10.);
#1844=VECTOR('',#6546,10.);
#1845=VECTOR('',#6547,10.);
#1846=VECTOR('',#6550,10.);
#1847=VECTOR('',#6551,10.);
#1848=VECTOR('',#6552,10.);
#1849=VECTOR('',#6555,10.);
#1850=VECTOR('',#6556,10.);
#1851=VECTOR('',#6559,10.);
#1852=VECTOR('',#6560,10.);
#1853=VECTOR('',#6563,10.);
#1854=VECTOR('',#6566,10.);
#1855=VECTOR('',#6567,10.);
#1856=VECTOR('',#6568,10.);
#1857=VECTOR('',#6571,10.);
#1858=VECTOR('',#6572,10.);
#1859=VECTOR('',#6575,10.);
#1860=VECTOR('',#6576,10.);
#1861=VECTOR('',#6579,10.);
#1862=VECTOR('',#6586,10.);
#1863=VECTOR('',#6587,10.);
#1864=VECTOR('',#6588,10.);
#1865=VECTOR('',#6589,10.);
#1866=VECTOR('',#6592,10.);
#1867=VECTOR('',#6593,10.);
#1868=VECTOR('',#6594,10.);
#1869=VECTOR('',#6597,10.);
#1870=VECTOR('',#6598,10.);
#1871=VECTOR('',#6599,10.);
#1872=VECTOR('',#6602,10.);
#1873=VECTOR('',#6603,10.);
#1874=VECTOR('',#6604,10.);
#1875=VECTOR('',#6607,10.);
#1876=VECTOR('',#6608,10.);
#1877=VECTOR('',#6609,10.);
#1878=VECTOR('',#6612,10.);
#1879=VECTOR('',#6613,10.);
#1880=VECTOR('',#6614,10.);
#1881=VECTOR('',#6617,10.);
#1882=VECTOR('',#6618,10.);
#1883=VECTOR('',#6629,4.11);
#1884=VECTOR('',#6632,10.);
#1885=VECTOR('',#6633,10.);
#1886=VECTOR('',#6634,10.);
#1887=VECTOR('',#6635,10.);
#1888=VECTOR('',#6638,10.);
#1889=VECTOR('',#6639,10.);
#1890=VECTOR('',#6640,10.);
#1891=VECTOR('',#6643,10.);
#1892=VECTOR('',#6644,10.);
#1893=VECTOR('',#6645,10.);
#1894=VECTOR('',#6648,10.);
#1895=VECTOR('',#6649,10.);
#1896=VECTOR('',#6658,10.);
#1897=VECTOR('',#6659,10.);
#1898=VECTOR('',#6660,10.);
#1899=VECTOR('',#6661,10.);
#1900=VECTOR('',#6664,10.);
#1901=VECTOR('',#6665,10.);
#1902=VECTOR('',#6666,10.);
#1903=VECTOR('',#6669,10.);
#1904=VECTOR('',#6670,10.);
#1905=VECTOR('',#6671,10.);
#1906=VECTOR('',#6674,10.);
#1907=VECTOR('',#6675,10.);
#1908=VECTOR('',#6680,10.);
#1909=VECTOR('',#6681,10.);
#1910=VECTOR('',#6682,10.);
#1911=VECTOR('',#6683,10.);
#1912=VECTOR('',#6686,10.);
#1913=VECTOR('',#6687,10.);
#1914=VECTOR('',#6688,10.);
#1915=VECTOR('',#6691,10.);
#1916=VECTOR('',#6692,10.);
#1917=VECTOR('',#6693,10.);
#1918=VECTOR('',#6696,10.);
#1919=VECTOR('',#6697,10.);
#1920=VECTOR('',#6704,1.35);
#1921=VECTOR('',#6713,1.35);
#1922=VECTOR('',#6720,10.);
#1923=VECTOR('',#6721,10.);
#1924=VECTOR('',#6722,10.);
#1925=VECTOR('',#6723,10.);
#1926=VECTOR('',#6726,10.);
#1927=VECTOR('',#6727,10.);
#1928=VECTOR('',#6728,10.);
#1929=VECTOR('',#6731,10.);
#1930=VECTOR('',#6732,10.);
#1931=VECTOR('',#6733,10.);
#1932=VECTOR('',#6736,10.);
#1933=VECTOR('',#6737,10.);
#1934=VECTOR('',#6738,10.);
#1935=VECTOR('',#6741,10.);
#1936=VECTOR('',#6742,10.);
#1937=VECTOR('',#6745,10.);
#1938=VECTOR('',#6746,10.);
#1939=VECTOR('',#6749,10.);
#1940=VECTOR('',#6756,10.);
#1941=VECTOR('',#6757,10.);
#1942=VECTOR('',#6758,10.);
#1943=VECTOR('',#6759,10.);
#1944=VECTOR('',#6762,10.);
#1945=VECTOR('',#6763,10.);
#1946=VECTOR('',#6764,10.);
#1947=VECTOR('',#6767,10.);
#1948=VECTOR('',#6768,10.);
#1949=VECTOR('',#6769,10.);
#1950=VECTOR('',#6772,10.);
#1951=VECTOR('',#6773,10.);
#1952=VECTOR('',#6804,2.5);
#1953=VECTOR('',#6813,2.5);
#1954=VECTOR('',#6822,10.);
#1955=VECTOR('',#6825,10.);
#1956=VECTOR('',#6828,10.);
#1957=VECTOR('',#6829,10.);
#1958=VECTOR('',#6830,10.);
#1959=VECTOR('',#6833,10.);
#1960=VECTOR('',#6834,10.);
#1961=VECTOR('',#6835,10.);
#1962=VECTOR('',#6840,10.);
#1963=VECTOR('',#6843,10.);
#1964=VECTOR('',#6846,10.);
#1965=VECTOR('',#6847,10.);
#1966=VECTOR('',#6848,10.);
#1967=VECTOR('',#6853,10.);
#1968=VECTOR('',#6856,10.);
#1969=VECTOR('',#6859,10.);
#1970=VECTOR('',#6860,10.);
#1971=VECTOR('',#6861,10.);
#1972=VECTOR('',#6862,10.);
#1973=VECTOR('',#6865,10.);
#1974=VECTOR('',#6866,10.);
#1975=VECTOR('',#6875,4.);
#1976=VECTOR('',#6884,10.);
#1977=VECTOR('',#6885,10.);
#1978=VECTOR('',#6886,10.);
#1979=VECTOR('',#6889,10.);
#1980=VECTOR('',#6892,10.);
#1981=VECTOR('',#6897,4.);
#1982=VECTOR('',#6902,10.);
#1983=VECTOR('',#6903,10.);
#1984=VECTOR('',#6904,10.);
#1985=VECTOR('',#6907,10.);
#1986=VECTOR('',#6908,10.);
#1987=VECTOR('',#6911,10.);
#1988=VECTOR('',#6912,10.);
#1989=VECTOR('',#6915,10.);
#1990=VECTOR('',#6916,10.);
#1991=VECTOR('',#6921,10.);
#1992=VECTOR('',#6924,10.);
#1993=VECTOR('',#6925,10.);
#1994=VECTOR('',#6932,10.);
#1995=VECTOR('',#6933,10.);
#1996=VECTOR('',#6940,10.);
#1997=VECTOR('',#6943,10.);
#1998=VECTOR('',#6946,10.);
#1999=VECTOR('',#6949,10.);
#2000=VECTOR('',#6952,1.5);
#2001=VECTOR('',#6959,1.5);
#2002=VECTOR('',#6968,10.);
#2003=VECTOR('',#6969,10.);
#2004=VECTOR('',#6972,10.);
#2005=VECTOR('',#6973,10.);
#2006=VECTOR('',#6988,10.);
#2007=VECTOR('',#6991,10.);
#2008=VECTOR('',#6992,10.);
#2009=VECTOR('',#6995,10.);
#2010=VECTOR('',#7000,10.);
#2011=VECTOR('',#7001,10.);
#2012=VECTOR('',#7006,10.);
#2013=VECTOR('',#7009,10.);
#2014=VECTOR('',#7012,10.);
#2015=VECTOR('',#7013,10.);
#2016=VECTOR('',#7014,10.);
#2017=VECTOR('',#7017,10.);
#2018=VECTOR('',#7018,10.);
#2019=VECTOR('',#7019,10.);
#2020=VECTOR('',#7022,10.);
#2021=VECTOR('',#7023,10.);
#2022=VECTOR('',#7028,10.);
#2023=VECTOR('',#7031,10.);
#2024=VECTOR('',#7034,10.);
#2025=VECTOR('',#7035,10.);
#2026=VECTOR('',#7038,10.);
#2027=VECTOR('',#7041,10.);
#2028=VECTOR('',#7042,10.);
#2029=VECTOR('',#7045,10.);
#2030=VECTOR('',#7050,1.5);
#2031=VECTOR('',#7057,1.5);
#2032=VECTOR('',#7064,1.5);
#2033=VECTOR('',#7071,1.5);
#2034=VECTOR('',#7078,27.);
#2035=VECTOR('',#7087,2.5);
#2036=VECTOR('',#7096,2.5);
#2037=VECTOR('',#7105,1.5);
#2038=VECTOR('',#7112,1.5);
#2039=VECTOR('',#7119,4.);
#2040=VECTOR('',#7126,10.);
#2041=VECTOR('',#7129,10.);
#2042=VECTOR('',#7132,10.);
#2043=VECTOR('',#7133,10.);
#2044=VECTOR('',#7134,10.);
#2045=VECTOR('',#7141,10.);
#2046=VECTOR('',#7144,10.);
#2047=VECTOR('',#7145,10.);
#2048=VECTOR('',#7146,10.);
#2049=VECTOR('',#7153,10.);
#2050=VECTOR('',#7156,10.);
#2051=VECTOR('',#7157,10.);
#2052=VECTOR('',#7158,10.);
#2053=VECTOR('',#7165,10.);
#2054=VECTOR('',#7168,10.);
#2055=VECTOR('',#7169,10.);
#2056=CIRCLE('',#5201,25.5);
#2057=CIRCLE('',#5202,25.5);
#2058=CIRCLE('',#5203,25.5);
#2059=CIRCLE('',#5204,25.5);
#2060=CIRCLE('',#5206,15.75);
#2061=CIRCLE('',#5207,2.);
#2062=CIRCLE('',#5208,17.75);
#2063=CIRCLE('',#5209,17.75);
#2064=CIRCLE('',#5211,17.75);
#2065=CIRCLE('',#5212,17.75);
#2066=CIRCLE('',#5215,1.);
#2067=CIRCLE('',#5216,18.75);
#2068=CIRCLE('',#5218,19.);
#2069=CIRCLE('',#5220,1.5);
#2070=CIRCLE('',#5221,20.5);
#2071=CIRCLE('',#5222,20.5);
#2072=CIRCLE('',#5224,20.5);
#2073=CIRCLE('',#5225,20.5);
#2074=CIRCLE('',#5227,22.);
#2075=CIRCLE('',#5228,1.5);
#2076=CIRCLE('',#5230,24.);
#2077=CIRCLE('',#5232,1.5);
#2078=CIRCLE('',#5234,17.5);
#2079=CIRCLE('',#5235,17.5);
#2080=CIRCLE('',#5236,44.);
#2081=CIRCLE('',#5238,20.356927772408);
#2082=CIRCLE('',#5239,20.356927772408);
#2083=CIRCLE('',#5241,3.5);
#2084=CIRCLE('',#5248,23.5);
#2085=CIRCLE('',#5255,23.5);
#2086=CIRCLE('',#5257,32.5);
#2087=CIRCLE('',#5258,23.5);
#2088=CIRCLE('',#5261,23.5);
#2089=CIRCLE('',#5262,23.5);
#2090=CIRCLE('',#5263,23.5);
#2091=CIRCLE('',#5264,23.5);
#2092=CIRCLE('',#5267,32.5);
#2093=CIRCLE('',#5268,32.5);
#2094=CIRCLE('',#5272,5.5);
#2095=CIRCLE('',#5273,32.15);
#2096=CIRCLE('',#5274,5.5);
#2097=CIRCLE('',#5275,32.15);
#2098=CIRCLE('',#5276,5.5);
#2099=CIRCLE('',#5277,32.15);
#2100=CIRCLE('',#5278,5.5);
#2101=CIRCLE('',#5279,32.15);
#2102=CIRCLE('',#5280,27.);
#2103=CIRCLE('',#5281,2.1);
#2104=CIRCLE('',#5282,2.1);
#2105=CIRCLE('',#5283,2.1);
#2106=CIRCLE('',#5284,2.1);
#2107=CIRCLE('',#5286,5.5);
#2108=CIRCLE('',#5287,32.15);
#2109=CIRCLE('',#5288,5.5);
#2110=CIRCLE('',#5289,32.15);
#2111=CIRCLE('',#5290,5.5);
#2112=CIRCLE('',#5291,32.15);
#2113=CIRCLE('',#5292,5.5);
#2114=CIRCLE('',#5293,32.15);
#2115=CIRCLE('',#5294,27.);
#2116=CIRCLE('',#5295,2.1);
#2117=CIRCLE('',#5296,2.1);
#2118=CIRCLE('',#5297,2.1);
#2119=CIRCLE('',#5298,2.1);
#2120=CIRCLE('',#5323,1.25);
#2121=CIRCLE('',#5324,1.25);
#2122=CIRCLE('',#5326,1.25);
#2123=CIRCLE('',#5327,1.25);
#2124=CIRCLE('',#5329,1.25);
#2125=CIRCLE('',#5330,1.25);
#2126=CIRCLE('',#5332,1.25);
#2127=CIRCLE('',#5333,1.25);
#2128=CIRCLE('',#5335,2.5);
#2129=CIRCLE('',#5336,2.5);
#2130=CIRCLE('',#5338,2.5);
#2131=CIRCLE('',#5339,2.5);
#2132=CIRCLE('',#5340,2.5);
#2133=CIRCLE('',#5343,2.5);
#2134=CIRCLE('',#5345,2.5);
#2135=CIRCLE('',#5348,2.5);
#2136=CIRCLE('',#5364,1.35);
#2137=CIRCLE('',#5365,1.35);
#2138=CIRCLE('',#5368,1.35);
#2139=CIRCLE('',#5369,1.35);
#2140=CIRCLE('',#5391,1.35);
#2141=CIRCLE('',#5392,1.35);
#2142=CIRCLE('',#5395,1.35);
#2143=CIRCLE('',#5396,1.35);
#2144=CIRCLE('',#5408,4.125);
#2145=CIRCLE('',#5409,4.125);
#2146=CIRCLE('',#5414,0.75);
#2147=CIRCLE('',#5415,0.75);
#2148=CIRCLE('',#5416,0.75);
#2149=CIRCLE('',#5418,0.75);
#2150=CIRCLE('',#5420,3.2);
#2151=CIRCLE('',#5421,3.2);
#2152=CIRCLE('',#5424,3.);
#2153=CIRCLE('',#5428,3.9);
#2154=CIRCLE('',#5430,3.9);
#2155=CIRCLE('',#5434,3.9);
#2156=CIRCLE('',#5443,1.785);
#2157=CIRCLE('',#5444,1.785);
#2158=CIRCLE('',#5447,2.52);
#2159=CIRCLE('',#5448,2.52);
#2160=CIRCLE('',#5473,1.41);
#2161=CIRCLE('',#5474,1.41);
#2162=CIRCLE('',#5477,1.41);
#2163=CIRCLE('',#5478,1.41);
#2164=CIRCLE('',#5481,1.41);
#2165=CIRCLE('',#5482,1.41);
#2166=CIRCLE('',#5504,3.345);
#2167=CIRCLE('',#5506,4.11);
#2168=CIRCLE('',#5525,1.35);
#2169=CIRCLE('',#5526,1.35);
#2170=CIRCLE('',#5529,1.35);
#2171=CIRCLE('',#5530,1.35);
#2172=CIRCLE('',#5559,2.5);
#2173=CIRCLE('',#5560,2.5);
#2174=CIRCLE('',#5563,2.5);
#2175=CIRCLE('',#5564,2.5);
#2176=CIRCLE('',#5567,5.);
#2177=CIRCLE('',#5568,5.);
#2178=CIRCLE('',#5572,5.);
#2179=CIRCLE('',#5573,5.);
#2180=CIRCLE('',#5576,20.);
#2181=CIRCLE('',#5577,20.);
#2182=CIRCLE('',#5578,23.3588768363685);
#2183=CIRCLE('',#5579,25.);
#2184=CIRCLE('',#5580,1.5);
#2185=CIRCLE('',#5581,1.5);
#2186=CIRCLE('',#5582,4.);
#2187=CIRCLE('',#5591,4.);
#2188=CIRCLE('',#5592,4.);
#2189=CIRCLE('',#5598,20.);
#2190=CIRCLE('',#5601,20.);
#2191=CIRCLE('',#5604,23.3588768363685);
#2192=CIRCLE('',#5606,25.);
#2193=CIRCLE('',#5607,25.);
#2194=CIRCLE('',#5608,25.);
#2195=CIRCLE('',#5610,1.5);
#2196=CIRCLE('',#5613,1.5);
#2197=CIRCLE('',#5616,25.);
#2198=CIRCLE('',#5618,1.5);
#2199=CIRCLE('',#5619,1.5);
#2200=CIRCLE('',#5620,1.5);
#2201=CIRCLE('',#5621,1.5);
#2202=CIRCLE('',#5622,27.);
#2203=CIRCLE('',#5624,25.);
#2204=CIRCLE('',#5627,25.);
#2205=CIRCLE('',#5630,25.);
#2206=CIRCLE('',#5636,25.);
#2207=CIRCLE('',#5638,25.);
#2208=CIRCLE('',#5642,27.);
#2209=CIRCLE('',#5644,1.5);
#2210=CIRCLE('',#5647,1.5);
#2211=CIRCLE('',#5650,1.5);
#2212=CIRCLE('',#5653,1.5);
#2213=CIRCLE('',#5659,2.5);
#2214=CIRCLE('',#5660,2.5);
#2215=CIRCLE('',#5663,2.5);
#2216=CIRCLE('',#5664,2.5);
#2217=CIRCLE('',#5667,1.5);
#2218=CIRCLE('',#5668,1.5);
#2219=CIRCLE('',#5670,1.5);
#2220=CIRCLE('',#5671,1.5);
#2221=CIRCLE('',#5673,4.);
#2222=CIRCLE('',#5674,4.);
#2223=CIRCLE('',#5676,25.);
#2224=CIRCLE('',#5677,25.);
#2225=CIRCLE('',#5680,25.);
#2226=CIRCLE('',#5681,25.);
#2227=CIRCLE('',#5684,25.);
#2228=CIRCLE('',#5685,25.);
#2229=CIRCLE('',#5688,25.);
#2230=CIRCLE('',#5689,25.);
#2231=VERTEX_POINT('',#7185);
#2232=VERTEX_POINT('',#7186);
#2233=VERTEX_POINT('',#7189);
#2234=VERTEX_POINT('',#7191);
#2235=VERTEX_POINT('',#7195);
#2236=VERTEX_POINT('',#7197);
#2237=VERTEX_POINT('',#7199);
#2238=VERTEX_POINT('',#7203);
#2239=VERTEX_POINT('',#7205);
#2240=VERTEX_POINT('',#7210);
#2241=VERTEX_POINT('',#7214);
#2242=VERTEX_POINT('',#7217);
#2243=VERTEX_POINT('',#7219);
#2244=VERTEX_POINT('',#7223);
#2245=VERTEX_POINT('',#7225);
#2246=VERTEX_POINT('',#7229);
#2247=VERTEX_POINT('',#7233);
#2248=VERTEX_POINT('',#7238);
#2249=VERTEX_POINT('',#7239);
#2250=VERTEX_POINT('',#7242);
#2251=VERTEX_POINT('',#7245);
#2252=VERTEX_POINT('',#7247);
#2253=VERTEX_POINT('',#7253);
#2254=VERTEX_POINT('',#7254);
#2255=VERTEX_POINT('',#7256);
#2256=VERTEX_POINT('',#7258);
#2257=VERTEX_POINT('',#7260);
#2258=VERTEX_POINT('',#7264);
#2259=VERTEX_POINT('',#7266);
#2260=VERTEX_POINT('',#7270);
#2261=VERTEX_POINT('',#7271);
#2262=VERTEX_POINT('',#7274);
#2263=VERTEX_POINT('',#7284);
#2264=VERTEX_POINT('',#7285);
#2265=VERTEX_POINT('',#7287);
#2266=VERTEX_POINT('',#7289);
#2267=VERTEX_POINT('',#7293);
#2268=VERTEX_POINT('',#7294);
#2269=VERTEX_POINT('',#7297);
#2270=VERTEX_POINT('',#7301);
#2271=VERTEX_POINT('',#7303);
#2272=VERTEX_POINT('',#7307);
#2273=VERTEX_POINT('',#7315);
#2274=VERTEX_POINT('',#7316);
#2275=VERTEX_POINT('',#7318);
#2276=VERTEX_POINT('',#7320);
#2277=VERTEX_POINT('',#7324);
#2278=VERTEX_POINT('',#7326);
#2279=VERTEX_POINT('',#7330);
#2280=VERTEX_POINT('',#7334);
#2281=VERTEX_POINT('',#7338);
#2282=VERTEX_POINT('',#7340);
#2283=VERTEX_POINT('',#7349);
#2284=VERTEX_POINT('',#7350);
#2285=VERTEX_POINT('',#7352);
#2286=VERTEX_POINT('',#7354);
#2287=VERTEX_POINT('',#7356);
#2288=VERTEX_POINT('',#7358);
#2289=VERTEX_POINT('',#7360);
#2290=VERTEX_POINT('',#7362);
#2291=VERTEX_POINT('',#7364);
#2292=VERTEX_POINT('',#7366);
#2293=VERTEX_POINT('',#7368);
#2294=VERTEX_POINT('',#7370);
#2295=VERTEX_POINT('',#7372);
#2296=VERTEX_POINT('',#7374);
#2297=VERTEX_POINT('',#7376);
#2298=VERTEX_POINT('',#7378);
#2299=VERTEX_POINT('',#7381);
#2300=VERTEX_POINT('',#7383);
#2301=VERTEX_POINT('',#7385);
#2302=VERTEX_POINT('',#7387);
#2303=VERTEX_POINT('',#7389);
#2304=VERTEX_POINT('',#7392);
#2305=VERTEX_POINT('',#7393);
#2306=VERTEX_POINT('',#7395);
#2307=VERTEX_POINT('',#7397);
#2308=VERTEX_POINT('',#7399);
#2309=VERTEX_POINT('',#7401);
#2310=VERTEX_POINT('',#7403);
#2311=VERTEX_POINT('',#7405);
#2312=VERTEX_POINT('',#7407);
#2313=VERTEX_POINT('',#7409);
#2314=VERTEX_POINT('',#7411);
#2315=VERTEX_POINT('',#7413);
#2316=VERTEX_POINT('',#7415);
#2317=VERTEX_POINT('',#7417);
#2318=VERTEX_POINT('',#7419);
#2319=VERTEX_POINT('',#7421);
#2320=VERTEX_POINT('',#7424);
#2321=VERTEX_POINT('',#7426);
#2322=VERTEX_POINT('',#7428);
#2323=VERTEX_POINT('',#7430);
#2324=VERTEX_POINT('',#7432);
#2325=VERTEX_POINT('',#7479);
#2326=VERTEX_POINT('',#7481);
#2327=VERTEX_POINT('',#7485);
#2328=VERTEX_POINT('',#7487);
#2329=VERTEX_POINT('',#7491);
#2330=VERTEX_POINT('',#7493);
#2331=VERTEX_POINT('',#7497);
#2332=VERTEX_POINT('',#7499);
#2333=VERTEX_POINT('',#7503);
#2334=VERTEX_POINT('',#7504);
#2335=VERTEX_POINT('',#7506);
#2336=VERTEX_POINT('',#7508);
#2337=VERTEX_POINT('',#7512);
#2338=VERTEX_POINT('',#7514);
#2339=VERTEX_POINT('',#7516);
#2340=VERTEX_POINT('',#7518);
#2341=VERTEX_POINT('',#7520);
#2342=VERTEX_POINT('',#7522);
#2343=VERTEX_POINT('',#7526);
#2344=VERTEX_POINT('',#7530);
#2345=VERTEX_POINT('',#7534);
#2346=VERTEX_POINT('',#7536);
#2347=VERTEX_POINT('',#7540);
#2348=VERTEX_POINT('',#7544);
#2349=VERTEX_POINT('',#7554);
#2350=VERTEX_POINT('',#7555);
#2351=VERTEX_POINT('',#7557);
#2352=VERTEX_POINT('',#7559);
#2353=VERTEX_POINT('',#7563);
#2354=VERTEX_POINT('',#7565);
#2355=VERTEX_POINT('',#7569);
#2356=VERTEX_POINT('',#7571);
#2357=VERTEX_POINT('',#7579);
#2358=VERTEX_POINT('',#7580);
#2359=VERTEX_POINT('',#7582);
#2360=VERTEX_POINT('',#7584);
#2361=VERTEX_POINT('',#7588);
#2362=VERTEX_POINT('',#7590);
#2363=VERTEX_POINT('',#7594);
#2364=VERTEX_POINT('',#7596);
#2365=VERTEX_POINT('',#7604);
#2366=VERTEX_POINT('',#7606);
#2367=VERTEX_POINT('',#7611);
#2368=VERTEX_POINT('',#7613);
#2369=VERTEX_POINT('',#7618);
#2370=VERTEX_POINT('',#7619);
#2371=VERTEX_POINT('',#7621);
#2372=VERTEX_POINT('',#7623);
#2373=VERTEX_POINT('',#7627);
#2374=VERTEX_POINT('',#7628);
#2375=VERTEX_POINT('',#7633);
#2376=VERTEX_POINT('',#7634);
#2377=VERTEX_POINT('',#7639);
#2378=VERTEX_POINT('',#7640);
#2379=VERTEX_POINT('',#7645);
#2380=VERTEX_POINT('',#7649);
#2381=VERTEX_POINT('',#7657);
#2382=VERTEX_POINT('',#7658);
#2383=VERTEX_POINT('',#7660);
#2384=VERTEX_POINT('',#7662);
#2385=VERTEX_POINT('',#7666);
#2386=VERTEX_POINT('',#7668);
#2387=VERTEX_POINT('',#7672);
#2388=VERTEX_POINT('',#7674);
#2389=VERTEX_POINT('',#7682);
#2390=VERTEX_POINT('',#7683);
#2391=VERTEX_POINT('',#7685);
#2392=VERTEX_POINT('',#7687);
#2393=VERTEX_POINT('',#7691);
#2394=VERTEX_POINT('',#7693);
#2395=VERTEX_POINT('',#7697);
#2396=VERTEX_POINT('',#7699);
#2397=VERTEX_POINT('',#7707);
#2398=VERTEX_POINT('',#7709);
#2399=VERTEX_POINT('',#7714);
#2400=VERTEX_POINT('',#7716);
#2401=VERTEX_POINT('',#7721);
#2402=VERTEX_POINT('',#7722);
#2403=VERTEX_POINT('',#7724);
#2404=VERTEX_POINT('',#7726);
#2405=VERTEX_POINT('',#7730);
#2406=VERTEX_POINT('',#7731);
#2407=VERTEX_POINT('',#7736);
#2408=VERTEX_POINT('',#7737);
#2409=VERTEX_POINT('',#7742);
#2410=VERTEX_POINT('',#7743);
#2411=VERTEX_POINT('',#7748);
#2412=VERTEX_POINT('',#7752);
#2413=VERTEX_POINT('',#7760);
#2414=VERTEX_POINT('',#7762);
#2415=VERTEX_POINT('',#7769);
#2416=VERTEX_POINT('',#7770);
#2417=VERTEX_POINT('',#7772);
#2418=VERTEX_POINT('',#7776);
#2419=VERTEX_POINT('',#7780);
#2420=VERTEX_POINT('',#7782);
#2421=VERTEX_POINT('',#7787);
#2422=VERTEX_POINT('',#7788);
#2423=VERTEX_POINT('',#7811);
#2424=VERTEX_POINT('',#7813);
#2425=VERTEX_POINT('',#7817);
#2426=VERTEX_POINT('',#7819);
#2427=VERTEX_POINT('',#7823);
#2428=VERTEX_POINT('',#7825);
#2429=VERTEX_POINT('',#7829);
#2430=VERTEX_POINT('',#7831);
#2431=VERTEX_POINT('',#7833);
#2432=VERTEX_POINT('',#7837);
#2433=VERTEX_POINT('',#7839);
#2434=VERTEX_POINT('',#7841);
#2435=VERTEX_POINT('',#7845);
#2436=VERTEX_POINT('',#7846);
#2437=VERTEX_POINT('',#7851);
#2438=VERTEX_POINT('',#7853);
#2439=VERTEX_POINT('',#7857);
#2440=VERTEX_POINT('',#7861);
#2441=VERTEX_POINT('',#7865);
#2442=VERTEX_POINT('',#7866);
#2443=VERTEX_POINT('',#7871);
#2444=VERTEX_POINT('',#7875);
#2445=VERTEX_POINT('',#7883);
#2446=VERTEX_POINT('',#7885);
#2447=VERTEX_POINT('',#7890);
#2448=VERTEX_POINT('',#7892);
#2449=VERTEX_POINT('',#7897);
#2450=VERTEX_POINT('',#7898);
#2451=VERTEX_POINT('',#7900);
#2452=VERTEX_POINT('',#7902);
#2453=VERTEX_POINT('',#7906);
#2454=VERTEX_POINT('',#7908);
#2455=VERTEX_POINT('',#7912);
#2456=VERTEX_POINT('',#7914);
#2457=VERTEX_POINT('',#7924);
#2458=VERTEX_POINT('',#7925);
#2459=VERTEX_POINT('',#7927);
#2460=VERTEX_POINT('',#7929);
#2461=VERTEX_POINT('',#7933);
#2462=VERTEX_POINT('',#7935);
#2463=VERTEX_POINT('',#7939);
#2464=VERTEX_POINT('',#7941);
#2465=VERTEX_POINT('',#7949);
#2466=VERTEX_POINT('',#7950);
#2467=VERTEX_POINT('',#7952);
#2468=VERTEX_POINT('',#7954);
#2469=VERTEX_POINT('',#7958);
#2470=VERTEX_POINT('',#7960);
#2471=VERTEX_POINT('',#7964);
#2472=VERTEX_POINT('',#7966);
#2473=VERTEX_POINT('',#7974);
#2474=VERTEX_POINT('',#7975);
#2475=VERTEX_POINT('',#7977);
#2476=VERTEX_POINT('',#7979);
#2477=VERTEX_POINT('',#7983);
#2478=VERTEX_POINT('',#7985);
#2479=VERTEX_POINT('',#7989);
#2480=VERTEX_POINT('',#7991);
#2481=VERTEX_POINT('',#7999);
#2482=VERTEX_POINT('',#8001);
#2483=VERTEX_POINT('',#8006);
#2484=VERTEX_POINT('',#8008);
#2485=VERTEX_POINT('',#8013);
#2486=VERTEX_POINT('',#8015);
#2487=VERTEX_POINT('',#8020);
#2488=VERTEX_POINT('',#8021);
#2489=VERTEX_POINT('',#8023);
#2490=VERTEX_POINT('',#8025);
#2491=VERTEX_POINT('',#8029);
#2492=VERTEX_POINT('',#8030);
#2493=VERTEX_POINT('',#8035);
#2494=VERTEX_POINT('',#8039);
#2495=VERTEX_POINT('',#8045);
#2496=VERTEX_POINT('',#8046);
#2497=VERTEX_POINT('',#8051);
#2498=VERTEX_POINT('',#8055);
#2499=VERTEX_POINT('',#8063);
#2500=VERTEX_POINT('',#8064);
#2501=VERTEX_POINT('',#8066);
#2502=VERTEX_POINT('',#8068);
#2503=VERTEX_POINT('',#8072);
#2504=VERTEX_POINT('',#8074);
#2505=VERTEX_POINT('',#8078);
#2506=VERTEX_POINT('',#8080);
#2507=VERTEX_POINT('',#8084);
#2508=VERTEX_POINT('',#8086);
#2509=VERTEX_POINT('',#8090);
#2510=VERTEX_POINT('',#8092);
#2511=VERTEX_POINT('',#8096);
#2512=VERTEX_POINT('',#8098);
#2513=VERTEX_POINT('',#8106);
#2514=VERTEX_POINT('',#8109);
#2515=VERTEX_POINT('',#8113);
#2516=VERTEX_POINT('',#8114);
#2517=VERTEX_POINT('',#8116);
#2518=VERTEX_POINT('',#8118);
#2519=VERTEX_POINT('',#8122);
#2520=VERTEX_POINT('',#8124);
#2521=VERTEX_POINT('',#8128);
#2522=VERTEX_POINT('',#8130);
#2523=VERTEX_POINT('',#8140);
#2524=VERTEX_POINT('',#8141);
#2525=VERTEX_POINT('',#8143);
#2526=VERTEX_POINT('',#8145);
#2527=VERTEX_POINT('',#8149);
#2528=VERTEX_POINT('',#8151);
#2529=VERTEX_POINT('',#8155);
#2530=VERTEX_POINT('',#8157);
#2531=VERTEX_POINT('',#8165);
#2532=VERTEX_POINT('',#8166);
#2533=VERTEX_POINT('',#8168);
#2534=VERTEX_POINT('',#8170);
#2535=VERTEX_POINT('',#8174);
#2536=VERTEX_POINT('',#8176);
#2537=VERTEX_POINT('',#8180);
#2538=VERTEX_POINT('',#8182);
#2539=VERTEX_POINT('',#8190);
#2540=VERTEX_POINT('',#8192);
#2541=VERTEX_POINT('',#8197);
#2542=VERTEX_POINT('',#8199);
#2543=VERTEX_POINT('',#8204);
#2544=VERTEX_POINT('',#8205);
#2545=VERTEX_POINT('',#8207);
#2546=VERTEX_POINT('',#8209);
#2547=VERTEX_POINT('',#8213);
#2548=VERTEX_POINT('',#8214);
#2549=VERTEX_POINT('',#8219);
#2550=VERTEX_POINT('',#8220);
#2551=VERTEX_POINT('',#8225);
#2552=VERTEX_POINT('',#8226);
#2553=VERTEX_POINT('',#8231);
#2554=VERTEX_POINT('',#8235);
#2555=VERTEX_POINT('',#8243);
#2556=VERTEX_POINT('',#8244);
#2557=VERTEX_POINT('',#8246);
#2558=VERTEX_POINT('',#8248);
#2559=VERTEX_POINT('',#8252);
#2560=VERTEX_POINT('',#8254);
#2561=VERTEX_POINT('',#8258);
#2562=VERTEX_POINT('',#8260);
#2563=VERTEX_POINT('',#8280);
#2564=VERTEX_POINT('',#8282);
#2565=VERTEX_POINT('',#8287);
#2566=VERTEX_POINT('',#8289);
#2567=VERTEX_POINT('',#8294);
#2568=VERTEX_POINT('',#8295);
#2569=VERTEX_POINT('',#8297);
#2570=VERTEX_POINT('',#8299);
#2571=VERTEX_POINT('',#8303);
#2572=VERTEX_POINT('',#8305);
#2573=VERTEX_POINT('',#8309);
#2574=VERTEX_POINT('',#8311);
#2575=VERTEX_POINT('',#8315);
#2576=VERTEX_POINT('',#8316);
#2577=VERTEX_POINT('',#8318);
#2578=VERTEX_POINT('',#8320);
#2579=VERTEX_POINT('',#8324);
#2580=VERTEX_POINT('',#8326);
#2581=VERTEX_POINT('',#8330);
#2582=VERTEX_POINT('',#8332);
#2583=VERTEX_POINT('',#8335);
#2584=VERTEX_POINT('',#8337);
#2585=VERTEX_POINT('',#8339);
#2586=VERTEX_POINT('',#8341);
#2587=VERTEX_POINT('',#8343);
#2588=VERTEX_POINT('',#8345);
#2589=VERTEX_POINT('',#8347);
#2590=VERTEX_POINT('',#8349);
#2591=VERTEX_POINT('',#8352);
#2592=VERTEX_POINT('',#8354);
#2593=VERTEX_POINT('',#8356);
#2594=VERTEX_POINT('',#8359);
#2595=VERTEX_POINT('',#8361);
#2596=VERTEX_POINT('',#8363);
#2597=VERTEX_POINT('',#8367);
#2598=VERTEX_POINT('',#8369);
#2599=VERTEX_POINT('',#8371);
#2600=VERTEX_POINT('',#8373);
#2601=VERTEX_POINT('',#8375);
#2602=VERTEX_POINT('',#8377);
#2603=VERTEX_POINT('',#8381);
#2604=VERTEX_POINT('',#8383);
#2605=VERTEX_POINT('',#8387);
#2606=VERTEX_POINT('',#8389);
#2607=VERTEX_POINT('',#8393);
#2608=VERTEX_POINT('',#8397);
#2609=VERTEX_POINT('',#8401);
#2610=VERTEX_POINT('',#8405);
#2611=VERTEX_POINT('',#8409);
#2612=VERTEX_POINT('',#8415);
#2613=VERTEX_POINT('',#8421);
#2614=VERTEX_POINT('',#8423);
#2615=VERTEX_POINT('',#8425);
#2616=VERTEX_POINT('',#8427);
#2617=VERTEX_POINT('',#8429);
#2618=VERTEX_POINT('',#8431);
#2619=VERTEX_POINT('',#8435);
#2620=VERTEX_POINT('',#8440);
#2621=VERTEX_POINT('',#8445);
#2622=VERTEX_POINT('',#8446);
#2623=VERTEX_POINT('',#8451);
#2624=VERTEX_POINT('',#8454);
#2625=VERTEX_POINT('',#8456);
#2626=VERTEX_POINT('',#8458);
#2627=VERTEX_POINT('',#8460);
#2628=VERTEX_POINT('',#8462);
#2629=VERTEX_POINT('',#8465);
#2630=VERTEX_POINT('',#8469);
#2631=VERTEX_POINT('',#8473);
#2632=VERTEX_POINT('',#8477);
#2633=VERTEX_POINT('',#8481);
#2634=VERTEX_POINT('',#8487);
#2635=VERTEX_POINT('',#8489);
#2636=VERTEX_POINT('',#8493);
#2637=VERTEX_POINT('',#8495);
#2638=VERTEX_POINT('',#8499);
#2639=VERTEX_POINT('',#8503);
#2640=VERTEX_POINT('',#8507);
#2641=VERTEX_POINT('',#8509);
#2642=VERTEX_POINT('',#8511);
#2643=VERTEX_POINT('',#8517);
#2644=VERTEX_POINT('',#8519);
#2645=VERTEX_POINT('',#8524);
#2646=VERTEX_POINT('',#8534);
#2647=VERTEX_POINT('',#8539);
#2648=VERTEX_POINT('',#8544);
#2649=VERTEX_POINT('',#8549);
#2650=VERTEX_POINT('',#8558);
#2651=VERTEX_POINT('',#8560);
#2652=VERTEX_POINT('',#8565);
#2653=VERTEX_POINT('',#8567);
#2654=VERTEX_POINT('',#8572);
#2655=VERTEX_POINT('',#8574);
#2656=VERTEX_POINT('',#8578);
#2657=VERTEX_POINT('',#8580);
#2658=VERTEX_POINT('',#8584);
#2659=VERTEX_POINT('',#8586);
#2660=VERTEX_POINT('',#8590);
#2661=VERTEX_POINT('',#8591);
#2662=VERTEX_POINT('',#8593);
#2663=VERTEX_POINT('',#8595);
#2664=VERTEX_POINT('',#8599);
#2665=VERTEX_POINT('',#8601);
#2666=VERTEX_POINT('',#8605);
#2667=VERTEX_POINT('',#8607);
#2668=VERTEX_POINT('',#8611);
#2669=VERTEX_POINT('',#8613);
#2670=VERTEX_POINT('',#8617);
#2671=VERTEX_POINT('',#8619);
#2672=VERTEX_POINT('',#8623);
#2673=VERTEX_POINT('',#8625);
#2674=VERTEX_POINT('',#8629);
#2675=VERTEX_POINT('',#8631);
#2676=EDGE_CURVE('',#2231,#2232,#2056,.T.);
#2677=EDGE_CURVE('',#2232,#2231,#2057,.T.);
#2678=EDGE_CURVE('',#2232,#2233,#1082,.T.);
#2679=EDGE_CURVE('',#2234,#2233,#2058,.T.);
#2680=EDGE_CURVE('',#2233,#2234,#2059,.T.);
#2681=EDGE_CURVE('',#2235,#2235,#2060,.T.);
#2682=EDGE_CURVE('',#2235,#2236,#2061,.T.);
#2683=EDGE_CURVE('',#2236,#2237,#2062,.T.);
#2684=EDGE_CURVE('',#2237,#2236,#2063,.T.);
#2685=EDGE_CURVE('',#2237,#2238,#1083,.T.);
#2686=EDGE_CURVE('',#2239,#2238,#2064,.T.);
#2687=EDGE_CURVE('',#2238,#2239,#2065,.T.);
#2688=EDGE_CURVE('',#2239,#2240,#2066,.T.);
#2689=EDGE_CURVE('',#2240,#2240,#2067,.T.);
#2690=EDGE_CURVE('',#2241,#2241,#2068,.T.);
#2691=EDGE_CURVE('',#2241,#2242,#2069,.T.);
#2692=EDGE_CURVE('',#2242,#2243,#2070,.T.);
#2693=EDGE_CURVE('',#2243,#2242,#2071,.T.);
#2694=EDGE_CURVE('',#2243,#2244,#1084,.T.);
#2695=EDGE_CURVE('',#2245,#2244,#2072,.T.);
#2696=EDGE_CURVE('',#2244,#2245,#2073,.T.);
#2697=EDGE_CURVE('',#2246,#2246,#2074,.T.);
#2698=EDGE_CURVE('',#2246,#2245,#2075,.T.);
#2699=EDGE_CURVE('',#2247,#2247,#2076,.T.);
#2700=EDGE_CURVE('',#2247,#2231,#2077,.T.);
#2701=EDGE_CURVE('',#2248,#2249,#2078,.T.);
#2702=EDGE_CURVE('',#2249,#2248,#2079,.T.);
#2703=EDGE_CURVE('',#2250,#2249,#2080,.T.);
#2704=EDGE_CURVE('',#2248,#2251,#1085,.T.);
#2705=EDGE_CURVE('',#2252,#2251,#2081,.T.);
#2706=EDGE_CURVE('',#2251,#2252,#2082,.T.);
#2707=EDGE_CURVE('',#2234,#2252,#2083,.T.);
#2708=EDGE_CURVE('',#2253,#2254,#1086,.T.);
#2709=EDGE_CURVE('',#2255,#2254,#1087,.T.);
#2710=EDGE_CURVE('',#2255,#2256,#1088,.T.);
#2711=EDGE_CURVE('',#2257,#2256,#1089,.T.);
#2712=EDGE_CURVE('',#2253,#2257,#1090,.T.);
#2713=EDGE_CURVE('',#2258,#2253,#1091,.T.);
#2714=EDGE_CURVE('',#2259,#2257,#1092,.T.);
#2715=EDGE_CURVE('',#2258,#2259,#1093,.T.);
#2716=EDGE_CURVE('',#2260,#2261,#1094,.T.);
#2717=EDGE_CURVE('',#2260,#2258,#1095,.T.);
#2718=EDGE_CURVE('',#2262,#2259,#1096,.T.);
#2719=EDGE_CURVE('',#2261,#2262,#1097,.T.);
#2720=EDGE_CURVE('',#2261,#2255,#1098,.T.);
#2721=EDGE_CURVE('',#2256,#2262,#1099,.T.);
#2722=EDGE_CURVE('',#2260,#2254,#2084,.T.);
#2723=EDGE_CURVE('',#2263,#2264,#1100,.T.);
#2724=EDGE_CURVE('',#2263,#2265,#1101,.T.);
#2725=EDGE_CURVE('',#2266,#2265,#1102,.T.);
#2726=EDGE_CURVE('',#2264,#2266,#1103,.T.);
#2727=EDGE_CURVE('',#2267,#2268,#1104,.T.);
#2728=EDGE_CURVE('',#2264,#2268,#1105,.T.);
#2729=EDGE_CURVE('',#2269,#2266,#1106,.T.);
#2730=EDGE_CURVE('',#2267,#2269,#1107,.T.);
#2731=EDGE_CURVE('',#2270,#2267,#1108,.T.);
#2732=EDGE_CURVE('',#2271,#2269,#1109,.T.);
#2733=EDGE_CURVE('',#2270,#2271,#1110,.T.);
#2734=EDGE_CURVE('',#2272,#2263,#1111,.T.);
#2735=EDGE_CURVE('',#2272,#2270,#1112,.T.);
#2736=EDGE_CURVE('',#2265,#2271,#1113,.T.);
#2737=EDGE_CURVE('',#2272,#2268,#2085,.T.);
#2738=EDGE_CURVE('',#2273,#2274,#1114,.T.);
#2739=EDGE_CURVE('',#2275,#2273,#2086,.T.);
#2740=EDGE_CURVE('',#2276,#2275,#1115,.T.);
#2741=EDGE_CURVE('',#2274,#2276,#2087,.T.);
#2742=EDGE_CURVE('',#2275,#2277,#1116,.T.);
#2743=EDGE_CURVE('',#2278,#2277,#1117,.T.);
#2744=EDGE_CURVE('',#2276,#2278,#1118,.T.);
#2745=EDGE_CURVE('',#2279,#2274,#2088,.T.);
#2746=EDGE_CURVE('',#2254,#2278,#2089,.T.);
#2747=EDGE_CURVE('',#2268,#2260,#2090,.T.);
#2748=EDGE_CURVE('',#2280,#2272,#2091,.T.);
#2749=EDGE_CURVE('',#2279,#2280,#1119,.T.);
#2750=EDGE_CURVE('',#2281,#2279,#1120,.T.);
#2751=EDGE_CURVE('',#2282,#2280,#1121,.T.);
#2752=EDGE_CURVE('',#2281,#2282,#1122,.T.);
#2753=EDGE_CURVE('',#2273,#2281,#2092,.T.);
#2754=EDGE_CURVE('',#2277,#2282,#2093,.T.);
#2755=EDGE_CURVE('',#2283,#2284,#1123,.T.);
#2756=EDGE_CURVE('',#2285,#2283,#2094,.T.);
#2757=EDGE_CURVE('',#2286,#2285,#1124,.T.);
#2758=EDGE_CURVE('',#2287,#2286,#2095,.T.);
#2759=EDGE_CURVE('',#2288,#2287,#1125,.T.);
#2760=EDGE_CURVE('',#2289,#2288,#2096,.T.);
#2761=EDGE_CURVE('',#2290,#2289,#1126,.T.);
#2762=EDGE_CURVE('',#2291,#2290,#2097,.T.);
#2763=EDGE_CURVE('',#2292,#2291,#1127,.T.);
#2764=EDGE_CURVE('',#2293,#2292,#2098,.T.);
#2765=EDGE_CURVE('',#2294,#2293,#1128,.T.);
#2766=EDGE_CURVE('',#2295,#2294,#2099,.T.);
#2767=EDGE_CURVE('',#2296,#2295,#1129,.T.);
#2768=EDGE_CURVE('',#2297,#2296,#2100,.T.);
#2769=EDGE_CURVE('',#2298,#2297,#1130,.T.);
#2770=EDGE_CURVE('',#2284,#2298,#2101,.T.);
#2771=EDGE_CURVE('',#2299,#2299,#2102,.T.);
#2772=EDGE_CURVE('',#2300,#2300,#2103,.T.);
#2773=EDGE_CURVE('',#2301,#2301,#2104,.T.);
#2774=EDGE_CURVE('',#2302,#2302,#2105,.T.);
#2775=EDGE_CURVE('',#2303,#2303,#2106,.T.);
#2776=EDGE_CURVE('',#2304,#2305,#1131,.T.);
#2777=EDGE_CURVE('',#2305,#2306,#2107,.T.);
#2778=EDGE_CURVE('',#2306,#2307,#1132,.T.);
#2779=EDGE_CURVE('',#2307,#2308,#2108,.T.);
#2780=EDGE_CURVE('',#2308,#2309,#1133,.T.);
#2781=EDGE_CURVE('',#2309,#2310,#2109,.T.);
#2782=EDGE_CURVE('',#2310,#2311,#1134,.T.);
#2783=EDGE_CURVE('',#2311,#2312,#2110,.T.);
#2784=EDGE_CURVE('',#2312,#2313,#1135,.T.);
#2785=EDGE_CURVE('',#2313,#2314,#2111,.T.);
#2786=EDGE_CURVE('',#2314,#2315,#1136,.T.);
#2787=EDGE_CURVE('',#2315,#2316,#2112,.T.);
#2788=EDGE_CURVE('',#2316,#2317,#1137,.T.);
#2789=EDGE_CURVE('',#2317,#2318,#2113,.T.);
#2790=EDGE_CURVE('',#2318,#2319,#1138,.T.);
#2791=EDGE_CURVE('',#2319,#2304,#2114,.T.);
#2792=EDGE_CURVE('',#2320,#2320,#2115,.T.);
#2793=EDGE_CURVE('',#2321,#2321,#2116,.T.);
#2794=EDGE_CURVE('',#2322,#2322,#2117,.T.);
#2795=EDGE_CURVE('',#2323,#2323,#2118,.T.);
#2796=EDGE_CURVE('',#2324,#2324,#2119,.T.);
#2797=EDGE_CURVE('',#2285,#2305,#1139,.T.);
#2798=EDGE_CURVE('',#2286,#2304,#1140,.T.);
#2799=EDGE_CURVE('',#2284,#2307,#1141,.T.);
#2800=EDGE_CURVE('',#2283,#2306,#1142,.T.);
#2801=EDGE_CURVE('',#2293,#2313,#1143,.T.);
#2802=EDGE_CURVE('',#2294,#2312,#1144,.T.);
#2803=EDGE_CURVE('',#2291,#2315,#1145,.T.);
#2804=EDGE_CURVE('',#2292,#2314,#1146,.T.);
#2805=EDGE_CURVE('',#2295,#2311,#1147,.T.);
#2806=EDGE_CURVE('',#2296,#2310,#1148,.T.);
#2807=EDGE_CURVE('',#2297,#2309,#1149,.T.);
#2808=EDGE_CURVE('',#2298,#2308,#1150,.T.);
#2809=EDGE_CURVE('',#2287,#2319,#1151,.T.);
#2810=EDGE_CURVE('',#2288,#2318,#1152,.T.);
#2811=EDGE_CURVE('',#2289,#2317,#1153,.T.);
#2812=EDGE_CURVE('',#2290,#2316,#1154,.T.);
#2813=EDGE_CURVE('',#2303,#2324,#1155,.T.);
#2814=EDGE_CURVE('',#2302,#2323,#1156,.T.);
#2815=EDGE_CURVE('',#2301,#2322,#1157,.T.);
#2816=EDGE_CURVE('',#2300,#2321,#1158,.T.);
#2817=EDGE_CURVE('',#2299,#2320,#1159,.T.);
#2818=EDGE_CURVE('',#2325,#2325,#2120,.T.);
#2819=EDGE_CURVE('',#2325,#2326,#1160,.T.);
#2820=EDGE_CURVE('',#2326,#2326,#2121,.T.);
#2821=EDGE_CURVE('',#2327,#2327,#2122,.T.);
#2822=EDGE_CURVE('',#2327,#2328,#1161,.T.);
#2823=EDGE_CURVE('',#2328,#2328,#2123,.T.);
#2824=EDGE_CURVE('',#2329,#2329,#2124,.T.);
#2825=EDGE_CURVE('',#2329,#2330,#1162,.T.);
#2826=EDGE_CURVE('',#2330,#2330,#2125,.T.);
#2827=EDGE_CURVE('',#2331,#2331,#2126,.T.);
#2828=EDGE_CURVE('',#2331,#2332,#1163,.T.);
#2829=EDGE_CURVE('',#2332,#2332,#2127,.T.);
#2830=EDGE_CURVE('',#2333,#2334,#2128,.T.);
#2831=EDGE_CURVE('',#2334,#2335,#1164,.T.);
#2832=EDGE_CURVE('',#2335,#2336,#2129,.T.);
#2833=EDGE_CURVE('',#2336,#2333,#1165,.T.);
#2834=EDGE_CURVE('',#2333,#2337,#1166,.T.);
#2835=EDGE_CURVE('',#2338,#2337,#2130,.T.);
#2836=EDGE_CURVE('',#2338,#2339,#1167,.T.);
#2837=EDGE_CURVE('',#2340,#2339,#2131,.T.);
#2838=EDGE_CURVE('',#2340,#2341,#1168,.T.);
#2839=EDGE_CURVE('',#2342,#2341,#2132,.T.);
#2840=EDGE_CURVE('',#2342,#2334,#1169,.T.);
#2841=EDGE_CURVE('',#2336,#2343,#1170,.T.);
#2842=EDGE_CURVE('',#2337,#2343,#1171,.T.);
#2843=EDGE_CURVE('',#2343,#2344,#2133,.T.);
#2844=EDGE_CURVE('',#2344,#2338,#1172,.T.);
#2845=EDGE_CURVE('',#2341,#2345,#1173,.T.);
#2846=EDGE_CURVE('',#2345,#2346,#2134,.T.);
#2847=EDGE_CURVE('',#2346,#2342,#1174,.T.);
#2848=EDGE_CURVE('',#2347,#2340,#1175,.T.);
#2849=EDGE_CURVE('',#2347,#2345,#1176,.T.);
#2850=EDGE_CURVE('',#2339,#2348,#1177,.T.);
#2851=EDGE_CURVE('',#2348,#2347,#2135,.T.);
#2852=EDGE_CURVE('',#2344,#2348,#1178,.T.);
#2853=EDGE_CURVE('',#2346,#2335,#1179,.T.);
#2854=EDGE_CURVE('',#2349,#2350,#1180,.T.);
#2855=EDGE_CURVE('',#2349,#2351,#1181,.T.);
#2856=EDGE_CURVE('',#2351,#2352,#1182,.T.);
#2857=EDGE_CURVE('',#2350,#2352,#1183,.T.);
#2858=EDGE_CURVE('',#2353,#2349,#1184,.T.);
#2859=EDGE_CURVE('',#2353,#2354,#1185,.T.);
#2860=EDGE_CURVE('',#2354,#2351,#1186,.T.);
#2861=EDGE_CURVE('',#2355,#2353,#1187,.T.);
#2862=EDGE_CURVE('',#2355,#2356,#1188,.T.);
#2863=EDGE_CURVE('',#2356,#2354,#1189,.T.);
#2864=EDGE_CURVE('',#2350,#2355,#1190,.T.);
#2865=EDGE_CURVE('',#2352,#2356,#1191,.T.);
#2866=EDGE_CURVE('',#2357,#2358,#1192,.T.);
#2867=EDGE_CURVE('',#2357,#2359,#1193,.T.);
#2868=EDGE_CURVE('',#2359,#2360,#1194,.T.);
#2869=EDGE_CURVE('',#2358,#2360,#1195,.T.);
#2870=EDGE_CURVE('',#2361,#2357,#1196,.T.);
#2871=EDGE_CURVE('',#2361,#2362,#1197,.T.);
#2872=EDGE_CURVE('',#2362,#2359,#1198,.T.);
#2873=EDGE_CURVE('',#2363,#2361,#1199,.T.);
#2874=EDGE_CURVE('',#2363,#2364,#1200,.T.);
#2875=EDGE_CURVE('',#2364,#2362,#1201,.T.);
#2876=EDGE_CURVE('',#2358,#2363,#1202,.T.);
#2877=EDGE_CURVE('',#2360,#2364,#1203,.T.);
#2878=EDGE_CURVE('',#2365,#2365,#2136,.T.);
#2879=EDGE_CURVE('',#2365,#2366,#1204,.T.);
#2880=EDGE_CURVE('',#2366,#2366,#2137,.T.);
#2881=EDGE_CURVE('',#2367,#2367,#2138,.T.);
#2882=EDGE_CURVE('',#2367,#2368,#1205,.T.);
#2883=EDGE_CURVE('',#2368,#2368,#2139,.T.);
#2884=EDGE_CURVE('',#2369,#2370,#1206,.T.);
#2885=EDGE_CURVE('',#2371,#2369,#1207,.T.);
#2886=EDGE_CURVE('',#2372,#2371,#1208,.T.);
#2887=EDGE_CURVE('',#2370,#2372,#1209,.T.);
#2888=EDGE_CURVE('',#2373,#2374,#1210,.T.);
#2889=EDGE_CURVE('',#2374,#2370,#1211,.T.);
#2890=EDGE_CURVE('',#2373,#2372,#1212,.T.);
#2891=EDGE_CURVE('',#2375,#2376,#1213,.T.);
#2892=EDGE_CURVE('',#2376,#2371,#1214,.T.);
#2893=EDGE_CURVE('',#2375,#2369,#1215,.T.);
#2894=EDGE_CURVE('',#2377,#2378,#1216,.T.);
#2895=EDGE_CURVE('',#2378,#2375,#1217,.T.);
#2896=EDGE_CURVE('',#2377,#2374,#1218,.T.);
#2897=EDGE_CURVE('',#2379,#2377,#1219,.T.);
#2898=EDGE_CURVE('',#2379,#2373,#1220,.T.);
#2899=EDGE_CURVE('',#2380,#2379,#1221,.T.);
#2900=EDGE_CURVE('',#2380,#2376,#1222,.T.);
#2901=EDGE_CURVE('',#2378,#2380,#1223,.T.);
#2902=EDGE_CURVE('',#2381,#2382,#1224,.T.);
#2903=EDGE_CURVE('',#2381,#2383,#1225,.T.);
#2904=EDGE_CURVE('',#2383,#2384,#1226,.T.);
#2905=EDGE_CURVE('',#2382,#2384,#1227,.T.);
#2906=EDGE_CURVE('',#2385,#2381,#1228,.T.);
#2907=EDGE_CURVE('',#2385,#2386,#1229,.T.);
#2908=EDGE_CURVE('',#2386,#2383,#1230,.T.);
#2909=EDGE_CURVE('',#2387,#2385,#1231,.T.);
#2910=EDGE_CURVE('',#2387,#2388,#1232,.T.);
#2911=EDGE_CURVE('',#2388,#2386,#1233,.T.);
#2912=EDGE_CURVE('',#2382,#2387,#1234,.T.);
#2913=EDGE_CURVE('',#2384,#2388,#1235,.T.);
#2914=EDGE_CURVE('',#2389,#2390,#1236,.T.);
#2915=EDGE_CURVE('',#2389,#2391,#1237,.T.);
#2916=EDGE_CURVE('',#2391,#2392,#1238,.T.);
#2917=EDGE_CURVE('',#2390,#2392,#1239,.T.);
#2918=EDGE_CURVE('',#2393,#2389,#1240,.T.);
#2919=EDGE_CURVE('',#2393,#2394,#1241,.T.);
#2920=EDGE_CURVE('',#2394,#2391,#1242,.T.);
#2921=EDGE_CURVE('',#2395,#2393,#1243,.T.);
#2922=EDGE_CURVE('',#2395,#2396,#1244,.T.);
#2923=EDGE_CURVE('',#2396,#2394,#1245,.T.);
#2924=EDGE_CURVE('',#2390,#2395,#1246,.T.);
#2925=EDGE_CURVE('',#2392,#2396,#1247,.T.);
#2926=EDGE_CURVE('',#2397,#2397,#2140,.T.);
#2927=EDGE_CURVE('',#2397,#2398,#1248,.T.);
#2928=EDGE_CURVE('',#2398,#2398,#2141,.T.);
#2929=EDGE_CURVE('',#2399,#2399,#2142,.T.);
#2930=EDGE_CURVE('',#2399,#2400,#1249,.T.);
#2931=EDGE_CURVE('',#2400,#2400,#2143,.T.);
#2932=EDGE_CURVE('',#2401,#2402,#1250,.T.);
#2933=EDGE_CURVE('',#2403,#2401,#1251,.T.);
#2934=EDGE_CURVE('',#2404,#2403,#1252,.T.);
#2935=EDGE_CURVE('',#2402,#2404,#1253,.T.);
#2936=EDGE_CURVE('',#2405,#2406,#1254,.T.);
#2937=EDGE_CURVE('',#2406,#2402,#1255,.T.);
#2938=EDGE_CURVE('',#2405,#2404,#1256,.T.);
#2939=EDGE_CURVE('',#2407,#2408,#1257,.T.);
#2940=EDGE_CURVE('',#2408,#2403,#1258,.T.);
#2941=EDGE_CURVE('',#2407,#2401,#1259,.T.);
#2942=EDGE_CURVE('',#2409,#2410,#1260,.T.);
#2943=EDGE_CURVE('',#2410,#2407,#1261,.T.);
#2944=EDGE_CURVE('',#2409,#2406,#1262,.T.);
#2945=EDGE_CURVE('',#2411,#2409,#1263,.T.);
#2946=EDGE_CURVE('',#2411,#2405,#1264,.T.);
#2947=EDGE_CURVE('',#2412,#2411,#1265,.T.);
#2948=EDGE_CURVE('',#2412,#2408,#1266,.T.);
#2949=EDGE_CURVE('',#2410,#2412,#1267,.T.);
#2950=EDGE_CURVE('',#2413,#2413,#2144,.T.);
#2951=EDGE_CURVE('',#2413,#2414,#1268,.T.);
#2952=EDGE_CURVE('',#2414,#2414,#2145,.T.);
#2953=EDGE_CURVE('',#2415,#2416,#2146,.T.);
#2954=EDGE_CURVE('',#2416,#2417,#2147,.T.);
#2955=EDGE_CURVE('',#2416,#2415,#2148,.T.);
#2956=EDGE_CURVE('',#2415,#2418,#1269,.T.);
#2957=EDGE_CURVE('',#2418,#2418,#2149,.T.);
#2958=EDGE_CURVE('',#2419,#2419,#2150,.T.);
#2959=EDGE_CURVE('',#2419,#2420,#1270,.T.);
#2960=EDGE_CURVE('',#2420,#2420,#2151,.T.);
#2961=EDGE_CURVE('',#2421,#2422,#71,.T.);
#2962=EDGE_CURVE('',#2423,#2421,#1271,.T.);
#2963=EDGE_CURVE('',#2424,#2423,#2152,.T.);
#2964=EDGE_CURVE('',#2424,#2422,#1272,.T.);
#2965=EDGE_CURVE('',#2425,#2421,#1273,.T.);
#2966=EDGE_CURVE('',#2426,#2425,#1274,.T.);
#2967=EDGE_CURVE('',#2426,#2423,#1275,.T.);
#2968=EDGE_CURVE('',#2422,#2427,#1276,.T.);
#2969=EDGE_CURVE('',#2424,#2428,#1277,.T.);
#2970=EDGE_CURVE('',#2427,#2428,#1278,.T.);
#2971=EDGE_CURVE('',#2429,#2425,#2153,.T.);
#2972=EDGE_CURVE('',#2430,#2429,#1279,.T.);
#2973=EDGE_CURVE('',#2430,#2431,#1280,.T.);
#2974=EDGE_CURVE('',#2431,#2426,#1281,.T.);
#2975=EDGE_CURVE('',#2428,#2432,#1282,.T.);
#2976=EDGE_CURVE('',#2432,#2433,#1283,.T.);
#2977=EDGE_CURVE('',#2434,#2433,#1284,.T.);
#2978=EDGE_CURVE('',#2427,#2434,#2154,.T.);
#2979=EDGE_CURVE('',#2435,#2436,#1285,.T.);
#2980=EDGE_CURVE('',#2435,#2432,#1286,.T.);
#2981=EDGE_CURVE('',#2436,#2431,#1287,.T.);
#2982=EDGE_CURVE('',#2429,#2437,#1288,.T.);
#2983=EDGE_CURVE('',#2437,#2438,#1289,.T.);
#2984=EDGE_CURVE('',#2438,#2430,#1290,.T.);
#2985=EDGE_CURVE('',#2439,#2434,#1291,.T.);
#2986=EDGE_CURVE('',#2439,#2437,#2155,.T.);
#2987=EDGE_CURVE('',#2433,#2440,#1292,.T.);
#2988=EDGE_CURVE('',#2440,#2439,#1293,.T.);
#2989=EDGE_CURVE('',#2441,#2442,#1294,.T.);
#2990=EDGE_CURVE('',#2441,#2440,#1295,.T.);
#2991=EDGE_CURVE('',#2442,#2435,#1296,.T.);
#2992=EDGE_CURVE('',#2442,#2443,#1297,.T.);
#2993=EDGE_CURVE('',#2443,#2436,#1298,.T.);
#2994=EDGE_CURVE('',#2443,#2444,#1299,.T.);
#2995=EDGE_CURVE('',#2444,#2438,#1300,.T.);
#2996=EDGE_CURVE('',#2444,#2441,#1301,.T.);
#2997=EDGE_CURVE('',#2445,#2445,#2156,.T.);
#2998=EDGE_CURVE('',#2445,#2446,#1302,.T.);
#2999=EDGE_CURVE('',#2446,#2446,#2157,.T.);
#3000=EDGE_CURVE('',#2447,#2447,#2158,.T.);
#3001=EDGE_CURVE('',#2447,#2448,#1303,.T.);
#3002=EDGE_CURVE('',#2448,#2448,#2159,.T.);
#3003=EDGE_CURVE('',#2449,#2450,#1304,.T.);
#3004=EDGE_CURVE('',#2449,#2451,#1305,.T.);
#3005=EDGE_CURVE('',#2452,#2451,#1306,.T.);
#3006=EDGE_CURVE('',#2450,#2452,#1307,.T.);
#3007=EDGE_CURVE('',#2450,#2453,#1308,.T.);
#3008=EDGE_CURVE('',#2454,#2452,#1309,.T.);
#3009=EDGE_CURVE('',#2453,#2454,#1310,.T.);
#3010=EDGE_CURVE('',#2453,#2455,#1311,.T.);
#3011=EDGE_CURVE('',#2456,#2454,#1312,.T.);
#3012=EDGE_CURVE('',#2455,#2456,#1313,.T.);
#3013=EDGE_CURVE('',#2455,#2449,#1314,.T.);
#3014=EDGE_CURVE('',#2451,#2456,#1315,.T.);
#3015=EDGE_CURVE('',#2457,#2458,#1316,.T.);
#3016=EDGE_CURVE('',#2457,#2459,#1317,.T.);
#3017=EDGE_CURVE('',#2459,#2460,#1318,.T.);
#3018=EDGE_CURVE('',#2458,#2460,#1319,.T.);
#3019=EDGE_CURVE('',#2461,#2457,#1320,.T.);
#3020=EDGE_CURVE('',#2461,#2462,#1321,.T.);
#3021=EDGE_CURVE('',#2462,#2459,#1322,.T.);
#3022=EDGE_CURVE('',#2463,#2461,#1323,.T.);
#3023=EDGE_CURVE('',#2463,#2464,#1324,.T.);
#3024=EDGE_CURVE('',#2464,#2462,#1325,.T.);
#3025=EDGE_CURVE('',#2458,#2463,#1326,.T.);
#3026=EDGE_CURVE('',#2460,#2464,#1327,.T.);
#3027=EDGE_CURVE('',#2465,#2466,#1328,.T.);
#3028=EDGE_CURVE('',#2465,#2467,#1329,.T.);
#3029=EDGE_CURVE('',#2467,#2468,#1330,.T.);
#3030=EDGE_CURVE('',#2466,#2468,#1331,.T.);
#3031=EDGE_CURVE('',#2469,#2465,#1332,.T.);
#3032=EDGE_CURVE('',#2469,#2470,#1333,.T.);
#3033=EDGE_CURVE('',#2470,#2467,#1334,.T.);
#3034=EDGE_CURVE('',#2471,#2469,#1335,.T.);
#3035=EDGE_CURVE('',#2471,#2472,#1336,.T.);
#3036=EDGE_CURVE('',#2472,#2470,#1337,.T.);
#3037=EDGE_CURVE('',#2466,#2471,#1338,.T.);
#3038=EDGE_CURVE('',#2468,#2472,#1339,.T.);
#3039=EDGE_CURVE('',#2473,#2474,#1340,.T.);
#3040=EDGE_CURVE('',#2473,#2475,#1341,.T.);
#3041=EDGE_CURVE('',#2475,#2476,#1342,.T.);
#3042=EDGE_CURVE('',#2474,#2476,#1343,.T.);
#3043=EDGE_CURVE('',#2477,#2473,#1344,.T.);
#3044=EDGE_CURVE('',#2477,#2478,#1345,.T.);
#3045=EDGE_CURVE('',#2478,#2475,#1346,.T.);
#3046=EDGE_CURVE('',#2479,#2477,#1347,.T.);
#3047=EDGE_CURVE('',#2479,#2480,#1348,.T.);
#3048=EDGE_CURVE('',#2480,#2478,#1349,.T.);
#3049=EDGE_CURVE('',#2474,#2479,#1350,.T.);
#3050=EDGE_CURVE('',#2476,#2480,#1351,.T.);
#3051=EDGE_CURVE('',#2481,#2481,#2160,.T.);
#3052=EDGE_CURVE('',#2481,#2482,#1352,.T.);
#3053=EDGE_CURVE('',#2482,#2482,#2161,.T.);
#3054=EDGE_CURVE('',#2483,#2483,#2162,.T.);
#3055=EDGE_CURVE('',#2483,#2484,#1353,.T.);
#3056=EDGE_CURVE('',#2484,#2484,#2163,.T.);
#3057=EDGE_CURVE('',#2485,#2485,#2164,.T.);
#3058=EDGE_CURVE('',#2485,#2486,#1354,.T.);
#3059=EDGE_CURVE('',#2486,#2486,#2165,.T.);
#3060=EDGE_CURVE('',#2487,#2488,#1355,.T.);
#3061=EDGE_CURVE('',#2489,#2487,#1356,.T.);
#3062=EDGE_CURVE('',#2490,#2489,#1357,.T.);
#3063=EDGE_CURVE('',#2488,#2490,#1358,.T.);
#3064=EDGE_CURVE('',#2491,#2492,#1359,.T.);
#3065=EDGE_CURVE('',#2492,#2487,#1360,.T.);
#3066=EDGE_CURVE('',#2491,#2488,#1361,.T.);
#3067=EDGE_CURVE('',#2493,#2491,#1362,.T.);
#3068=EDGE_CURVE('',#2493,#2490,#1363,.T.);
#3069=EDGE_CURVE('',#2494,#2493,#1364,.T.);
#3070=EDGE_CURVE('',#2494,#2489,#1365,.T.);
#3071=EDGE_CURVE('',#2492,#2494,#1366,.T.);
#3072=EDGE_CURVE('',#2495,#2496,#1367,.T.);
#3073=EDGE_CURVE('',#2496,#2492,#1368,.T.);
#3074=EDGE_CURVE('',#2495,#2491,#1369,.T.);
#3075=EDGE_CURVE('',#2497,#2495,#1370,.T.);
#3076=EDGE_CURVE('',#2497,#2493,#1371,.T.);
#3077=EDGE_CURVE('',#2498,#2497,#1372,.T.);
#3078=EDGE_CURVE('',#2498,#2494,#1373,.T.);
#3079=EDGE_CURVE('',#2496,#2498,#1374,.T.);
#3080=EDGE_CURVE('',#2499,#2500,#1375,.T.);
#3081=EDGE_CURVE('',#2499,#2501,#1376,.T.);
#3082=EDGE_CURVE('',#2501,#2502,#1377,.T.);
#3083=EDGE_CURVE('',#2500,#2502,#1378,.T.);
#3084=EDGE_CURVE('',#2503,#2499,#1379,.T.);
#3085=EDGE_CURVE('',#2503,#2504,#1380,.T.);
#3086=EDGE_CURVE('',#2504,#2501,#1381,.T.);
#3087=EDGE_CURVE('',#2505,#2503,#1382,.T.);
#3088=EDGE_CURVE('',#2505,#2506,#1383,.T.);
#3089=EDGE_CURVE('',#2506,#2504,#1384,.T.);
#3090=EDGE_CURVE('',#2507,#2505,#1385,.T.);
#3091=EDGE_CURVE('',#2507,#2508,#1386,.T.);
#3092=EDGE_CURVE('',#2508,#2506,#1387,.T.);
#3093=EDGE_CURVE('',#2509,#2507,#1388,.T.);
#3094=EDGE_CURVE('',#2509,#2510,#1389,.T.);
#3095=EDGE_CURVE('',#2510,#2508,#1390,.T.);
#3096=EDGE_CURVE('',#2511,#2509,#1391,.T.);
#3097=EDGE_CURVE('',#2511,#2512,#1392,.T.);
#3098=EDGE_CURVE('',#2512,#2510,#1393,.T.);
#3099=EDGE_CURVE('',#2500,#2511,#1394,.T.);
#3100=EDGE_CURVE('',#2502,#2512,#1395,.T.);
#3101=EDGE_CURVE('',#2513,#2513,#2166,.T.);
#3102=EDGE_CURVE('',#2514,#2514,#2167,.T.);
#3103=EDGE_CURVE('',#2514,#2513,#1396,.T.);
#3104=EDGE_CURVE('',#2515,#2516,#1397,.T.);
#3105=EDGE_CURVE('',#2515,#2517,#1398,.T.);
#3106=EDGE_CURVE('',#2518,#2517,#1399,.T.);
#3107=EDGE_CURVE('',#2516,#2518,#1400,.T.);
#3108=EDGE_CURVE('',#2516,#2519,#1401,.T.);
#3109=EDGE_CURVE('',#2520,#2518,#1402,.T.);
#3110=EDGE_CURVE('',#2519,#2520,#1403,.T.);
#3111=EDGE_CURVE('',#2519,#2521,#1404,.T.);
#3112=EDGE_CURVE('',#2522,#2520,#1405,.T.);
#3113=EDGE_CURVE('',#2521,#2522,#1406,.T.);
#3114=EDGE_CURVE('',#2521,#2515,#1407,.T.);
#3115=EDGE_CURVE('',#2517,#2522,#1408,.T.);
#3116=EDGE_CURVE('',#2523,#2524,#1409,.T.);
#3117=EDGE_CURVE('',#2523,#2525,#1410,.T.);
#3118=EDGE_CURVE('',#2525,#2526,#1411,.T.);
#3119=EDGE_CURVE('',#2524,#2526,#1412,.T.);
#3120=EDGE_CURVE('',#2527,#2523,#1413,.T.);
#3121=EDGE_CURVE('',#2527,#2528,#1414,.T.);
#3122=EDGE_CURVE('',#2528,#2525,#1415,.T.);
#3123=EDGE_CURVE('',#2529,#2527,#1416,.T.);
#3124=EDGE_CURVE('',#2529,#2530,#1417,.T.);
#3125=EDGE_CURVE('',#2530,#2528,#1418,.T.);
#3126=EDGE_CURVE('',#2524,#2529,#1419,.T.);
#3127=EDGE_CURVE('',#2526,#2530,#1420,.T.);
#3128=EDGE_CURVE('',#2531,#2532,#1421,.T.);
#3129=EDGE_CURVE('',#2531,#2533,#1422,.T.);
#3130=EDGE_CURVE('',#2533,#2534,#1423,.T.);
#3131=EDGE_CURVE('',#2532,#2534,#1424,.T.);
#3132=EDGE_CURVE('',#2535,#2531,#1425,.T.);
#3133=EDGE_CURVE('',#2535,#2536,#1426,.T.);
#3134=EDGE_CURVE('',#2536,#2533,#1427,.T.);
#3135=EDGE_CURVE('',#2537,#2535,#1428,.T.);
#3136=EDGE_CURVE('',#2537,#2538,#1429,.T.);
#3137=EDGE_CURVE('',#2538,#2536,#1430,.T.);
#3138=EDGE_CURVE('',#2532,#2537,#1431,.T.);
#3139=EDGE_CURVE('',#2534,#2538,#1432,.T.);
#3140=EDGE_CURVE('',#2539,#2539,#2168,.T.);
#3141=EDGE_CURVE('',#2539,#2540,#1433,.T.);
#3142=EDGE_CURVE('',#2540,#2540,#2169,.T.);
#3143=EDGE_CURVE('',#2541,#2541,#2170,.T.);
#3144=EDGE_CURVE('',#2541,#2542,#1434,.T.);
#3145=EDGE_CURVE('',#2542,#2542,#2171,.T.);
#3146=EDGE_CURVE('',#2543,#2544,#1435,.T.);
#3147=EDGE_CURVE('',#2545,#2543,#1436,.T.);
#3148=EDGE_CURVE('',#2546,#2545,#1437,.T.);
#3149=EDGE_CURVE('',#2544,#2546,#1438,.T.);
#3150=EDGE_CURVE('',#2547,#2548,#1439,.T.);
#3151=EDGE_CURVE('',#2548,#2544,#1440,.T.);
#3152=EDGE_CURVE('',#2547,#2546,#1441,.T.);
#3153=EDGE_CURVE('',#2549,#2550,#1442,.T.);
#3154=EDGE_CURVE('',#2550,#2545,#1443,.T.);
#3155=EDGE_CURVE('',#2549,#2543,#1444,.T.);
#3156=EDGE_CURVE('',#2551,#2552,#1445,.T.);
#3157=EDGE_CURVE('',#2552,#2549,#1446,.T.);
#3158=EDGE_CURVE('',#2551,#2548,#1447,.T.);
#3159=EDGE_CURVE('',#2553,#2551,#1448,.T.);
#3160=EDGE_CURVE('',#2553,#2547,#1449,.T.);
#3161=EDGE_CURVE('',#2554,#2553,#1450,.T.);
#3162=EDGE_CURVE('',#2554,#2550,#1451,.T.);
#3163=EDGE_CURVE('',#2552,#2554,#1452,.T.);
#3164=EDGE_CURVE('',#2555,#2556,#1453,.T.);
#3165=EDGE_CURVE('',#2555,#2557,#1454,.T.);
#3166=EDGE_CURVE('',#2558,#2557,#1455,.T.);
#3167=EDGE_CURVE('',#2556,#2558,#1456,.T.);
#3168=EDGE_CURVE('',#2556,#2559,#1457,.T.);
#3169=EDGE_CURVE('',#2560,#2558,#1458,.T.);
#3170=EDGE_CURVE('',#2559,#2560,#1459,.T.);
#3171=EDGE_CURVE('',#2559,#2561,#1460,.T.);
#3172=EDGE_CURVE('',#2562,#2560,#1461,.T.);
#3173=EDGE_CURVE('',#2561,#2562,#1462,.T.);
#3174=EDGE_CURVE('',#2561,#2555,#1463,.T.);
#3175=EDGE_CURVE('',#2557,#2562,#1464,.T.);
#3176=EDGE_CURVE('',#2563,#2563,#2172,.T.);
#3177=EDGE_CURVE('',#2563,#2564,#1465,.T.);
#3178=EDGE_CURVE('',#2564,#2564,#2173,.T.);
#3179=EDGE_CURVE('',#2565,#2565,#2174,.T.);
#3180=EDGE_CURVE('',#2565,#2566,#1466,.T.);
#3181=EDGE_CURVE('',#2566,#2566,#2175,.T.);
#3182=EDGE_CURVE('',#2567,#2568,#2176,.T.);
#3183=EDGE_CURVE('',#2569,#2567,#1467,.T.);
#3184=EDGE_CURVE('',#2570,#2569,#2177,.T.);
#3185=EDGE_CURVE('',#2568,#2570,#1468,.T.);
#3186=EDGE_CURVE('',#2571,#2570,#1469,.T.);
#3187=EDGE_CURVE('',#2571,#2572,#1470,.T.);
#3188=EDGE_CURVE('',#2568,#2572,#1471,.T.);
#3189=EDGE_CURVE('',#2573,#2567,#1472,.T.);
#3190=EDGE_CURVE('',#2574,#2573,#1473,.T.);
#3191=EDGE_CURVE('',#2569,#2574,#1474,.T.);
#3192=EDGE_CURVE('',#2575,#2576,#2178,.T.);
#3193=EDGE_CURVE('',#2577,#2575,#1475,.T.);
#3194=EDGE_CURVE('',#2578,#2577,#2179,.T.);
#3195=EDGE_CURVE('',#2576,#2578,#1476,.T.);
#3196=EDGE_CURVE('',#2579,#2578,#1477,.T.);
#3197=EDGE_CURVE('',#2579,#2580,#1478,.T.);
#3198=EDGE_CURVE('',#2576,#2580,#1479,.T.);
#3199=EDGE_CURVE('',#2574,#2581,#2180,.T.);
#3200=EDGE_CURVE('',#2581,#2582,#1480,.T.);
#3201=EDGE_CURVE('',#2582,#2579,#2181,.T.);
#3202=EDGE_CURVE('',#2577,#2583,#1481,.T.);
#3203=EDGE_CURVE('',#2583,#2584,#2182,.T.);
#3204=EDGE_CURVE('',#2584,#2585,#1482,.T.);
#3205=EDGE_CURVE('',#2585,#2586,#1483,.T.);
#3206=EDGE_CURVE('',#2586,#2587,#1484,.T.);
#3207=EDGE_CURVE('',#2587,#2588,#1485,.T.);
#3208=EDGE_CURVE('',#2589,#2588,#2183,.T.);
#3209=EDGE_CURVE('',#2589,#2590,#1486,.T.);
#3210=EDGE_CURVE('',#2590,#2571,#1487,.T.);
#3211=EDGE_CURVE('',#2591,#2591,#2184,.T.);
#3212=EDGE_CURVE('',#2592,#2592,#2185,.T.);
#3213=EDGE_CURVE('',#2593,#2593,#2186,.T.);
#3214=EDGE_CURVE('',#2593,#2594,#1488,.T.);
#3215=EDGE_CURVE('',#2595,#2594,#14,.T.);
#3216=EDGE_CURVE('',#2596,#2595,#15,.T.);
#3217=EDGE_CURVE('',#2594,#2596,#16,.T.);
#3218=EDGE_CURVE('',#2597,#2596,#1489,.T.);
#3219=EDGE_CURVE('',#2598,#2597,#1490,.T.);
#3220=EDGE_CURVE('',#2599,#2598,#1491,.T.);
#3221=EDGE_CURVE('',#2599,#2600,#17,.T.);
#3222=EDGE_CURVE('',#2601,#2600,#1492,.F.);
#3223=EDGE_CURVE('',#2601,#2602,#18,.T.);
#3224=EDGE_CURVE('',#2595,#2602,#1493,.T.);
#3225=EDGE_CURVE('',#2603,#2603,#2187,.T.);
#3226=EDGE_CURVE('',#2603,#2604,#1494,.T.);
#3227=EDGE_CURVE('',#2604,#2604,#2188,.T.);
#3228=EDGE_CURVE('',#2584,#2605,#1495,.T.);
#3229=EDGE_CURVE('',#2605,#2606,#1496,.T.);
#3230=EDGE_CURVE('',#2585,#2606,#1497,.T.);
#3231=EDGE_CURVE('',#2607,#2586,#1498,.T.);
#3232=EDGE_CURVE('',#2606,#2607,#1499,.T.);
#3233=EDGE_CURVE('',#2572,#2608,#1500,.T.);
#3234=EDGE_CURVE('',#2608,#2590,#1501,.T.);
#3235=EDGE_CURVE('',#2609,#2607,#1502,.T.);
#3236=EDGE_CURVE('',#2587,#2609,#1503,.T.);
#3237=EDGE_CURVE('',#2610,#2573,#2189,.T.);
#3238=EDGE_CURVE('',#2581,#2610,#1504,.T.);
#3239=EDGE_CURVE('',#2611,#2610,#1505,.T.);
#3240=EDGE_CURVE('',#2582,#2611,#1506,.T.);
#3241=EDGE_CURVE('',#2580,#2611,#2190,.T.);
#3242=EDGE_CURVE('',#2612,#2575,#1507,.T.);
#3243=EDGE_CURVE('',#2583,#2612,#1508,.T.);
#3244=EDGE_CURVE('',#2605,#2612,#2191,.T.);
#3245=EDGE_CURVE('',#2608,#2613,#1509,.T.);
#3246=EDGE_CURVE('',#2613,#2614,#2192,.T.);
#3247=EDGE_CURVE('',#2614,#2615,#1510,.T.);
#3248=EDGE_CURVE('',#2615,#2616,#2193,.T.);
#3249=EDGE_CURVE('',#2616,#2617,#1511,.T.);
#3250=EDGE_CURVE('',#2617,#2618,#2194,.T.);
#3251=EDGE_CURVE('',#2618,#2609,#1512,.T.);
#3252=EDGE_CURVE('',#2592,#2619,#1513,.T.);
#3253=EDGE_CURVE('',#2619,#2619,#2195,.T.);
#3254=EDGE_CURVE('',#2591,#2620,#1514,.T.);
#3255=EDGE_CURVE('',#2620,#2620,#2196,.T.);
#3256=EDGE_CURVE('',#2621,#2622,#2197,.T.);
#3257=EDGE_CURVE('',#2622,#2616,#1515,.T.);
#3258=EDGE_CURVE('',#2615,#2621,#1516,.T.);
#3259=EDGE_CURVE('',#2623,#2614,#1517,.T.);
#3260=EDGE_CURVE('',#2623,#2621,#1518,.F.);
#3261=EDGE_CURVE('',#2624,#2624,#2198,.T.);
#3262=EDGE_CURVE('',#2625,#2625,#2199,.T.);
#3263=EDGE_CURVE('',#2626,#2626,#2200,.T.);
#3264=EDGE_CURVE('',#2627,#2627,#2201,.T.);
#3265=EDGE_CURVE('',#2628,#2628,#2202,.T.);
#3266=EDGE_CURVE('',#2629,#2623,#2203,.T.);
#3267=EDGE_CURVE('',#2613,#2629,#1519,.T.);
#3268=EDGE_CURVE('',#2630,#2589,#1520,.T.);
#3269=EDGE_CURVE('',#2630,#2629,#1521,.F.);
#3270=EDGE_CURVE('',#2588,#2631,#1522,.T.);
#3271=EDGE_CURVE('',#2631,#2630,#2204,.T.);
#3272=EDGE_CURVE('',#2632,#2618,#1523,.T.);
#3273=EDGE_CURVE('',#2632,#2631,#1524,.F.);
#3274=EDGE_CURVE('',#2633,#2632,#2205,.T.);
#3275=EDGE_CURVE('',#2617,#2633,#1525,.T.);
#3276=EDGE_CURVE('',#2622,#2633,#1526,.F.);
#3277=EDGE_CURVE('',#2602,#2634,#1527,.T.);
#3278=EDGE_CURVE('',#2634,#2635,#1528,.T.);
#3279=EDGE_CURVE('',#2597,#2635,#1529,.T.);
#3280=EDGE_CURVE('',#2636,#2602,#1530,.T.);
#3281=EDGE_CURVE('',#2636,#2637,#1531,.T.);
#3282=EDGE_CURVE('',#2637,#2634,#1532,.T.);
#3283=EDGE_CURVE('',#2638,#2637,#1533,.T.);
#3284=EDGE_CURVE('',#2635,#2638,#1534,.T.);
#3285=EDGE_CURVE('',#2636,#2639,#2206,.T.);
#3286=EDGE_CURVE('',#2601,#2639,#1535,.T.);
#3287=EDGE_CURVE('',#2640,#2639,#1536,.T.);
#3288=EDGE_CURVE('',#2640,#2641,#2207,.T.);
#3289=EDGE_CURVE('',#2642,#2641,#1537,.T.);
#3290=EDGE_CURVE('',#2638,#2642,#1538,.F.);
#3291=EDGE_CURVE('',#2640,#2600,#1539,.T.);
#3292=EDGE_CURVE('',#2599,#2643,#1540,.T.);
#3293=EDGE_CURVE('',#2644,#2643,#72,.F.);
#3294=EDGE_CURVE('',#2645,#2644,#73,.F.);
#3295=EDGE_CURVE('',#2645,#2641,#1541,.T.);
#3296=EDGE_CURVE('',#2598,#2642,#1542,.T.);
#3297=EDGE_CURVE('',#2645,#2643,#2208,.T.);
#3298=EDGE_CURVE('',#2624,#2646,#1543,.T.);
#3299=EDGE_CURVE('',#2646,#2646,#2209,.T.);
#3300=EDGE_CURVE('',#2625,#2647,#1544,.T.);
#3301=EDGE_CURVE('',#2647,#2647,#2210,.T.);
#3302=EDGE_CURVE('',#2626,#2648,#1545,.T.);
#3303=EDGE_CURVE('',#2648,#2648,#2211,.T.);
#3304=EDGE_CURVE('',#2627,#2649,#1546,.T.);
#3305=EDGE_CURVE('',#2649,#2649,#2212,.T.);
#3306=EDGE_CURVE('',#2644,#2628,#1547,.T.);
#3307=EDGE_CURVE('',#2650,#2650,#2213,.T.);
#3308=EDGE_CURVE('',#2650,#2651,#1548,.T.);
#3309=EDGE_CURVE('',#2651,#2651,#2214,.T.);
#3310=EDGE_CURVE('',#2652,#2652,#2215,.T.);
#3311=EDGE_CURVE('',#2652,#2653,#1549,.T.);
#3312=EDGE_CURVE('',#2653,#2653,#2216,.T.);
#3313=EDGE_CURVE('',#2654,#2654,#2217,.T.);
#3314=EDGE_CURVE('',#2654,#2655,#1550,.T.);
#3315=EDGE_CURVE('',#2655,#2655,#2218,.T.);
#3316=EDGE_CURVE('',#2656,#2656,#2219,.T.);
#3317=EDGE_CURVE('',#2656,#2657,#1551,.T.);
#3318=EDGE_CURVE('',#2657,#2657,#2220,.T.);
#3319=EDGE_CURVE('',#2658,#2658,#2221,.T.);
#3320=EDGE_CURVE('',#2658,#2659,#1552,.T.);
#3321=EDGE_CURVE('',#2659,#2659,#2222,.T.);
#3322=EDGE_CURVE('',#2660,#2661,#2223,.T.);
#3323=EDGE_CURVE('',#2661,#2662,#1553,.T.);
#3324=EDGE_CURVE('',#2663,#2662,#2224,.T.);
#3325=EDGE_CURVE('',#2660,#2663,#1554,.T.);
#3326=EDGE_CURVE('',#2664,#2660,#1555,.T.);
#3327=EDGE_CURVE('',#2665,#2663,#1556,.T.);
#3328=EDGE_CURVE('',#2664,#2665,#1557,.T.);
#3329=EDGE_CURVE('',#2666,#2664,#2225,.T.);
#3330=EDGE_CURVE('',#2667,#2665,#2226,.T.);
#3331=EDGE_CURVE('',#2666,#2667,#1558,.T.);
#3332=EDGE_CURVE('',#2668,#2666,#1559,.T.);
#3333=EDGE_CURVE('',#2669,#2667,#1560,.T.);
#3334=EDGE_CURVE('',#2668,#2669,#1561,.T.);
#3335=EDGE_CURVE('',#2670,#2668,#2227,.T.);
#3336=EDGE_CURVE('',#2671,#2669,#2228,.T.);
#3337=EDGE_CURVE('',#2670,#2671,#1562,.T.);
#3338=EDGE_CURVE('',#2672,#2670,#1563,.T.);
#3339=EDGE_CURVE('',#2673,#2671,#1564,.T.);
#3340=EDGE_CURVE('',#2672,#2673,#1565,.T.);
#3341=EDGE_CURVE('',#2674,#2672,#2229,.T.);
#3342=EDGE_CURVE('',#2675,#2673,#2230,.T.);
#3343=EDGE_CURVE('',#2674,#2675,#1566,.T.);
#3344=EDGE_CURVE('',#2661,#2674,#1567,.T.);
#3345=EDGE_CURVE('',#2662,#2675,#1568,.T.);
#3346=ORIENTED_EDGE('',*,*,#2676,.F.);
#3347=ORIENTED_EDGE('',*,*,#2677,.F.);
#3348=ORIENTED_EDGE('',*,*,#2678,.T.);
#3349=ORIENTED_EDGE('',*,*,#2679,.F.);
#3350=ORIENTED_EDGE('',*,*,#2680,.F.);
#3351=ORIENTED_EDGE('',*,*,#2678,.F.);
#3352=ORIENTED_EDGE('',*,*,#2681,.T.);
#3353=ORIENTED_EDGE('',*,*,#2682,.T.);
#3354=ORIENTED_EDGE('',*,*,#2683,.T.);
#3355=ORIENTED_EDGE('',*,*,#2684,.T.);
#3356=ORIENTED_EDGE('',*,*,#2682,.F.);
#3357=ORIENTED_EDGE('',*,*,#2684,.F.);
#3358=ORIENTED_EDGE('',*,*,#2685,.T.);
#3359=ORIENTED_EDGE('',*,*,#2686,.F.);
#3360=ORIENTED_EDGE('',*,*,#2687,.F.);
#3361=ORIENTED_EDGE('',*,*,#2685,.F.);
#3362=ORIENTED_EDGE('',*,*,#2683,.F.);
#3363=ORIENTED_EDGE('',*,*,#2681,.F.);
#3364=ORIENTED_EDGE('',*,*,#2686,.T.);
#3365=ORIENTED_EDGE('',*,*,#2687,.T.);
#3366=ORIENTED_EDGE('',*,*,#2688,.T.);
#3367=ORIENTED_EDGE('',*,*,#2689,.T.);
#3368=ORIENTED_EDGE('',*,*,#2688,.F.);
#3369=ORIENTED_EDGE('',*,*,#2690,.F.);
#3370=ORIENTED_EDGE('',*,*,#2689,.F.);
#3371=ORIENTED_EDGE('',*,*,#2690,.T.);
#3372=ORIENTED_EDGE('',*,*,#2691,.T.);
#3373=ORIENTED_EDGE('',*,*,#2692,.T.);
#3374=ORIENTED_EDGE('',*,*,#2693,.T.);
#3375=ORIENTED_EDGE('',*,*,#2691,.F.);
#3376=ORIENTED_EDGE('',*,*,#2693,.F.);
#3377=ORIENTED_EDGE('',*,*,#2694,.T.);
#3378=ORIENTED_EDGE('',*,*,#2695,.F.);
#3379=ORIENTED_EDGE('',*,*,#2696,.F.);
#3380=ORIENTED_EDGE('',*,*,#2694,.F.);
#3381=ORIENTED_EDGE('',*,*,#2692,.F.);
#3382=ORIENTED_EDGE('',*,*,#2697,.T.);
#3383=ORIENTED_EDGE('',*,*,#2698,.T.);
#3384=ORIENTED_EDGE('',*,*,#2695,.T.);
#3385=ORIENTED_EDGE('',*,*,#2696,.T.);
#3386=ORIENTED_EDGE('',*,*,#2698,.F.);
#3387=ORIENTED_EDGE('',*,*,#2699,.F.);
#3388=ORIENTED_EDGE('',*,*,#2697,.F.);
#3389=ORIENTED_EDGE('',*,*,#2699,.T.);
#3390=ORIENTED_EDGE('',*,*,#2700,.T.);
#3391=ORIENTED_EDGE('',*,*,#2676,.T.);
#3392=ORIENTED_EDGE('',*,*,#2677,.T.);
#3393=ORIENTED_EDGE('',*,*,#2700,.F.);
#3394=ORIENTED_EDGE('',*,*,#2701,.F.);
#3395=ORIENTED_EDGE('',*,*,#2702,.F.);
#3396=ORIENTED_EDGE('',*,*,#2703,.F.);
#3397=ORIENTED_EDGE('',*,*,#2703,.T.);
#3398=ORIENTED_EDGE('',*,*,#2701,.T.);
#3399=ORIENTED_EDGE('',*,*,#2702,.T.);
#3400=ORIENTED_EDGE('',*,*,#2704,.T.);
#3401=ORIENTED_EDGE('',*,*,#2705,.F.);
#3402=ORIENTED_EDGE('',*,*,#2706,.F.);
#3403=ORIENTED_EDGE('',*,*,#2704,.F.);
#3404=ORIENTED_EDGE('',*,*,#2679,.T.);
#3405=ORIENTED_EDGE('',*,*,#2680,.T.);
#3406=ORIENTED_EDGE('',*,*,#2707,.T.);
#3407=ORIENTED_EDGE('',*,*,#2705,.T.);
#3408=ORIENTED_EDGE('',*,*,#2706,.T.);
#3409=ORIENTED_EDGE('',*,*,#2707,.F.);
#3410=ORIENTED_EDGE('',*,*,#2708,.T.);
#3411=ORIENTED_EDGE('',*,*,#2709,.F.);
#3412=ORIENTED_EDGE('',*,*,#2710,.T.);
#3413=ORIENTED_EDGE('',*,*,#2711,.F.);
#3414=ORIENTED_EDGE('',*,*,#2712,.F.);
#3415=ORIENTED_EDGE('',*,*,#2713,.T.);
#3416=ORIENTED_EDGE('',*,*,#2712,.T.);
#3417=ORIENTED_EDGE('',*,*,#2714,.F.);
#3418=ORIENTED_EDGE('',*,*,#2715,.F.);
#3419=ORIENTED_EDGE('',*,*,#2716,.F.);
#3420=ORIENTED_EDGE('',*,*,#2717,.T.);
#3421=ORIENTED_EDGE('',*,*,#2715,.T.);
#3422=ORIENTED_EDGE('',*,*,#2718,.F.);
#3423=ORIENTED_EDGE('',*,*,#2719,.F.);
#3424=ORIENTED_EDGE('',*,*,#2720,.F.);
#3425=ORIENTED_EDGE('',*,*,#2719,.T.);
#3426=ORIENTED_EDGE('',*,*,#2721,.F.);
#3427=ORIENTED_EDGE('',*,*,#2710,.F.);
#3428=ORIENTED_EDGE('',*,*,#2721,.T.);
#3429=ORIENTED_EDGE('',*,*,#2718,.T.);
#3430=ORIENTED_EDGE('',*,*,#2714,.T.);
#3431=ORIENTED_EDGE('',*,*,#2711,.T.);
#3432=ORIENTED_EDGE('',*,*,#2722,.T.);
#3433=ORIENTED_EDGE('',*,*,#2708,.F.);
#3434=ORIENTED_EDGE('',*,*,#2713,.F.);
#3435=ORIENTED_EDGE('',*,*,#2717,.F.);
#3436=ORIENTED_EDGE('',*,*,#2723,.F.);
#3437=ORIENTED_EDGE('',*,*,#2724,.T.);
#3438=ORIENTED_EDGE('',*,*,#2725,.F.);
#3439=ORIENTED_EDGE('',*,*,#2726,.F.);
#3440=ORIENTED_EDGE('',*,*,#2727,.T.);
#3441=ORIENTED_EDGE('',*,*,#2728,.F.);
#3442=ORIENTED_EDGE('',*,*,#2726,.T.);
#3443=ORIENTED_EDGE('',*,*,#2729,.F.);
#3444=ORIENTED_EDGE('',*,*,#2730,.F.);
#3445=ORIENTED_EDGE('',*,*,#2731,.T.);
#3446=ORIENTED_EDGE('',*,*,#2730,.T.);
#3447=ORIENTED_EDGE('',*,*,#2732,.F.);
#3448=ORIENTED_EDGE('',*,*,#2733,.F.);
#3449=ORIENTED_EDGE('',*,*,#2734,.F.);
#3450=ORIENTED_EDGE('',*,*,#2735,.T.);
#3451=ORIENTED_EDGE('',*,*,#2733,.T.);
#3452=ORIENTED_EDGE('',*,*,#2736,.F.);
#3453=ORIENTED_EDGE('',*,*,#2724,.F.);
#3454=ORIENTED_EDGE('',*,*,#2736,.T.);
#3455=ORIENTED_EDGE('',*,*,#2732,.T.);
#3456=ORIENTED_EDGE('',*,*,#2729,.T.);
#3457=ORIENTED_EDGE('',*,*,#2725,.T.);
#3458=ORIENTED_EDGE('',*,*,#2737,.T.);
#3459=ORIENTED_EDGE('',*,*,#2727,.F.);
#3460=ORIENTED_EDGE('',*,*,#2731,.F.);
#3461=ORIENTED_EDGE('',*,*,#2735,.F.);
#3462=ORIENTED_EDGE('',*,*,#2738,.F.);
#3463=ORIENTED_EDGE('',*,*,#2739,.F.);
#3464=ORIENTED_EDGE('',*,*,#2740,.F.);
#3465=ORIENTED_EDGE('',*,*,#2741,.F.);
#3466=ORIENTED_EDGE('',*,*,#2740,.T.);
#3467=ORIENTED_EDGE('',*,*,#2742,.T.);
#3468=ORIENTED_EDGE('',*,*,#2743,.F.);
#3469=ORIENTED_EDGE('',*,*,#2744,.F.);
#3470=ORIENTED_EDGE('',*,*,#2745,.T.);
#3471=ORIENTED_EDGE('',*,*,#2741,.T.);
#3472=ORIENTED_EDGE('',*,*,#2744,.T.);
#3473=ORIENTED_EDGE('',*,*,#2746,.F.);
#3474=ORIENTED_EDGE('',*,*,#2722,.F.);
#3475=ORIENTED_EDGE('',*,*,#2747,.F.);
#3476=ORIENTED_EDGE('',*,*,#2737,.F.);
#3477=ORIENTED_EDGE('',*,*,#2748,.F.);
#3478=ORIENTED_EDGE('',*,*,#2749,.F.);
#3479=ORIENTED_EDGE('',*,*,#2750,.T.);
#3480=ORIENTED_EDGE('',*,*,#2749,.T.);
#3481=ORIENTED_EDGE('',*,*,#2751,.F.);
#3482=ORIENTED_EDGE('',*,*,#2752,.F.);
#3483=ORIENTED_EDGE('',*,*,#2739,.T.);
#3484=ORIENTED_EDGE('',*,*,#2753,.T.);
#3485=ORIENTED_EDGE('',*,*,#2752,.T.);
#3486=ORIENTED_EDGE('',*,*,#2754,.F.);
#3487=ORIENTED_EDGE('',*,*,#2742,.F.);
#3488=ORIENTED_EDGE('',*,*,#2709,.T.);
#3489=ORIENTED_EDGE('',*,*,#2746,.T.);
#3490=ORIENTED_EDGE('',*,*,#2743,.T.);
#3491=ORIENTED_EDGE('',*,*,#2754,.T.);
#3492=ORIENTED_EDGE('',*,*,#2751,.T.);
#3493=ORIENTED_EDGE('',*,*,#2748,.T.);
#3494=ORIENTED_EDGE('',*,*,#2734,.T.);
#3495=ORIENTED_EDGE('',*,*,#2723,.T.);
#3496=ORIENTED_EDGE('',*,*,#2728,.T.);
#3497=ORIENTED_EDGE('',*,*,#2747,.T.);
#3498=ORIENTED_EDGE('',*,*,#2716,.T.);
#3499=ORIENTED_EDGE('',*,*,#2720,.T.);
#3500=ORIENTED_EDGE('',*,*,#2738,.T.);
#3501=ORIENTED_EDGE('',*,*,#2745,.F.);
#3502=ORIENTED_EDGE('',*,*,#2750,.F.);
#3503=ORIENTED_EDGE('',*,*,#2753,.F.);
#3504=ORIENTED_EDGE('',*,*,#2755,.F.);
#3505=ORIENTED_EDGE('',*,*,#2756,.F.);
#3506=ORIENTED_EDGE('',*,*,#2757,.F.);
#3507=ORIENTED_EDGE('',*,*,#2758,.F.);
#3508=ORIENTED_EDGE('',*,*,#2759,.F.);
#3509=ORIENTED_EDGE('',*,*,#2760,.F.);
#3510=ORIENTED_EDGE('',*,*,#2761,.F.);
#3511=ORIENTED_EDGE('',*,*,#2762,.F.);
#3512=ORIENTED_EDGE('',*,*,#2763,.F.);
#3513=ORIENTED_EDGE('',*,*,#2764,.F.);
#3514=ORIENTED_EDGE('',*,*,#2765,.F.);
#3515=ORIENTED_EDGE('',*,*,#2766,.F.);
#3516=ORIENTED_EDGE('',*,*,#2767,.F.);
#3517=ORIENTED_EDGE('',*,*,#2768,.F.);
#3518=ORIENTED_EDGE('',*,*,#2769,.F.);
#3519=ORIENTED_EDGE('',*,*,#2770,.F.);
#3520=ORIENTED_EDGE('',*,*,#2771,.T.);
#3521=ORIENTED_EDGE('',*,*,#2772,.T.);
#3522=ORIENTED_EDGE('',*,*,#2773,.T.);
#3523=ORIENTED_EDGE('',*,*,#2774,.T.);
#3524=ORIENTED_EDGE('',*,*,#2775,.T.);
#3525=ORIENTED_EDGE('',*,*,#2776,.T.);
#3526=ORIENTED_EDGE('',*,*,#2777,.T.);
#3527=ORIENTED_EDGE('',*,*,#2778,.T.);
#3528=ORIENTED_EDGE('',*,*,#2779,.T.);
#3529=ORIENTED_EDGE('',*,*,#2780,.T.);
#3530=ORIENTED_EDGE('',*,*,#2781,.T.);
#3531=ORIENTED_EDGE('',*,*,#2782,.T.);
#3532=ORIENTED_EDGE('',*,*,#2783,.T.);
#3533=ORIENTED_EDGE('',*,*,#2784,.T.);
#3534=ORIENTED_EDGE('',*,*,#2785,.T.);
#3535=ORIENTED_EDGE('',*,*,#2786,.T.);
#3536=ORIENTED_EDGE('',*,*,#2787,.T.);
#3537=ORIENTED_EDGE('',*,*,#2788,.T.);
#3538=ORIENTED_EDGE('',*,*,#2789,.T.);
#3539=ORIENTED_EDGE('',*,*,#2790,.T.);
#3540=ORIENTED_EDGE('',*,*,#2791,.T.);
#3541=ORIENTED_EDGE('',*,*,#2792,.T.);
#3542=ORIENTED_EDGE('',*,*,#2793,.T.);
#3543=ORIENTED_EDGE('',*,*,#2794,.T.);
#3544=ORIENTED_EDGE('',*,*,#2795,.T.);
#3545=ORIENTED_EDGE('',*,*,#2796,.T.);
#3546=ORIENTED_EDGE('',*,*,#2757,.T.);
#3547=ORIENTED_EDGE('',*,*,#2797,.T.);
#3548=ORIENTED_EDGE('',*,*,#2776,.F.);
#3549=ORIENTED_EDGE('',*,*,#2798,.F.);
#3550=ORIENTED_EDGE('',*,*,#2755,.T.);
#3551=ORIENTED_EDGE('',*,*,#2799,.T.);
#3552=ORIENTED_EDGE('',*,*,#2778,.F.);
#3553=ORIENTED_EDGE('',*,*,#2800,.F.);
#3554=ORIENTED_EDGE('',*,*,#2797,.F.);
#3555=ORIENTED_EDGE('',*,*,#2756,.T.);
#3556=ORIENTED_EDGE('',*,*,#2800,.T.);
#3557=ORIENTED_EDGE('',*,*,#2777,.F.);
#3558=ORIENTED_EDGE('',*,*,#2765,.T.);
#3559=ORIENTED_EDGE('',*,*,#2801,.T.);
#3560=ORIENTED_EDGE('',*,*,#2784,.F.);
#3561=ORIENTED_EDGE('',*,*,#2802,.F.);
#3562=ORIENTED_EDGE('',*,*,#2763,.T.);
#3563=ORIENTED_EDGE('',*,*,#2803,.T.);
#3564=ORIENTED_EDGE('',*,*,#2786,.F.);
#3565=ORIENTED_EDGE('',*,*,#2804,.F.);
#3566=ORIENTED_EDGE('',*,*,#2801,.F.);
#3567=ORIENTED_EDGE('',*,*,#2764,.T.);
#3568=ORIENTED_EDGE('',*,*,#2804,.T.);
#3569=ORIENTED_EDGE('',*,*,#2785,.F.);
#3570=ORIENTED_EDGE('',*,*,#2767,.T.);
#3571=ORIENTED_EDGE('',*,*,#2805,.T.);
#3572=ORIENTED_EDGE('',*,*,#2782,.F.);
#3573=ORIENTED_EDGE('',*,*,#2806,.F.);
#3574=ORIENTED_EDGE('',*,*,#2769,.T.);
#3575=ORIENTED_EDGE('',*,*,#2807,.T.);
#3576=ORIENTED_EDGE('',*,*,#2780,.F.);
#3577=ORIENTED_EDGE('',*,*,#2808,.F.);
#3578=ORIENTED_EDGE('',*,*,#2806,.T.);
#3579=ORIENTED_EDGE('',*,*,#2781,.F.);
#3580=ORIENTED_EDGE('',*,*,#2807,.F.);
#3581=ORIENTED_EDGE('',*,*,#2768,.T.);
#3582=ORIENTED_EDGE('',*,*,#2759,.T.);
#3583=ORIENTED_EDGE('',*,*,#2809,.T.);
#3584=ORIENTED_EDGE('',*,*,#2790,.F.);
#3585=ORIENTED_EDGE('',*,*,#2810,.F.);
#3586=ORIENTED_EDGE('',*,*,#2761,.T.);
#3587=ORIENTED_EDGE('',*,*,#2811,.T.);
#3588=ORIENTED_EDGE('',*,*,#2788,.F.);
#3589=ORIENTED_EDGE('',*,*,#2812,.F.);
#3590=ORIENTED_EDGE('',*,*,#2810,.T.);
#3591=ORIENTED_EDGE('',*,*,#2789,.F.);
#3592=ORIENTED_EDGE('',*,*,#2811,.F.);
#3593=ORIENTED_EDGE('',*,*,#2760,.T.);
#3594=ORIENTED_EDGE('',*,*,#2798,.T.);
#3595=ORIENTED_EDGE('',*,*,#2791,.F.);
#3596=ORIENTED_EDGE('',*,*,#2809,.F.);
#3597=ORIENTED_EDGE('',*,*,#2758,.T.);
#3598=ORIENTED_EDGE('',*,*,#2802,.T.);
#3599=ORIENTED_EDGE('',*,*,#2783,.F.);
#3600=ORIENTED_EDGE('',*,*,#2805,.F.);
#3601=ORIENTED_EDGE('',*,*,#2766,.T.);
#3602=ORIENTED_EDGE('',*,*,#2803,.F.);
#3603=ORIENTED_EDGE('',*,*,#2762,.T.);
#3604=ORIENTED_EDGE('',*,*,#2812,.T.);
#3605=ORIENTED_EDGE('',*,*,#2787,.F.);
#3606=ORIENTED_EDGE('',*,*,#2799,.F.);
#3607=ORIENTED_EDGE('',*,*,#2770,.T.);
#3608=ORIENTED_EDGE('',*,*,#2808,.T.);
#3609=ORIENTED_EDGE('',*,*,#2779,.F.);
#3610=ORIENTED_EDGE('',*,*,#2775,.F.);
#3611=ORIENTED_EDGE('',*,*,#2813,.T.);
#3612=ORIENTED_EDGE('',*,*,#2796,.F.);
#3613=ORIENTED_EDGE('',*,*,#2813,.F.);
#3614=ORIENTED_EDGE('',*,*,#2774,.F.);
#3615=ORIENTED_EDGE('',*,*,#2814,.T.);
#3616=ORIENTED_EDGE('',*,*,#2795,.F.);
#3617=ORIENTED_EDGE('',*,*,#2814,.F.);
#3618=ORIENTED_EDGE('',*,*,#2773,.F.);
#3619=ORIENTED_EDGE('',*,*,#2815,.T.);
#3620=ORIENTED_EDGE('',*,*,#2794,.F.);
#3621=ORIENTED_EDGE('',*,*,#2815,.F.);
#3622=ORIENTED_EDGE('',*,*,#2772,.F.);
#3623=ORIENTED_EDGE('',*,*,#2816,.T.);
#3624=ORIENTED_EDGE('',*,*,#2793,.F.);
#3625=ORIENTED_EDGE('',*,*,#2816,.F.);
#3626=ORIENTED_EDGE('',*,*,#2771,.F.);
#3627=ORIENTED_EDGE('',*,*,#2817,.T.);
#3628=ORIENTED_EDGE('',*,*,#2792,.F.);
#3629=ORIENTED_EDGE('',*,*,#2817,.F.);
#3630=ORIENTED_EDGE('',*,*,#2818,.F.);
#3631=ORIENTED_EDGE('',*,*,#2819,.T.);
#3632=ORIENTED_EDGE('',*,*,#2820,.F.);
#3633=ORIENTED_EDGE('',*,*,#2819,.F.);
#3634=ORIENTED_EDGE('',*,*,#2821,.F.);
#3635=ORIENTED_EDGE('',*,*,#2822,.T.);
#3636=ORIENTED_EDGE('',*,*,#2823,.F.);
#3637=ORIENTED_EDGE('',*,*,#2822,.F.);
#3638=ORIENTED_EDGE('',*,*,#2824,.F.);
#3639=ORIENTED_EDGE('',*,*,#2825,.T.);
#3640=ORIENTED_EDGE('',*,*,#2826,.F.);
#3641=ORIENTED_EDGE('',*,*,#2825,.F.);
#3642=ORIENTED_EDGE('',*,*,#2827,.F.);
#3643=ORIENTED_EDGE('',*,*,#2828,.T.);
#3644=ORIENTED_EDGE('',*,*,#2829,.F.);
#3645=ORIENTED_EDGE('',*,*,#2828,.F.);
#3646=ORIENTED_EDGE('',*,*,#2830,.T.);
#3647=ORIENTED_EDGE('',*,*,#2831,.T.);
#3648=ORIENTED_EDGE('',*,*,#2832,.T.);
#3649=ORIENTED_EDGE('',*,*,#2833,.T.);
#3650=ORIENTED_EDGE('',*,*,#2830,.F.);
#3651=ORIENTED_EDGE('',*,*,#2834,.T.);
#3652=ORIENTED_EDGE('',*,*,#2835,.F.);
#3653=ORIENTED_EDGE('',*,*,#2836,.T.);
#3654=ORIENTED_EDGE('',*,*,#2837,.F.);
#3655=ORIENTED_EDGE('',*,*,#2838,.T.);
#3656=ORIENTED_EDGE('',*,*,#2839,.F.);
#3657=ORIENTED_EDGE('',*,*,#2840,.T.);
#3658=ORIENTED_EDGE('',*,*,#2818,.T.);
#3659=ORIENTED_EDGE('',*,*,#2821,.T.);
#3660=ORIENTED_EDGE('',*,*,#2824,.T.);
#3661=ORIENTED_EDGE('',*,*,#2827,.T.);
#3662=ORIENTED_EDGE('',*,*,#2833,.F.);
#3663=ORIENTED_EDGE('',*,*,#2841,.T.);
#3664=ORIENTED_EDGE('',*,*,#2842,.F.);
#3665=ORIENTED_EDGE('',*,*,#2834,.F.);
#3666=ORIENTED_EDGE('',*,*,#2835,.T.);
#3667=ORIENTED_EDGE('',*,*,#2842,.T.);
#3668=ORIENTED_EDGE('',*,*,#2843,.T.);
#3669=ORIENTED_EDGE('',*,*,#2844,.T.);
#3670=ORIENTED_EDGE('',*,*,#2839,.T.);
#3671=ORIENTED_EDGE('',*,*,#2845,.T.);
#3672=ORIENTED_EDGE('',*,*,#2846,.T.);
#3673=ORIENTED_EDGE('',*,*,#2847,.T.);
#3674=ORIENTED_EDGE('',*,*,#2845,.F.);
#3675=ORIENTED_EDGE('',*,*,#2838,.F.);
#3676=ORIENTED_EDGE('',*,*,#2848,.F.);
#3677=ORIENTED_EDGE('',*,*,#2849,.T.);
#3678=ORIENTED_EDGE('',*,*,#2837,.T.);
#3679=ORIENTED_EDGE('',*,*,#2850,.T.);
#3680=ORIENTED_EDGE('',*,*,#2851,.T.);
#3681=ORIENTED_EDGE('',*,*,#2848,.T.);
#3682=ORIENTED_EDGE('',*,*,#2844,.F.);
#3683=ORIENTED_EDGE('',*,*,#2852,.T.);
#3684=ORIENTED_EDGE('',*,*,#2850,.F.);
#3685=ORIENTED_EDGE('',*,*,#2836,.F.);
#3686=ORIENTED_EDGE('',*,*,#2831,.F.);
#3687=ORIENTED_EDGE('',*,*,#2840,.F.);
#3688=ORIENTED_EDGE('',*,*,#2847,.F.);
#3689=ORIENTED_EDGE('',*,*,#2853,.T.);
#3690=ORIENTED_EDGE('',*,*,#2832,.F.);
#3691=ORIENTED_EDGE('',*,*,#2853,.F.);
#3692=ORIENTED_EDGE('',*,*,#2846,.F.);
#3693=ORIENTED_EDGE('',*,*,#2849,.F.);
#3694=ORIENTED_EDGE('',*,*,#2851,.F.);
#3695=ORIENTED_EDGE('',*,*,#2852,.F.);
#3696=ORIENTED_EDGE('',*,*,#2843,.F.);
#3697=ORIENTED_EDGE('',*,*,#2841,.F.);
#3698=ORIENTED_EDGE('',*,*,#2820,.T.);
#3699=ORIENTED_EDGE('',*,*,#2823,.T.);
#3700=ORIENTED_EDGE('',*,*,#2826,.T.);
#3701=ORIENTED_EDGE('',*,*,#2829,.T.);
#3702=ORIENTED_EDGE('',*,*,#2854,.F.);
#3703=ORIENTED_EDGE('',*,*,#2855,.T.);
#3704=ORIENTED_EDGE('',*,*,#2856,.T.);
#3705=ORIENTED_EDGE('',*,*,#2857,.F.);
#3706=ORIENTED_EDGE('',*,*,#2858,.F.);
#3707=ORIENTED_EDGE('',*,*,#2859,.T.);
#3708=ORIENTED_EDGE('',*,*,#2860,.T.);
#3709=ORIENTED_EDGE('',*,*,#2855,.F.);
#3710=ORIENTED_EDGE('',*,*,#2861,.F.);
#3711=ORIENTED_EDGE('',*,*,#2862,.T.);
#3712=ORIENTED_EDGE('',*,*,#2863,.T.);
#3713=ORIENTED_EDGE('',*,*,#2859,.F.);
#3714=ORIENTED_EDGE('',*,*,#2864,.F.);
#3715=ORIENTED_EDGE('',*,*,#2857,.T.);
#3716=ORIENTED_EDGE('',*,*,#2865,.T.);
#3717=ORIENTED_EDGE('',*,*,#2862,.F.);
#3718=ORIENTED_EDGE('',*,*,#2865,.F.);
#3719=ORIENTED_EDGE('',*,*,#2856,.F.);
#3720=ORIENTED_EDGE('',*,*,#2860,.F.);
#3721=ORIENTED_EDGE('',*,*,#2863,.F.);
#3722=ORIENTED_EDGE('',*,*,#2866,.F.);
#3723=ORIENTED_EDGE('',*,*,#2867,.T.);
#3724=ORIENTED_EDGE('',*,*,#2868,.T.);
#3725=ORIENTED_EDGE('',*,*,#2869,.F.);
#3726=ORIENTED_EDGE('',*,*,#2870,.F.);
#3727=ORIENTED_EDGE('',*,*,#2871,.T.);
#3728=ORIENTED_EDGE('',*,*,#2872,.T.);
#3729=ORIENTED_EDGE('',*,*,#2867,.F.);
#3730=ORIENTED_EDGE('',*,*,#2873,.F.);
#3731=ORIENTED_EDGE('',*,*,#2874,.T.);
#3732=ORIENTED_EDGE('',*,*,#2875,.T.);
#3733=ORIENTED_EDGE('',*,*,#2871,.F.);
#3734=ORIENTED_EDGE('',*,*,#2876,.F.);
#3735=ORIENTED_EDGE('',*,*,#2869,.T.);
#3736=ORIENTED_EDGE('',*,*,#2877,.T.);
#3737=ORIENTED_EDGE('',*,*,#2874,.F.);
#3738=ORIENTED_EDGE('',*,*,#2877,.F.);
#3739=ORIENTED_EDGE('',*,*,#2868,.F.);
#3740=ORIENTED_EDGE('',*,*,#2872,.F.);
#3741=ORIENTED_EDGE('',*,*,#2875,.F.);
#3742=ORIENTED_EDGE('',*,*,#2878,.F.);
#3743=ORIENTED_EDGE('',*,*,#2879,.T.);
#3744=ORIENTED_EDGE('',*,*,#2880,.T.);
#3745=ORIENTED_EDGE('',*,*,#2879,.F.);
#3746=ORIENTED_EDGE('',*,*,#2880,.F.);
#3747=ORIENTED_EDGE('',*,*,#2881,.F.);
#3748=ORIENTED_EDGE('',*,*,#2882,.T.);
#3749=ORIENTED_EDGE('',*,*,#2883,.T.);
#3750=ORIENTED_EDGE('',*,*,#2882,.F.);
#3751=ORIENTED_EDGE('',*,*,#2883,.F.);
#3752=ORIENTED_EDGE('',*,*,#2884,.F.);
#3753=ORIENTED_EDGE('',*,*,#2885,.F.);
#3754=ORIENTED_EDGE('',*,*,#2886,.F.);
#3755=ORIENTED_EDGE('',*,*,#2887,.F.);
#3756=ORIENTED_EDGE('',*,*,#2878,.T.);
#3757=ORIENTED_EDGE('',*,*,#2881,.T.);
#3758=ORIENTED_EDGE('',*,*,#2888,.T.);
#3759=ORIENTED_EDGE('',*,*,#2889,.T.);
#3760=ORIENTED_EDGE('',*,*,#2887,.T.);
#3761=ORIENTED_EDGE('',*,*,#2890,.F.);
#3762=ORIENTED_EDGE('',*,*,#2891,.T.);
#3763=ORIENTED_EDGE('',*,*,#2892,.T.);
#3764=ORIENTED_EDGE('',*,*,#2885,.T.);
#3765=ORIENTED_EDGE('',*,*,#2893,.F.);
#3766=ORIENTED_EDGE('',*,*,#2894,.T.);
#3767=ORIENTED_EDGE('',*,*,#2895,.T.);
#3768=ORIENTED_EDGE('',*,*,#2893,.T.);
#3769=ORIENTED_EDGE('',*,*,#2884,.T.);
#3770=ORIENTED_EDGE('',*,*,#2889,.F.);
#3771=ORIENTED_EDGE('',*,*,#2896,.F.);
#3772=ORIENTED_EDGE('',*,*,#2897,.T.);
#3773=ORIENTED_EDGE('',*,*,#2896,.T.);
#3774=ORIENTED_EDGE('',*,*,#2888,.F.);
#3775=ORIENTED_EDGE('',*,*,#2898,.F.);
#3776=ORIENTED_EDGE('',*,*,#2899,.T.);
#3777=ORIENTED_EDGE('',*,*,#2898,.T.);
#3778=ORIENTED_EDGE('',*,*,#2890,.T.);
#3779=ORIENTED_EDGE('',*,*,#2886,.T.);
#3780=ORIENTED_EDGE('',*,*,#2892,.F.);
#3781=ORIENTED_EDGE('',*,*,#2900,.F.);
#3782=ORIENTED_EDGE('',*,*,#2901,.T.);
#3783=ORIENTED_EDGE('',*,*,#2900,.T.);
#3784=ORIENTED_EDGE('',*,*,#2891,.F.);
#3785=ORIENTED_EDGE('',*,*,#2895,.F.);
#3786=ORIENTED_EDGE('',*,*,#2854,.T.);
#3787=ORIENTED_EDGE('',*,*,#2864,.T.);
#3788=ORIENTED_EDGE('',*,*,#2861,.T.);
#3789=ORIENTED_EDGE('',*,*,#2858,.T.);
#3790=ORIENTED_EDGE('',*,*,#2866,.T.);
#3791=ORIENTED_EDGE('',*,*,#2876,.T.);
#3792=ORIENTED_EDGE('',*,*,#2873,.T.);
#3793=ORIENTED_EDGE('',*,*,#2870,.T.);
#3794=ORIENTED_EDGE('',*,*,#2901,.F.);
#3795=ORIENTED_EDGE('',*,*,#2894,.F.);
#3796=ORIENTED_EDGE('',*,*,#2897,.F.);
#3797=ORIENTED_EDGE('',*,*,#2899,.F.);
#3798=ORIENTED_EDGE('',*,*,#2902,.F.);
#3799=ORIENTED_EDGE('',*,*,#2903,.T.);
#3800=ORIENTED_EDGE('',*,*,#2904,.T.);
#3801=ORIENTED_EDGE('',*,*,#2905,.F.);
#3802=ORIENTED_EDGE('',*,*,#2906,.F.);
#3803=ORIENTED_EDGE('',*,*,#2907,.T.);
#3804=ORIENTED_EDGE('',*,*,#2908,.T.);
#3805=ORIENTED_EDGE('',*,*,#2903,.F.);
#3806=ORIENTED_EDGE('',*,*,#2909,.F.);
#3807=ORIENTED_EDGE('',*,*,#2910,.T.);
#3808=ORIENTED_EDGE('',*,*,#2911,.T.);
#3809=ORIENTED_EDGE('',*,*,#2907,.F.);
#3810=ORIENTED_EDGE('',*,*,#2912,.F.);
#3811=ORIENTED_EDGE('',*,*,#2905,.T.);
#3812=ORIENTED_EDGE('',*,*,#2913,.T.);
#3813=ORIENTED_EDGE('',*,*,#2910,.F.);
#3814=ORIENTED_EDGE('',*,*,#2913,.F.);
#3815=ORIENTED_EDGE('',*,*,#2904,.F.);
#3816=ORIENTED_EDGE('',*,*,#2908,.F.);
#3817=ORIENTED_EDGE('',*,*,#2911,.F.);
#3818=ORIENTED_EDGE('',*,*,#2914,.F.);
#3819=ORIENTED_EDGE('',*,*,#2915,.T.);
#3820=ORIENTED_EDGE('',*,*,#2916,.T.);
#3821=ORIENTED_EDGE('',*,*,#2917,.F.);
#3822=ORIENTED_EDGE('',*,*,#2918,.F.);
#3823=ORIENTED_EDGE('',*,*,#2919,.T.);
#3824=ORIENTED_EDGE('',*,*,#2920,.T.);
#3825=ORIENTED_EDGE('',*,*,#2915,.F.);
#3826=ORIENTED_EDGE('',*,*,#2921,.F.);
#3827=ORIENTED_EDGE('',*,*,#2922,.T.);
#3828=ORIENTED_EDGE('',*,*,#2923,.T.);
#3829=ORIENTED_EDGE('',*,*,#2919,.F.);
#3830=ORIENTED_EDGE('',*,*,#2924,.F.);
#3831=ORIENTED_EDGE('',*,*,#2917,.T.);
#3832=ORIENTED_EDGE('',*,*,#2925,.T.);
#3833=ORIENTED_EDGE('',*,*,#2922,.F.);
#3834=ORIENTED_EDGE('',*,*,#2925,.F.);
#3835=ORIENTED_EDGE('',*,*,#2916,.F.);
#3836=ORIENTED_EDGE('',*,*,#2920,.F.);
#3837=ORIENTED_EDGE('',*,*,#2923,.F.);
#3838=ORIENTED_EDGE('',*,*,#2926,.F.);
#3839=ORIENTED_EDGE('',*,*,#2927,.T.);
#3840=ORIENTED_EDGE('',*,*,#2928,.T.);
#3841=ORIENTED_EDGE('',*,*,#2927,.F.);
#3842=ORIENTED_EDGE('',*,*,#2928,.F.);
#3843=ORIENTED_EDGE('',*,*,#2929,.F.);
#3844=ORIENTED_EDGE('',*,*,#2930,.T.);
#3845=ORIENTED_EDGE('',*,*,#2931,.T.);
#3846=ORIENTED_EDGE('',*,*,#2930,.F.);
#3847=ORIENTED_EDGE('',*,*,#2931,.F.);
#3848=ORIENTED_EDGE('',*,*,#2932,.F.);
#3849=ORIENTED_EDGE('',*,*,#2933,.F.);
#3850=ORIENTED_EDGE('',*,*,#2934,.F.);
#3851=ORIENTED_EDGE('',*,*,#2935,.F.);
#3852=ORIENTED_EDGE('',*,*,#2926,.T.);
#3853=ORIENTED_EDGE('',*,*,#2929,.T.);
#3854=ORIENTED_EDGE('',*,*,#2936,.T.);
#3855=ORIENTED_EDGE('',*,*,#2937,.T.);
#3856=ORIENTED_EDGE('',*,*,#2935,.T.);
#3857=ORIENTED_EDGE('',*,*,#2938,.F.);
#3858=ORIENTED_EDGE('',*,*,#2939,.T.);
#3859=ORIENTED_EDGE('',*,*,#2940,.T.);
#3860=ORIENTED_EDGE('',*,*,#2933,.T.);
#3861=ORIENTED_EDGE('',*,*,#2941,.F.);
#3862=ORIENTED_EDGE('',*,*,#2942,.T.);
#3863=ORIENTED_EDGE('',*,*,#2943,.T.);
#3864=ORIENTED_EDGE('',*,*,#2941,.T.);
#3865=ORIENTED_EDGE('',*,*,#2932,.T.);
#3866=ORIENTED_EDGE('',*,*,#2937,.F.);
#3867=ORIENTED_EDGE('',*,*,#2944,.F.);
#3868=ORIENTED_EDGE('',*,*,#2945,.T.);
#3869=ORIENTED_EDGE('',*,*,#2944,.T.);
#3870=ORIENTED_EDGE('',*,*,#2936,.F.);
#3871=ORIENTED_EDGE('',*,*,#2946,.F.);
#3872=ORIENTED_EDGE('',*,*,#2947,.T.);
#3873=ORIENTED_EDGE('',*,*,#2946,.T.);
#3874=ORIENTED_EDGE('',*,*,#2938,.T.);
#3875=ORIENTED_EDGE('',*,*,#2934,.T.);
#3876=ORIENTED_EDGE('',*,*,#2940,.F.);
#3877=ORIENTED_EDGE('',*,*,#2948,.F.);
#3878=ORIENTED_EDGE('',*,*,#2949,.T.);
#3879=ORIENTED_EDGE('',*,*,#2948,.T.);
#3880=ORIENTED_EDGE('',*,*,#2939,.F.);
#3881=ORIENTED_EDGE('',*,*,#2943,.F.);
#3882=ORIENTED_EDGE('',*,*,#2902,.T.);
#3883=ORIENTED_EDGE('',*,*,#2912,.T.);
#3884=ORIENTED_EDGE('',*,*,#2909,.T.);
#3885=ORIENTED_EDGE('',*,*,#2906,.T.);
#3886=ORIENTED_EDGE('',*,*,#2914,.T.);
#3887=ORIENTED_EDGE('',*,*,#2924,.T.);
#3888=ORIENTED_EDGE('',*,*,#2921,.T.);
#3889=ORIENTED_EDGE('',*,*,#2918,.T.);
#3890=ORIENTED_EDGE('',*,*,#2949,.F.);
#3891=ORIENTED_EDGE('',*,*,#2942,.F.);
#3892=ORIENTED_EDGE('',*,*,#2945,.F.);
#3893=ORIENTED_EDGE('',*,*,#2947,.F.);
#3894=ORIENTED_EDGE('',*,*,#2950,.F.);
#3895=ORIENTED_EDGE('',*,*,#2951,.T.);
#3896=ORIENTED_EDGE('',*,*,#2952,.T.);
#3897=ORIENTED_EDGE('',*,*,#2951,.F.);
#3898=ORIENTED_EDGE('',*,*,#2950,.T.);
#3899=ORIENTED_EDGE('',*,*,#2952,.F.);
#3900=ORIENTED_EDGE('',*,*,#2953,.T.);
#3901=ORIENTED_EDGE('',*,*,#2954,.T.);
#3902=ORIENTED_EDGE('',*,*,#2954,.F.);
#3903=ORIENTED_EDGE('',*,*,#2955,.T.);
#3904=ORIENTED_EDGE('',*,*,#2953,.F.);
#3905=ORIENTED_EDGE('',*,*,#2956,.T.);
#3906=ORIENTED_EDGE('',*,*,#2957,.F.);
#3907=ORIENTED_EDGE('',*,*,#2956,.F.);
#3908=ORIENTED_EDGE('',*,*,#2955,.F.);
#3909=ORIENTED_EDGE('',*,*,#2958,.F.);
#3910=ORIENTED_EDGE('',*,*,#2959,.T.);
#3911=ORIENTED_EDGE('',*,*,#2960,.T.);
#3912=ORIENTED_EDGE('',*,*,#2959,.F.);
#3913=ORIENTED_EDGE('',*,*,#2960,.F.);
#3914=ORIENTED_EDGE('',*,*,#2957,.T.);
#3915=ORIENTED_EDGE('',*,*,#2961,.F.);
#3916=ORIENTED_EDGE('',*,*,#2962,.F.);
#3917=ORIENTED_EDGE('',*,*,#2963,.F.);
#3918=ORIENTED_EDGE('',*,*,#2964,.T.);
#3919=ORIENTED_EDGE('',*,*,#2965,.F.);
#3920=ORIENTED_EDGE('',*,*,#2966,.F.);
#3921=ORIENTED_EDGE('',*,*,#2967,.T.);
#3922=ORIENTED_EDGE('',*,*,#2962,.T.);
#3923=ORIENTED_EDGE('',*,*,#2968,.F.);
#3924=ORIENTED_EDGE('',*,*,#2964,.F.);
#3925=ORIENTED_EDGE('',*,*,#2969,.T.);
#3926=ORIENTED_EDGE('',*,*,#2970,.F.);
#3927=ORIENTED_EDGE('',*,*,#2966,.T.);
#3928=ORIENTED_EDGE('',*,*,#2971,.F.);
#3929=ORIENTED_EDGE('',*,*,#2972,.F.);
#3930=ORIENTED_EDGE('',*,*,#2973,.T.);
#3931=ORIENTED_EDGE('',*,*,#2974,.T.);
#3932=ORIENTED_EDGE('',*,*,#2970,.T.);
#3933=ORIENTED_EDGE('',*,*,#2975,.T.);
#3934=ORIENTED_EDGE('',*,*,#2976,.T.);
#3935=ORIENTED_EDGE('',*,*,#2977,.F.);
#3936=ORIENTED_EDGE('',*,*,#2978,.F.);
#3937=ORIENTED_EDGE('',*,*,#2979,.F.);
#3938=ORIENTED_EDGE('',*,*,#2980,.T.);
#3939=ORIENTED_EDGE('',*,*,#2975,.F.);
#3940=ORIENTED_EDGE('',*,*,#2969,.F.);
#3941=ORIENTED_EDGE('',*,*,#2963,.T.);
#3942=ORIENTED_EDGE('',*,*,#2967,.F.);
#3943=ORIENTED_EDGE('',*,*,#2974,.F.);
#3944=ORIENTED_EDGE('',*,*,#2981,.F.);
#3945=ORIENTED_EDGE('',*,*,#2972,.T.);
#3946=ORIENTED_EDGE('',*,*,#2982,.T.);
#3947=ORIENTED_EDGE('',*,*,#2983,.T.);
#3948=ORIENTED_EDGE('',*,*,#2984,.T.);
#3949=ORIENTED_EDGE('',*,*,#2968,.T.);
#3950=ORIENTED_EDGE('',*,*,#2978,.T.);
#3951=ORIENTED_EDGE('',*,*,#2985,.F.);
#3952=ORIENTED_EDGE('',*,*,#2986,.T.);
#3953=ORIENTED_EDGE('',*,*,#2982,.F.);
#3954=ORIENTED_EDGE('',*,*,#2971,.T.);
#3955=ORIENTED_EDGE('',*,*,#2965,.T.);
#3956=ORIENTED_EDGE('',*,*,#2961,.T.);
#3957=ORIENTED_EDGE('',*,*,#2977,.T.);
#3958=ORIENTED_EDGE('',*,*,#2987,.T.);
#3959=ORIENTED_EDGE('',*,*,#2988,.T.);
#3960=ORIENTED_EDGE('',*,*,#2985,.T.);
#3961=ORIENTED_EDGE('',*,*,#2989,.F.);
#3962=ORIENTED_EDGE('',*,*,#2990,.T.);
#3963=ORIENTED_EDGE('',*,*,#2987,.F.);
#3964=ORIENTED_EDGE('',*,*,#2976,.F.);
#3965=ORIENTED_EDGE('',*,*,#2980,.F.);
#3966=ORIENTED_EDGE('',*,*,#2991,.F.);
#3967=ORIENTED_EDGE('',*,*,#2992,.F.);
#3968=ORIENTED_EDGE('',*,*,#2991,.T.);
#3969=ORIENTED_EDGE('',*,*,#2979,.T.);
#3970=ORIENTED_EDGE('',*,*,#2993,.F.);
#3971=ORIENTED_EDGE('',*,*,#2958,.T.);
#3972=ORIENTED_EDGE('',*,*,#2994,.F.);
#3973=ORIENTED_EDGE('',*,*,#2993,.T.);
#3974=ORIENTED_EDGE('',*,*,#2981,.T.);
#3975=ORIENTED_EDGE('',*,*,#2973,.F.);
#3976=ORIENTED_EDGE('',*,*,#2984,.F.);
#3977=ORIENTED_EDGE('',*,*,#2995,.F.);
#3978=ORIENTED_EDGE('',*,*,#2996,.F.);
#3979=ORIENTED_EDGE('',*,*,#2995,.T.);
#3980=ORIENTED_EDGE('',*,*,#2983,.F.);
#3981=ORIENTED_EDGE('',*,*,#2986,.F.);
#3982=ORIENTED_EDGE('',*,*,#2988,.F.);
#3983=ORIENTED_EDGE('',*,*,#2990,.F.);
#3984=ORIENTED_EDGE('',*,*,#2996,.T.);
#3985=ORIENTED_EDGE('',*,*,#2989,.T.);
#3986=ORIENTED_EDGE('',*,*,#2992,.T.);
#3987=ORIENTED_EDGE('',*,*,#2994,.T.);
#3988=ORIENTED_EDGE('',*,*,#2997,.F.);
#3989=ORIENTED_EDGE('',*,*,#2998,.T.);
#3990=ORIENTED_EDGE('',*,*,#2999,.T.);
#3991=ORIENTED_EDGE('',*,*,#2998,.F.);
#3992=ORIENTED_EDGE('',*,*,#2999,.F.);
#3993=ORIENTED_EDGE('',*,*,#3000,.F.);
#3994=ORIENTED_EDGE('',*,*,#3001,.T.);
#3995=ORIENTED_EDGE('',*,*,#3002,.F.);
#3996=ORIENTED_EDGE('',*,*,#3001,.F.);
#3997=ORIENTED_EDGE('',*,*,#3000,.T.);
#3998=ORIENTED_EDGE('',*,*,#2997,.T.);
#3999=ORIENTED_EDGE('',*,*,#3003,.F.);
#4000=ORIENTED_EDGE('',*,*,#3004,.T.);
#4001=ORIENTED_EDGE('',*,*,#3005,.F.);
#4002=ORIENTED_EDGE('',*,*,#3006,.F.);
#4003=ORIENTED_EDGE('',*,*,#3002,.T.);
#4004=ORIENTED_EDGE('',*,*,#3007,.F.);
#4005=ORIENTED_EDGE('',*,*,#3006,.T.);
#4006=ORIENTED_EDGE('',*,*,#3008,.F.);
#4007=ORIENTED_EDGE('',*,*,#3009,.F.);
#4008=ORIENTED_EDGE('',*,*,#3010,.F.);
#4009=ORIENTED_EDGE('',*,*,#3009,.T.);
#4010=ORIENTED_EDGE('',*,*,#3011,.F.);
#4011=ORIENTED_EDGE('',*,*,#3012,.F.);
#4012=ORIENTED_EDGE('',*,*,#3013,.F.);
#4013=ORIENTED_EDGE('',*,*,#3012,.T.);
#4014=ORIENTED_EDGE('',*,*,#3014,.F.);
#4015=ORIENTED_EDGE('',*,*,#3004,.F.);
#4016=ORIENTED_EDGE('',*,*,#3014,.T.);
#4017=ORIENTED_EDGE('',*,*,#3011,.T.);
#4018=ORIENTED_EDGE('',*,*,#3008,.T.);
#4019=ORIENTED_EDGE('',*,*,#3005,.T.);
#4020=ORIENTED_EDGE('',*,*,#3013,.T.);
#4021=ORIENTED_EDGE('',*,*,#3003,.T.);
#4022=ORIENTED_EDGE('',*,*,#3007,.T.);
#4023=ORIENTED_EDGE('',*,*,#3010,.T.);
#4024=ORIENTED_EDGE('',*,*,#3015,.F.);
#4025=ORIENTED_EDGE('',*,*,#3016,.T.);
#4026=ORIENTED_EDGE('',*,*,#3017,.T.);
#4027=ORIENTED_EDGE('',*,*,#3018,.F.);
#4028=ORIENTED_EDGE('',*,*,#3019,.F.);
#4029=ORIENTED_EDGE('',*,*,#3020,.T.);
#4030=ORIENTED_EDGE('',*,*,#3021,.T.);
#4031=ORIENTED_EDGE('',*,*,#3016,.F.);
#4032=ORIENTED_EDGE('',*,*,#3022,.F.);
#4033=ORIENTED_EDGE('',*,*,#3023,.T.);
#4034=ORIENTED_EDGE('',*,*,#3024,.T.);
#4035=ORIENTED_EDGE('',*,*,#3020,.F.);
#4036=ORIENTED_EDGE('',*,*,#3025,.F.);
#4037=ORIENTED_EDGE('',*,*,#3018,.T.);
#4038=ORIENTED_EDGE('',*,*,#3026,.T.);
#4039=ORIENTED_EDGE('',*,*,#3023,.F.);
#4040=ORIENTED_EDGE('',*,*,#3026,.F.);
#4041=ORIENTED_EDGE('',*,*,#3017,.F.);
#4042=ORIENTED_EDGE('',*,*,#3021,.F.);
#4043=ORIENTED_EDGE('',*,*,#3024,.F.);
#4044=ORIENTED_EDGE('',*,*,#3027,.F.);
#4045=ORIENTED_EDGE('',*,*,#3028,.T.);
#4046=ORIENTED_EDGE('',*,*,#3029,.T.);
#4047=ORIENTED_EDGE('',*,*,#3030,.F.);
#4048=ORIENTED_EDGE('',*,*,#3031,.F.);
#4049=ORIENTED_EDGE('',*,*,#3032,.T.);
#4050=ORIENTED_EDGE('',*,*,#3033,.T.);
#4051=ORIENTED_EDGE('',*,*,#3028,.F.);
#4052=ORIENTED_EDGE('',*,*,#3034,.F.);
#4053=ORIENTED_EDGE('',*,*,#3035,.T.);
#4054=ORIENTED_EDGE('',*,*,#3036,.T.);
#4055=ORIENTED_EDGE('',*,*,#3032,.F.);
#4056=ORIENTED_EDGE('',*,*,#3037,.F.);
#4057=ORIENTED_EDGE('',*,*,#3030,.T.);
#4058=ORIENTED_EDGE('',*,*,#3038,.T.);
#4059=ORIENTED_EDGE('',*,*,#3035,.F.);
#4060=ORIENTED_EDGE('',*,*,#3038,.F.);
#4061=ORIENTED_EDGE('',*,*,#3029,.F.);
#4062=ORIENTED_EDGE('',*,*,#3033,.F.);
#4063=ORIENTED_EDGE('',*,*,#3036,.F.);
#4064=ORIENTED_EDGE('',*,*,#3039,.F.);
#4065=ORIENTED_EDGE('',*,*,#3040,.T.);
#4066=ORIENTED_EDGE('',*,*,#3041,.T.);
#4067=ORIENTED_EDGE('',*,*,#3042,.F.);
#4068=ORIENTED_EDGE('',*,*,#3043,.F.);
#4069=ORIENTED_EDGE('',*,*,#3044,.T.);
#4070=ORIENTED_EDGE('',*,*,#3045,.T.);
#4071=ORIENTED_EDGE('',*,*,#3040,.F.);
#4072=ORIENTED_EDGE('',*,*,#3046,.F.);
#4073=ORIENTED_EDGE('',*,*,#3047,.T.);
#4074=ORIENTED_EDGE('',*,*,#3048,.T.);
#4075=ORIENTED_EDGE('',*,*,#3044,.F.);
#4076=ORIENTED_EDGE('',*,*,#3049,.F.);
#4077=ORIENTED_EDGE('',*,*,#3042,.T.);
#4078=ORIENTED_EDGE('',*,*,#3050,.T.);
#4079=ORIENTED_EDGE('',*,*,#3047,.F.);
#4080=ORIENTED_EDGE('',*,*,#3050,.F.);
#4081=ORIENTED_EDGE('',*,*,#3041,.F.);
#4082=ORIENTED_EDGE('',*,*,#3045,.F.);
#4083=ORIENTED_EDGE('',*,*,#3048,.F.);
#4084=ORIENTED_EDGE('',*,*,#3051,.F.);
#4085=ORIENTED_EDGE('',*,*,#3052,.T.);
#4086=ORIENTED_EDGE('',*,*,#3053,.T.);
#4087=ORIENTED_EDGE('',*,*,#3052,.F.);
#4088=ORIENTED_EDGE('',*,*,#3053,.F.);
#4089=ORIENTED_EDGE('',*,*,#3054,.F.);
#4090=ORIENTED_EDGE('',*,*,#3055,.T.);
#4091=ORIENTED_EDGE('',*,*,#3056,.T.);
#4092=ORIENTED_EDGE('',*,*,#3055,.F.);
#4093=ORIENTED_EDGE('',*,*,#3056,.F.);
#4094=ORIENTED_EDGE('',*,*,#3057,.F.);
#4095=ORIENTED_EDGE('',*,*,#3058,.T.);
#4096=ORIENTED_EDGE('',*,*,#3059,.T.);
#4097=ORIENTED_EDGE('',*,*,#3058,.F.);
#4098=ORIENTED_EDGE('',*,*,#3059,.F.);
#4099=ORIENTED_EDGE('',*,*,#3060,.F.);
#4100=ORIENTED_EDGE('',*,*,#3061,.F.);
#4101=ORIENTED_EDGE('',*,*,#3062,.F.);
#4102=ORIENTED_EDGE('',*,*,#3063,.F.);
#4103=ORIENTED_EDGE('',*,*,#3051,.T.);
#4104=ORIENTED_EDGE('',*,*,#3054,.T.);
#4105=ORIENTED_EDGE('',*,*,#3057,.T.);
#4106=ORIENTED_EDGE('',*,*,#3064,.T.);
#4107=ORIENTED_EDGE('',*,*,#3065,.T.);
#4108=ORIENTED_EDGE('',*,*,#3060,.T.);
#4109=ORIENTED_EDGE('',*,*,#3066,.F.);
#4110=ORIENTED_EDGE('',*,*,#3067,.T.);
#4111=ORIENTED_EDGE('',*,*,#3066,.T.);
#4112=ORIENTED_EDGE('',*,*,#3063,.T.);
#4113=ORIENTED_EDGE('',*,*,#3068,.F.);
#4114=ORIENTED_EDGE('',*,*,#3069,.T.);
#4115=ORIENTED_EDGE('',*,*,#3068,.T.);
#4116=ORIENTED_EDGE('',*,*,#3062,.T.);
#4117=ORIENTED_EDGE('',*,*,#3070,.F.);
#4118=ORIENTED_EDGE('',*,*,#3071,.T.);
#4119=ORIENTED_EDGE('',*,*,#3070,.T.);
#4120=ORIENTED_EDGE('',*,*,#3061,.T.);
#4121=ORIENTED_EDGE('',*,*,#3065,.F.);
#4122=ORIENTED_EDGE('',*,*,#3072,.T.);
#4123=ORIENTED_EDGE('',*,*,#3073,.T.);
#4124=ORIENTED_EDGE('',*,*,#3064,.F.);
#4125=ORIENTED_EDGE('',*,*,#3074,.F.);
#4126=ORIENTED_EDGE('',*,*,#3075,.T.);
#4127=ORIENTED_EDGE('',*,*,#3074,.T.);
#4128=ORIENTED_EDGE('',*,*,#3067,.F.);
#4129=ORIENTED_EDGE('',*,*,#3076,.F.);
#4130=ORIENTED_EDGE('',*,*,#3015,.T.);
#4131=ORIENTED_EDGE('',*,*,#3025,.T.);
#4132=ORIENTED_EDGE('',*,*,#3022,.T.);
#4133=ORIENTED_EDGE('',*,*,#3019,.T.);
#4134=ORIENTED_EDGE('',*,*,#3027,.T.);
#4135=ORIENTED_EDGE('',*,*,#3037,.T.);
#4136=ORIENTED_EDGE('',*,*,#3034,.T.);
#4137=ORIENTED_EDGE('',*,*,#3031,.T.);
#4138=ORIENTED_EDGE('',*,*,#3039,.T.);
#4139=ORIENTED_EDGE('',*,*,#3049,.T.);
#4140=ORIENTED_EDGE('',*,*,#3046,.T.);
#4141=ORIENTED_EDGE('',*,*,#3043,.T.);
#4142=ORIENTED_EDGE('',*,*,#3077,.T.);
#4143=ORIENTED_EDGE('',*,*,#3076,.T.);
#4144=ORIENTED_EDGE('',*,*,#3069,.F.);
#4145=ORIENTED_EDGE('',*,*,#3078,.F.);
#4146=ORIENTED_EDGE('',*,*,#3079,.T.);
#4147=ORIENTED_EDGE('',*,*,#3078,.T.);
#4148=ORIENTED_EDGE('',*,*,#3071,.F.);
#4149=ORIENTED_EDGE('',*,*,#3073,.F.);
#4150=ORIENTED_EDGE('',*,*,#3079,.F.);
#4151=ORIENTED_EDGE('',*,*,#3072,.F.);
#4152=ORIENTED_EDGE('',*,*,#3075,.F.);
#4153=ORIENTED_EDGE('',*,*,#3077,.F.);
#4154=ORIENTED_EDGE('',*,*,#3080,.F.);
#4155=ORIENTED_EDGE('',*,*,#3081,.T.);
#4156=ORIENTED_EDGE('',*,*,#3082,.T.);
#4157=ORIENTED_EDGE('',*,*,#3083,.F.);
#4158=ORIENTED_EDGE('',*,*,#3084,.F.);
#4159=ORIENTED_EDGE('',*,*,#3085,.T.);
#4160=ORIENTED_EDGE('',*,*,#3086,.T.);
#4161=ORIENTED_EDGE('',*,*,#3081,.F.);
#4162=ORIENTED_EDGE('',*,*,#3087,.F.);
#4163=ORIENTED_EDGE('',*,*,#3088,.T.);
#4164=ORIENTED_EDGE('',*,*,#3089,.T.);
#4165=ORIENTED_EDGE('',*,*,#3085,.F.);
#4166=ORIENTED_EDGE('',*,*,#3090,.F.);
#4167=ORIENTED_EDGE('',*,*,#3091,.T.);
#4168=ORIENTED_EDGE('',*,*,#3092,.T.);
#4169=ORIENTED_EDGE('',*,*,#3088,.F.);
#4170=ORIENTED_EDGE('',*,*,#3093,.F.);
#4171=ORIENTED_EDGE('',*,*,#3094,.T.);
#4172=ORIENTED_EDGE('',*,*,#3095,.T.);
#4173=ORIENTED_EDGE('',*,*,#3091,.F.);
#4174=ORIENTED_EDGE('',*,*,#3096,.F.);
#4175=ORIENTED_EDGE('',*,*,#3097,.T.);
#4176=ORIENTED_EDGE('',*,*,#3098,.T.);
#4177=ORIENTED_EDGE('',*,*,#3094,.F.);
#4178=ORIENTED_EDGE('',*,*,#3099,.F.);
#4179=ORIENTED_EDGE('',*,*,#3083,.T.);
#4180=ORIENTED_EDGE('',*,*,#3100,.T.);
#4181=ORIENTED_EDGE('',*,*,#3097,.F.);
#4182=ORIENTED_EDGE('',*,*,#3100,.F.);
#4183=ORIENTED_EDGE('',*,*,#3082,.F.);
#4184=ORIENTED_EDGE('',*,*,#3086,.F.);
#4185=ORIENTED_EDGE('',*,*,#3089,.F.);
#4186=ORIENTED_EDGE('',*,*,#3092,.F.);
#4187=ORIENTED_EDGE('',*,*,#3095,.F.);
#4188=ORIENTED_EDGE('',*,*,#3098,.F.);
#4189=ORIENTED_EDGE('',*,*,#3101,.F.);
#4190=ORIENTED_EDGE('',*,*,#3080,.T.);
#4191=ORIENTED_EDGE('',*,*,#3099,.T.);
#4192=ORIENTED_EDGE('',*,*,#3096,.T.);
#4193=ORIENTED_EDGE('',*,*,#3093,.T.);
#4194=ORIENTED_EDGE('',*,*,#3090,.T.);
#4195=ORIENTED_EDGE('',*,*,#3087,.T.);
#4196=ORIENTED_EDGE('',*,*,#3084,.T.);
#4197=ORIENTED_EDGE('',*,*,#3102,.F.);
#4198=ORIENTED_EDGE('',*,*,#3103,.T.);
#4199=ORIENTED_EDGE('',*,*,#3101,.T.);
#4200=ORIENTED_EDGE('',*,*,#3103,.F.);
#4201=ORIENTED_EDGE('',*,*,#3104,.F.);
#4202=ORIENTED_EDGE('',*,*,#3105,.T.);
#4203=ORIENTED_EDGE('',*,*,#3106,.F.);
#4204=ORIENTED_EDGE('',*,*,#3107,.F.);
#4205=ORIENTED_EDGE('',*,*,#3108,.F.);
#4206=ORIENTED_EDGE('',*,*,#3107,.T.);
#4207=ORIENTED_EDGE('',*,*,#3109,.F.);
#4208=ORIENTED_EDGE('',*,*,#3110,.F.);
#4209=ORIENTED_EDGE('',*,*,#3111,.F.);
#4210=ORIENTED_EDGE('',*,*,#3110,.T.);
#4211=ORIENTED_EDGE('',*,*,#3112,.F.);
#4212=ORIENTED_EDGE('',*,*,#3113,.F.);
#4213=ORIENTED_EDGE('',*,*,#3114,.F.);
#4214=ORIENTED_EDGE('',*,*,#3113,.T.);
#4215=ORIENTED_EDGE('',*,*,#3115,.F.);
#4216=ORIENTED_EDGE('',*,*,#3105,.F.);
#4217=ORIENTED_EDGE('',*,*,#3115,.T.);
#4218=ORIENTED_EDGE('',*,*,#3112,.T.);
#4219=ORIENTED_EDGE('',*,*,#3109,.T.);
#4220=ORIENTED_EDGE('',*,*,#3106,.T.);
#4221=ORIENTED_EDGE('',*,*,#3102,.T.);
#4222=ORIENTED_EDGE('',*,*,#3114,.T.);
#4223=ORIENTED_EDGE('',*,*,#3104,.T.);
#4224=ORIENTED_EDGE('',*,*,#3108,.T.);
#4225=ORIENTED_EDGE('',*,*,#3111,.T.);
#4226=ORIENTED_EDGE('',*,*,#3116,.F.);
#4227=ORIENTED_EDGE('',*,*,#3117,.T.);
#4228=ORIENTED_EDGE('',*,*,#3118,.T.);
#4229=ORIENTED_EDGE('',*,*,#3119,.F.);
#4230=ORIENTED_EDGE('',*,*,#3120,.F.);
#4231=ORIENTED_EDGE('',*,*,#3121,.T.);
#4232=ORIENTED_EDGE('',*,*,#3122,.T.);
#4233=ORIENTED_EDGE('',*,*,#3117,.F.);
#4234=ORIENTED_EDGE('',*,*,#3123,.F.);
#4235=ORIENTED_EDGE('',*,*,#3124,.T.);
#4236=ORIENTED_EDGE('',*,*,#3125,.T.);
#4237=ORIENTED_EDGE('',*,*,#3121,.F.);
#4238=ORIENTED_EDGE('',*,*,#3126,.F.);
#4239=ORIENTED_EDGE('',*,*,#3119,.T.);
#4240=ORIENTED_EDGE('',*,*,#3127,.T.);
#4241=ORIENTED_EDGE('',*,*,#3124,.F.);
#4242=ORIENTED_EDGE('',*,*,#3127,.F.);
#4243=ORIENTED_EDGE('',*,*,#3118,.F.);
#4244=ORIENTED_EDGE('',*,*,#3122,.F.);
#4245=ORIENTED_EDGE('',*,*,#3125,.F.);
#4246=ORIENTED_EDGE('',*,*,#3128,.F.);
#4247=ORIENTED_EDGE('',*,*,#3129,.T.);
#4248=ORIENTED_EDGE('',*,*,#3130,.T.);
#4249=ORIENTED_EDGE('',*,*,#3131,.F.);
#4250=ORIENTED_EDGE('',*,*,#3132,.F.);
#4251=ORIENTED_EDGE('',*,*,#3133,.T.);
#4252=ORIENTED_EDGE('',*,*,#3134,.T.);
#4253=ORIENTED_EDGE('',*,*,#3129,.F.);
#4254=ORIENTED_EDGE('',*,*,#3135,.F.);
#4255=ORIENTED_EDGE('',*,*,#3136,.T.);
#4256=ORIENTED_EDGE('',*,*,#3137,.T.);
#4257=ORIENTED_EDGE('',*,*,#3133,.F.);
#4258=ORIENTED_EDGE('',*,*,#3138,.F.);
#4259=ORIENTED_EDGE('',*,*,#3131,.T.);
#4260=ORIENTED_EDGE('',*,*,#3139,.T.);
#4261=ORIENTED_EDGE('',*,*,#3136,.F.);
#4262=ORIENTED_EDGE('',*,*,#3139,.F.);
#4263=ORIENTED_EDGE('',*,*,#3130,.F.);
#4264=ORIENTED_EDGE('',*,*,#3134,.F.);
#4265=ORIENTED_EDGE('',*,*,#3137,.F.);
#4266=ORIENTED_EDGE('',*,*,#3140,.F.);
#4267=ORIENTED_EDGE('',*,*,#3141,.T.);
#4268=ORIENTED_EDGE('',*,*,#3142,.T.);
#4269=ORIENTED_EDGE('',*,*,#3141,.F.);
#4270=ORIENTED_EDGE('',*,*,#3142,.F.);
#4271=ORIENTED_EDGE('',*,*,#3143,.F.);
#4272=ORIENTED_EDGE('',*,*,#3144,.T.);
#4273=ORIENTED_EDGE('',*,*,#3145,.T.);
#4274=ORIENTED_EDGE('',*,*,#3144,.F.);
#4275=ORIENTED_EDGE('',*,*,#3145,.F.);
#4276=ORIENTED_EDGE('',*,*,#3146,.F.);
#4277=ORIENTED_EDGE('',*,*,#3147,.F.);
#4278=ORIENTED_EDGE('',*,*,#3148,.F.);
#4279=ORIENTED_EDGE('',*,*,#3149,.F.);
#4280=ORIENTED_EDGE('',*,*,#3140,.T.);
#4281=ORIENTED_EDGE('',*,*,#3143,.T.);
#4282=ORIENTED_EDGE('',*,*,#3150,.T.);
#4283=ORIENTED_EDGE('',*,*,#3151,.T.);
#4284=ORIENTED_EDGE('',*,*,#3149,.T.);
#4285=ORIENTED_EDGE('',*,*,#3152,.F.);
#4286=ORIENTED_EDGE('',*,*,#3153,.T.);
#4287=ORIENTED_EDGE('',*,*,#3154,.T.);
#4288=ORIENTED_EDGE('',*,*,#3147,.T.);
#4289=ORIENTED_EDGE('',*,*,#3155,.F.);
#4290=ORIENTED_EDGE('',*,*,#3156,.T.);
#4291=ORIENTED_EDGE('',*,*,#3157,.T.);
#4292=ORIENTED_EDGE('',*,*,#3155,.T.);
#4293=ORIENTED_EDGE('',*,*,#3146,.T.);
#4294=ORIENTED_EDGE('',*,*,#3151,.F.);
#4295=ORIENTED_EDGE('',*,*,#3158,.F.);
#4296=ORIENTED_EDGE('',*,*,#3159,.T.);
#4297=ORIENTED_EDGE('',*,*,#3158,.T.);
#4298=ORIENTED_EDGE('',*,*,#3150,.F.);
#4299=ORIENTED_EDGE('',*,*,#3160,.F.);
#4300=ORIENTED_EDGE('',*,*,#3161,.T.);
#4301=ORIENTED_EDGE('',*,*,#3160,.T.);
#4302=ORIENTED_EDGE('',*,*,#3152,.T.);
#4303=ORIENTED_EDGE('',*,*,#3148,.T.);
#4304=ORIENTED_EDGE('',*,*,#3154,.F.);
#4305=ORIENTED_EDGE('',*,*,#3162,.F.);
#4306=ORIENTED_EDGE('',*,*,#3163,.T.);
#4307=ORIENTED_EDGE('',*,*,#3162,.T.);
#4308=ORIENTED_EDGE('',*,*,#3153,.F.);
#4309=ORIENTED_EDGE('',*,*,#3157,.F.);
#4310=ORIENTED_EDGE('',*,*,#3116,.T.);
#4311=ORIENTED_EDGE('',*,*,#3126,.T.);
#4312=ORIENTED_EDGE('',*,*,#3123,.T.);
#4313=ORIENTED_EDGE('',*,*,#3120,.T.);
#4314=ORIENTED_EDGE('',*,*,#3128,.T.);
#4315=ORIENTED_EDGE('',*,*,#3138,.T.);
#4316=ORIENTED_EDGE('',*,*,#3135,.T.);
#4317=ORIENTED_EDGE('',*,*,#3132,.T.);
#4318=ORIENTED_EDGE('',*,*,#3163,.F.);
#4319=ORIENTED_EDGE('',*,*,#3156,.F.);
#4320=ORIENTED_EDGE('',*,*,#3159,.F.);
#4321=ORIENTED_EDGE('',*,*,#3161,.F.);
#4322=ORIENTED_EDGE('',*,*,#3164,.F.);
#4323=ORIENTED_EDGE('',*,*,#3165,.T.);
#4324=ORIENTED_EDGE('',*,*,#3166,.F.);
#4325=ORIENTED_EDGE('',*,*,#3167,.F.);
#4326=ORIENTED_EDGE('',*,*,#3168,.F.);
#4327=ORIENTED_EDGE('',*,*,#3167,.T.);
#4328=ORIENTED_EDGE('',*,*,#3169,.F.);
#4329=ORIENTED_EDGE('',*,*,#3170,.F.);
#4330=ORIENTED_EDGE('',*,*,#3171,.F.);
#4331=ORIENTED_EDGE('',*,*,#3170,.T.);
#4332=ORIENTED_EDGE('',*,*,#3172,.F.);
#4333=ORIENTED_EDGE('',*,*,#3173,.F.);
#4334=ORIENTED_EDGE('',*,*,#3174,.F.);
#4335=ORIENTED_EDGE('',*,*,#3173,.T.);
#4336=ORIENTED_EDGE('',*,*,#3175,.F.);
#4337=ORIENTED_EDGE('',*,*,#3165,.F.);
#4338=ORIENTED_EDGE('',*,*,#3175,.T.);
#4339=ORIENTED_EDGE('',*,*,#3172,.T.);
#4340=ORIENTED_EDGE('',*,*,#3169,.T.);
#4341=ORIENTED_EDGE('',*,*,#3166,.T.);
#4342=ORIENTED_EDGE('',*,*,#3174,.T.);
#4343=ORIENTED_EDGE('',*,*,#3164,.T.);
#4344=ORIENTED_EDGE('',*,*,#3168,.T.);
#4345=ORIENTED_EDGE('',*,*,#3171,.T.);
#4346=ORIENTED_EDGE('',*,*,#3176,.F.);
#4347=ORIENTED_EDGE('',*,*,#3177,.T.);
#4348=ORIENTED_EDGE('',*,*,#3178,.T.);
#4349=ORIENTED_EDGE('',*,*,#3177,.F.);
#4350=ORIENTED_EDGE('',*,*,#3178,.F.);
#4351=ORIENTED_EDGE('',*,*,#3179,.F.);
#4352=ORIENTED_EDGE('',*,*,#3180,.T.);
#4353=ORIENTED_EDGE('',*,*,#3181,.T.);
#4354=ORIENTED_EDGE('',*,*,#3180,.F.);
#4355=ORIENTED_EDGE('',*,*,#3181,.F.);
#4356=ORIENTED_EDGE('',*,*,#3182,.F.);
#4357=ORIENTED_EDGE('',*,*,#3183,.F.);
#4358=ORIENTED_EDGE('',*,*,#3184,.F.);
#4359=ORIENTED_EDGE('',*,*,#3185,.F.);
#4360=ORIENTED_EDGE('',*,*,#3185,.T.);
#4361=ORIENTED_EDGE('',*,*,#3186,.F.);
#4362=ORIENTED_EDGE('',*,*,#3187,.T.);
#4363=ORIENTED_EDGE('',*,*,#3188,.F.);
#4364=ORIENTED_EDGE('',*,*,#3183,.T.);
#4365=ORIENTED_EDGE('',*,*,#3189,.F.);
#4366=ORIENTED_EDGE('',*,*,#3190,.F.);
#4367=ORIENTED_EDGE('',*,*,#3191,.F.);
#4368=ORIENTED_EDGE('',*,*,#3192,.F.);
#4369=ORIENTED_EDGE('',*,*,#3193,.F.);
#4370=ORIENTED_EDGE('',*,*,#3194,.F.);
#4371=ORIENTED_EDGE('',*,*,#3195,.F.);
#4372=ORIENTED_EDGE('',*,*,#3195,.T.);
#4373=ORIENTED_EDGE('',*,*,#3196,.F.);
#4374=ORIENTED_EDGE('',*,*,#3197,.T.);
#4375=ORIENTED_EDGE('',*,*,#3198,.F.);
#4376=ORIENTED_EDGE('',*,*,#3184,.T.);
#4377=ORIENTED_EDGE('',*,*,#3191,.T.);
#4378=ORIENTED_EDGE('',*,*,#3199,.T.);
#4379=ORIENTED_EDGE('',*,*,#3200,.T.);
#4380=ORIENTED_EDGE('',*,*,#3201,.T.);
#4381=ORIENTED_EDGE('',*,*,#3196,.T.);
#4382=ORIENTED_EDGE('',*,*,#3194,.T.);
#4383=ORIENTED_EDGE('',*,*,#3202,.T.);
#4384=ORIENTED_EDGE('',*,*,#3203,.T.);
#4385=ORIENTED_EDGE('',*,*,#3204,.T.);
#4386=ORIENTED_EDGE('',*,*,#3205,.T.);
#4387=ORIENTED_EDGE('',*,*,#3206,.T.);
#4388=ORIENTED_EDGE('',*,*,#3207,.T.);
#4389=ORIENTED_EDGE('',*,*,#3208,.F.);
#4390=ORIENTED_EDGE('',*,*,#3209,.T.);
#4391=ORIENTED_EDGE('',*,*,#3210,.T.);
#4392=ORIENTED_EDGE('',*,*,#3186,.T.);
#4393=ORIENTED_EDGE('',*,*,#3211,.T.);
#4394=ORIENTED_EDGE('',*,*,#3212,.T.);
#4395=ORIENTED_EDGE('',*,*,#3213,.T.);
#4396=ORIENTED_EDGE('',*,*,#3213,.F.);
#4397=ORIENTED_EDGE('',*,*,#3214,.T.);
#4398=ORIENTED_EDGE('',*,*,#3215,.F.);
#4399=ORIENTED_EDGE('',*,*,#3216,.F.);
#4400=ORIENTED_EDGE('',*,*,#3217,.F.);
#4401=ORIENTED_EDGE('',*,*,#3214,.F.);
#4402=ORIENTED_EDGE('',*,*,#3215,.T.);
#4403=ORIENTED_EDGE('',*,*,#3217,.T.);
#4404=ORIENTED_EDGE('',*,*,#3218,.F.);
#4405=ORIENTED_EDGE('',*,*,#3219,.F.);
#4406=ORIENTED_EDGE('',*,*,#3220,.F.);
#4407=ORIENTED_EDGE('',*,*,#3221,.T.);
#4408=ORIENTED_EDGE('',*,*,#3222,.F.);
#4409=ORIENTED_EDGE('',*,*,#3223,.T.);
#4410=ORIENTED_EDGE('',*,*,#3224,.F.);
#4411=ORIENTED_EDGE('',*,*,#3225,.F.);
#4412=ORIENTED_EDGE('',*,*,#3226,.T.);
#4413=ORIENTED_EDGE('',*,*,#3227,.F.);
#4414=ORIENTED_EDGE('',*,*,#3226,.F.);
#4415=ORIENTED_EDGE('',*,*,#3228,.T.);
#4416=ORIENTED_EDGE('',*,*,#3229,.T.);
#4417=ORIENTED_EDGE('',*,*,#3230,.F.);
#4418=ORIENTED_EDGE('',*,*,#3204,.F.);
#4419=ORIENTED_EDGE('',*,*,#3231,.T.);
#4420=ORIENTED_EDGE('',*,*,#3205,.F.);
#4421=ORIENTED_EDGE('',*,*,#3230,.T.);
#4422=ORIENTED_EDGE('',*,*,#3232,.T.);
#4423=ORIENTED_EDGE('',*,*,#3227,.T.);
#4424=ORIENTED_EDGE('',*,*,#3233,.F.);
#4425=ORIENTED_EDGE('',*,*,#3187,.F.);
#4426=ORIENTED_EDGE('',*,*,#3210,.F.);
#4427=ORIENTED_EDGE('',*,*,#3234,.F.);
#4428=ORIENTED_EDGE('',*,*,#3235,.F.);
#4429=ORIENTED_EDGE('',*,*,#3236,.F.);
#4430=ORIENTED_EDGE('',*,*,#3206,.F.);
#4431=ORIENTED_EDGE('',*,*,#3231,.F.);
#4432=ORIENTED_EDGE('',*,*,#3199,.F.);
#4433=ORIENTED_EDGE('',*,*,#3190,.T.);
#4434=ORIENTED_EDGE('',*,*,#3237,.F.);
#4435=ORIENTED_EDGE('',*,*,#3238,.F.);
#4436=ORIENTED_EDGE('',*,*,#3200,.F.);
#4437=ORIENTED_EDGE('',*,*,#3238,.T.);
#4438=ORIENTED_EDGE('',*,*,#3239,.F.);
#4439=ORIENTED_EDGE('',*,*,#3240,.F.);
#4440=ORIENTED_EDGE('',*,*,#3201,.F.);
#4441=ORIENTED_EDGE('',*,*,#3240,.T.);
#4442=ORIENTED_EDGE('',*,*,#3241,.F.);
#4443=ORIENTED_EDGE('',*,*,#3197,.F.);
#4444=ORIENTED_EDGE('',*,*,#3193,.T.);
#4445=ORIENTED_EDGE('',*,*,#3242,.F.);
#4446=ORIENTED_EDGE('',*,*,#3243,.F.);
#4447=ORIENTED_EDGE('',*,*,#3202,.F.);
#4448=ORIENTED_EDGE('',*,*,#3203,.F.);
#4449=ORIENTED_EDGE('',*,*,#3243,.T.);
#4450=ORIENTED_EDGE('',*,*,#3244,.F.);
#4451=ORIENTED_EDGE('',*,*,#3228,.F.);
#4452=ORIENTED_EDGE('',*,*,#3235,.T.);
#4453=ORIENTED_EDGE('',*,*,#3232,.F.);
#4454=ORIENTED_EDGE('',*,*,#3229,.F.);
#4455=ORIENTED_EDGE('',*,*,#3244,.T.);
#4456=ORIENTED_EDGE('',*,*,#3242,.T.);
#4457=ORIENTED_EDGE('',*,*,#3192,.T.);
#4458=ORIENTED_EDGE('',*,*,#3198,.T.);
#4459=ORIENTED_EDGE('',*,*,#3241,.T.);
#4460=ORIENTED_EDGE('',*,*,#3239,.T.);
#4461=ORIENTED_EDGE('',*,*,#3237,.T.);
#4462=ORIENTED_EDGE('',*,*,#3189,.T.);
#4463=ORIENTED_EDGE('',*,*,#3182,.T.);
#4464=ORIENTED_EDGE('',*,*,#3188,.T.);
#4465=ORIENTED_EDGE('',*,*,#3233,.T.);
#4466=ORIENTED_EDGE('',*,*,#3245,.T.);
#4467=ORIENTED_EDGE('',*,*,#3246,.T.);
#4468=ORIENTED_EDGE('',*,*,#3247,.T.);
#4469=ORIENTED_EDGE('',*,*,#3248,.T.);
#4470=ORIENTED_EDGE('',*,*,#3249,.T.);
#4471=ORIENTED_EDGE('',*,*,#3250,.T.);
#4472=ORIENTED_EDGE('',*,*,#3251,.T.);
#4473=ORIENTED_EDGE('',*,*,#3176,.T.);
#4474=ORIENTED_EDGE('',*,*,#3179,.T.);
#4475=ORIENTED_EDGE('',*,*,#3212,.F.);
#4476=ORIENTED_EDGE('',*,*,#3252,.T.);
#4477=ORIENTED_EDGE('',*,*,#3253,.T.);
#4478=ORIENTED_EDGE('',*,*,#3252,.F.);
#4479=ORIENTED_EDGE('',*,*,#3253,.F.);
#4480=ORIENTED_EDGE('',*,*,#3211,.F.);
#4481=ORIENTED_EDGE('',*,*,#3254,.T.);
#4482=ORIENTED_EDGE('',*,*,#3255,.T.);
#4483=ORIENTED_EDGE('',*,*,#3254,.F.);
#4484=ORIENTED_EDGE('',*,*,#3255,.F.);
#4485=ORIENTED_EDGE('',*,*,#3256,.T.);
#4486=ORIENTED_EDGE('',*,*,#3257,.T.);
#4487=ORIENTED_EDGE('',*,*,#3248,.F.);
#4488=ORIENTED_EDGE('',*,*,#3258,.T.);
#4489=ORIENTED_EDGE('',*,*,#3258,.F.);
#4490=ORIENTED_EDGE('',*,*,#3247,.F.);
#4491=ORIENTED_EDGE('',*,*,#3259,.F.);
#4492=ORIENTED_EDGE('',*,*,#3260,.T.);
#4493=ORIENTED_EDGE('',*,*,#3261,.T.);
#4494=ORIENTED_EDGE('',*,*,#3262,.T.);
#4495=ORIENTED_EDGE('',*,*,#3263,.T.);
#4496=ORIENTED_EDGE('',*,*,#3264,.T.);
#4497=ORIENTED_EDGE('',*,*,#3265,.T.);
#4498=ORIENTED_EDGE('',*,*,#3266,.T.);
#4499=ORIENTED_EDGE('',*,*,#3259,.T.);
#4500=ORIENTED_EDGE('',*,*,#3246,.F.);
#4501=ORIENTED_EDGE('',*,*,#3267,.T.);
#4502=ORIENTED_EDGE('',*,*,#3267,.F.);
#4503=ORIENTED_EDGE('',*,*,#3245,.F.);
#4504=ORIENTED_EDGE('',*,*,#3234,.T.);
#4505=ORIENTED_EDGE('',*,*,#3209,.F.);
#4506=ORIENTED_EDGE('',*,*,#3268,.F.);
#4507=ORIENTED_EDGE('',*,*,#3269,.T.);
#4508=ORIENTED_EDGE('',*,*,#3208,.T.);
#4509=ORIENTED_EDGE('',*,*,#3270,.T.);
#4510=ORIENTED_EDGE('',*,*,#3271,.T.);
#4511=ORIENTED_EDGE('',*,*,#3268,.T.);
#4512=ORIENTED_EDGE('',*,*,#3270,.F.);
#4513=ORIENTED_EDGE('',*,*,#3207,.F.);
#4514=ORIENTED_EDGE('',*,*,#3236,.T.);
#4515=ORIENTED_EDGE('',*,*,#3251,.F.);
#4516=ORIENTED_EDGE('',*,*,#3272,.F.);
#4517=ORIENTED_EDGE('',*,*,#3273,.T.);
#4518=ORIENTED_EDGE('',*,*,#3225,.T.);
#4519=ORIENTED_EDGE('',*,*,#3274,.T.);
#4520=ORIENTED_EDGE('',*,*,#3272,.T.);
#4521=ORIENTED_EDGE('',*,*,#3250,.F.);
#4522=ORIENTED_EDGE('',*,*,#3275,.T.);
#4523=ORIENTED_EDGE('',*,*,#3257,.F.);
#4524=ORIENTED_EDGE('',*,*,#3276,.T.);
#4525=ORIENTED_EDGE('',*,*,#3275,.F.);
#4526=ORIENTED_EDGE('',*,*,#3249,.F.);
#4527=ORIENTED_EDGE('',*,*,#3216,.T.);
#4528=ORIENTED_EDGE('',*,*,#3224,.T.);
#4529=ORIENTED_EDGE('',*,*,#3277,.T.);
#4530=ORIENTED_EDGE('',*,*,#3278,.T.);
#4531=ORIENTED_EDGE('',*,*,#3279,.F.);
#4532=ORIENTED_EDGE('',*,*,#3218,.T.);
#4533=ORIENTED_EDGE('',*,*,#3280,.F.);
#4534=ORIENTED_EDGE('',*,*,#3281,.T.);
#4535=ORIENTED_EDGE('',*,*,#3282,.T.);
#4536=ORIENTED_EDGE('',*,*,#3277,.F.);
#4537=ORIENTED_EDGE('',*,*,#3282,.F.);
#4538=ORIENTED_EDGE('',*,*,#3283,.F.);
#4539=ORIENTED_EDGE('',*,*,#3284,.F.);
#4540=ORIENTED_EDGE('',*,*,#3278,.F.);
#4541=ORIENTED_EDGE('',*,*,#3285,.F.);
#4542=ORIENTED_EDGE('',*,*,#3280,.T.);
#4543=ORIENTED_EDGE('',*,*,#3223,.F.);
#4544=ORIENTED_EDGE('',*,*,#3286,.T.);
#4545=ORIENTED_EDGE('',*,*,#3285,.T.);
#4546=ORIENTED_EDGE('',*,*,#3287,.F.);
#4547=ORIENTED_EDGE('',*,*,#3288,.T.);
#4548=ORIENTED_EDGE('',*,*,#3289,.F.);
#4549=ORIENTED_EDGE('',*,*,#3290,.F.);
#4550=ORIENTED_EDGE('',*,*,#3283,.T.);
#4551=ORIENTED_EDGE('',*,*,#3281,.F.);
#4552=ORIENTED_EDGE('',*,*,#3286,.F.);
#4553=ORIENTED_EDGE('',*,*,#3222,.T.);
#4554=ORIENTED_EDGE('',*,*,#3291,.F.);
#4555=ORIENTED_EDGE('',*,*,#3287,.T.);
#4556=ORIENTED_EDGE('',*,*,#3288,.F.);
#4557=ORIENTED_EDGE('',*,*,#3291,.T.);
#4558=ORIENTED_EDGE('',*,*,#3221,.F.);
#4559=ORIENTED_EDGE('',*,*,#3292,.T.);
#4560=ORIENTED_EDGE('',*,*,#3293,.F.);
#4561=ORIENTED_EDGE('',*,*,#3294,.F.);
#4562=ORIENTED_EDGE('',*,*,#3295,.T.);
#4563=ORIENTED_EDGE('',*,*,#3292,.F.);
#4564=ORIENTED_EDGE('',*,*,#3220,.T.);
#4565=ORIENTED_EDGE('',*,*,#3296,.T.);
#4566=ORIENTED_EDGE('',*,*,#3289,.T.);
#4567=ORIENTED_EDGE('',*,*,#3295,.F.);
#4568=ORIENTED_EDGE('',*,*,#3297,.T.);
#4569=ORIENTED_EDGE('',*,*,#3261,.F.);
#4570=ORIENTED_EDGE('',*,*,#3298,.T.);
#4571=ORIENTED_EDGE('',*,*,#3299,.T.);
#4572=ORIENTED_EDGE('',*,*,#3298,.F.);
#4573=ORIENTED_EDGE('',*,*,#3299,.F.);
#4574=ORIENTED_EDGE('',*,*,#3262,.F.);
#4575=ORIENTED_EDGE('',*,*,#3300,.T.);
#4576=ORIENTED_EDGE('',*,*,#3301,.T.);
#4577=ORIENTED_EDGE('',*,*,#3300,.F.);
#4578=ORIENTED_EDGE('',*,*,#3301,.F.);
#4579=ORIENTED_EDGE('',*,*,#3263,.F.);
#4580=ORIENTED_EDGE('',*,*,#3302,.T.);
#4581=ORIENTED_EDGE('',*,*,#3303,.T.);
#4582=ORIENTED_EDGE('',*,*,#3302,.F.);
#4583=ORIENTED_EDGE('',*,*,#3303,.F.);
#4584=ORIENTED_EDGE('',*,*,#3264,.F.);
#4585=ORIENTED_EDGE('',*,*,#3304,.T.);
#4586=ORIENTED_EDGE('',*,*,#3305,.T.);
#4587=ORIENTED_EDGE('',*,*,#3304,.F.);
#4588=ORIENTED_EDGE('',*,*,#3305,.F.);
#4589=ORIENTED_EDGE('',*,*,#3297,.F.);
#4590=ORIENTED_EDGE('',*,*,#3294,.T.);
#4591=ORIENTED_EDGE('',*,*,#3306,.T.);
#4592=ORIENTED_EDGE('',*,*,#3265,.F.);
#4593=ORIENTED_EDGE('',*,*,#3306,.F.);
#4594=ORIENTED_EDGE('',*,*,#3293,.T.);
#4595=ORIENTED_EDGE('',*,*,#3219,.T.);
#4596=ORIENTED_EDGE('',*,*,#3279,.T.);
#4597=ORIENTED_EDGE('',*,*,#3284,.T.);
#4598=ORIENTED_EDGE('',*,*,#3290,.T.);
#4599=ORIENTED_EDGE('',*,*,#3296,.F.);
#4600=ORIENTED_EDGE('',*,*,#3256,.F.);
#4601=ORIENTED_EDGE('',*,*,#3260,.F.);
#4602=ORIENTED_EDGE('',*,*,#3266,.F.);
#4603=ORIENTED_EDGE('',*,*,#3269,.F.);
#4604=ORIENTED_EDGE('',*,*,#3271,.F.);
#4605=ORIENTED_EDGE('',*,*,#3273,.F.);
#4606=ORIENTED_EDGE('',*,*,#3274,.F.);
#4607=ORIENTED_EDGE('',*,*,#3276,.F.);
#4608=ORIENTED_EDGE('',*,*,#3307,.F.);
#4609=ORIENTED_EDGE('',*,*,#3308,.T.);
#4610=ORIENTED_EDGE('',*,*,#3309,.T.);
#4611=ORIENTED_EDGE('',*,*,#3308,.F.);
#4612=ORIENTED_EDGE('',*,*,#3309,.F.);
#4613=ORIENTED_EDGE('',*,*,#3310,.F.);
#4614=ORIENTED_EDGE('',*,*,#3311,.T.);
#4615=ORIENTED_EDGE('',*,*,#3312,.T.);
#4616=ORIENTED_EDGE('',*,*,#3311,.F.);
#4617=ORIENTED_EDGE('',*,*,#3312,.F.);
#4618=ORIENTED_EDGE('',*,*,#3313,.F.);
#4619=ORIENTED_EDGE('',*,*,#3314,.T.);
#4620=ORIENTED_EDGE('',*,*,#3315,.T.);
#4621=ORIENTED_EDGE('',*,*,#3314,.F.);
#4622=ORIENTED_EDGE('',*,*,#3316,.F.);
#4623=ORIENTED_EDGE('',*,*,#3317,.T.);
#4624=ORIENTED_EDGE('',*,*,#3318,.T.);
#4625=ORIENTED_EDGE('',*,*,#3317,.F.);
#4626=ORIENTED_EDGE('',*,*,#3319,.F.);
#4627=ORIENTED_EDGE('',*,*,#3320,.T.);
#4628=ORIENTED_EDGE('',*,*,#3321,.T.);
#4629=ORIENTED_EDGE('',*,*,#3320,.F.);
#4630=ORIENTED_EDGE('',*,*,#3322,.T.);
#4631=ORIENTED_EDGE('',*,*,#3323,.T.);
#4632=ORIENTED_EDGE('',*,*,#3324,.F.);
#4633=ORIENTED_EDGE('',*,*,#3325,.F.);
#4634=ORIENTED_EDGE('',*,*,#3326,.T.);
#4635=ORIENTED_EDGE('',*,*,#3325,.T.);
#4636=ORIENTED_EDGE('',*,*,#3327,.F.);
#4637=ORIENTED_EDGE('',*,*,#3328,.F.);
#4638=ORIENTED_EDGE('',*,*,#3329,.T.);
#4639=ORIENTED_EDGE('',*,*,#3328,.T.);
#4640=ORIENTED_EDGE('',*,*,#3330,.F.);
#4641=ORIENTED_EDGE('',*,*,#3331,.F.);
#4642=ORIENTED_EDGE('',*,*,#3332,.T.);
#4643=ORIENTED_EDGE('',*,*,#3331,.T.);
#4644=ORIENTED_EDGE('',*,*,#3333,.F.);
#4645=ORIENTED_EDGE('',*,*,#3334,.F.);
#4646=ORIENTED_EDGE('',*,*,#3335,.T.);
#4647=ORIENTED_EDGE('',*,*,#3334,.T.);
#4648=ORIENTED_EDGE('',*,*,#3336,.F.);
#4649=ORIENTED_EDGE('',*,*,#3337,.F.);
#4650=ORIENTED_EDGE('',*,*,#3338,.T.);
#4651=ORIENTED_EDGE('',*,*,#3337,.T.);
#4652=ORIENTED_EDGE('',*,*,#3339,.F.);
#4653=ORIENTED_EDGE('',*,*,#3340,.F.);
#4654=ORIENTED_EDGE('',*,*,#3341,.T.);
#4655=ORIENTED_EDGE('',*,*,#3340,.T.);
#4656=ORIENTED_EDGE('',*,*,#3342,.F.);
#4657=ORIENTED_EDGE('',*,*,#3343,.F.);
#4658=ORIENTED_EDGE('',*,*,#3344,.T.);
#4659=ORIENTED_EDGE('',*,*,#3343,.T.);
#4660=ORIENTED_EDGE('',*,*,#3345,.F.);
#4661=ORIENTED_EDGE('',*,*,#3323,.F.);
#4662=ORIENTED_EDGE('',*,*,#3345,.T.);
#4663=ORIENTED_EDGE('',*,*,#3342,.T.);
#4664=ORIENTED_EDGE('',*,*,#3339,.T.);
#4665=ORIENTED_EDGE('',*,*,#3336,.T.);
#4666=ORIENTED_EDGE('',*,*,#3333,.T.);
#4667=ORIENTED_EDGE('',*,*,#3330,.T.);
#4668=ORIENTED_EDGE('',*,*,#3327,.T.);
#4669=ORIENTED_EDGE('',*,*,#3324,.T.);
#4670=ORIENTED_EDGE('',*,*,#3319,.T.);
#4671=ORIENTED_EDGE('',*,*,#3316,.T.);
#4672=ORIENTED_EDGE('',*,*,#3313,.T.);
#4673=ORIENTED_EDGE('',*,*,#3344,.F.);
#4674=ORIENTED_EDGE('',*,*,#3322,.F.);
#4675=ORIENTED_EDGE('',*,*,#3326,.F.);
#4676=ORIENTED_EDGE('',*,*,#3329,.F.);
#4677=ORIENTED_EDGE('',*,*,#3332,.F.);
#4678=ORIENTED_EDGE('',*,*,#3335,.F.);
#4679=ORIENTED_EDGE('',*,*,#3338,.F.);
#4680=ORIENTED_EDGE('',*,*,#3341,.F.);
#4681=ORIENTED_EDGE('',*,*,#3307,.T.);
#4682=ORIENTED_EDGE('',*,*,#3310,.T.);
#4683=ORIENTED_EDGE('',*,*,#3321,.F.);
#4684=ORIENTED_EDGE('',*,*,#3318,.F.);
#4685=ORIENTED_EDGE('',*,*,#3315,.F.);
#4686=CYLINDRICAL_SURFACE('',#5200,25.5);
#4687=CYLINDRICAL_SURFACE('',#5210,17.75);
#4688=CYLINDRICAL_SURFACE('',#5223,20.5);
#4689=CYLINDRICAL_SURFACE('',#5260,23.5);
#4690=CYLINDRICAL_SURFACE('',#5266,32.5);
#4691=CYLINDRICAL_SURFACE('',#5301,5.5);
#4692=CYLINDRICAL_SURFACE('',#5304,5.5);
#4693=CYLINDRICAL_SURFACE('',#5307,5.5);
#4694=CYLINDRICAL_SURFACE('',#5310,5.5);
#4695=CYLINDRICAL_SURFACE('',#5311,32.15);
#4696=CYLINDRICAL_SURFACE('',#5312,32.15);
#4697=CYLINDRICAL_SURFACE('',#5313,32.15);
#4698=CYLINDRICAL_SURFACE('',#5314,32.15);
#4699=CYLINDRICAL_SURFACE('',#5315,2.1);
#4700=CYLINDRICAL_SURFACE('',#5316,2.1);
#4701=CYLINDRICAL_SURFACE('',#5317,2.1);
#4702=CYLINDRICAL_SURFACE('',#5318,2.1);
#4703=CYLINDRICAL_SURFACE('',#5319,27.);
#4704=CYLINDRICAL_SURFACE('',#5322,1.25);
#4705=CYLINDRICAL_SURFACE('',#5325,1.25);
#4706=CYLINDRICAL_SURFACE('',#5328,1.25);
#4707=CYLINDRICAL_SURFACE('',#5331,1.25);
#4708=CYLINDRICAL_SURFACE('',#5334,2.5);
#4709=CYLINDRICAL_SURFACE('',#5342,2.5);
#4710=CYLINDRICAL_SURFACE('',#5344,2.5);
#4711=CYLINDRICAL_SURFACE('',#5347,2.5);
#4712=CYLINDRICAL_SURFACE('',#5363,1.35);
#4713=CYLINDRICAL_SURFACE('',#5367,1.35);
#4714=CYLINDRICAL_SURFACE('',#5390,1.35);
#4715=CYLINDRICAL_SURFACE('',#5394,1.35);
#4716=CYLINDRICAL_SURFACE('',#5407,4.125);
#4717=CYLINDRICAL_SURFACE('',#5417,0.75);
#4718=CYLINDRICAL_SURFACE('',#5419,3.2);
#4719=CYLINDRICAL_SURFACE('',#5423,3.);
#4720=CYLINDRICAL_SURFACE('',#5433,3.9);
#4721=CYLINDRICAL_SURFACE('',#5442,1.785);
#4722=CYLINDRICAL_SURFACE('',#5446,2.52);
#4723=CYLINDRICAL_SURFACE('',#5472,1.41);
#4724=CYLINDRICAL_SURFACE('',#5476,1.41);
#4725=CYLINDRICAL_SURFACE('',#5480,1.41);
#4726=CYLINDRICAL_SURFACE('',#5524,1.35);
#4727=CYLINDRICAL_SURFACE('',#5528,1.35);
#4728=CYLINDRICAL_SURFACE('',#5558,2.5);
#4729=CYLINDRICAL_SURFACE('',#5562,2.5);
#4730=CYLINDRICAL_SURFACE('',#5566,5.);
#4731=CYLINDRICAL_SURFACE('',#5571,5.);
#4732=CYLINDRICAL_SURFACE('',#5583,4.);
#4733=CYLINDRICAL_SURFACE('',#5590,4.);
#4734=CYLINDRICAL_SURFACE('',#5597,20.);
#4735=CYLINDRICAL_SURFACE('',#5600,20.);
#4736=CYLINDRICAL_SURFACE('',#5603,23.3588768363685);
#4737=CYLINDRICAL_SURFACE('',#5609,1.5);
#4738=CYLINDRICAL_SURFACE('',#5612,1.5);
#4739=CYLINDRICAL_SURFACE('',#5615,25.);
#4740=CYLINDRICAL_SURFACE('',#5623,25.);
#4741=CYLINDRICAL_SURFACE('',#5626,25.);
#4742=CYLINDRICAL_SURFACE('',#5629,25.);
#4743=CYLINDRICAL_SURFACE('',#5635,25.);
#4744=CYLINDRICAL_SURFACE('',#5640,25.);
#4745=CYLINDRICAL_SURFACE('',#5643,1.5);
#4746=CYLINDRICAL_SURFACE('',#5646,1.5);
#4747=CYLINDRICAL_SURFACE('',#5649,1.5);
#4748=CYLINDRICAL_SURFACE('',#5652,1.5);
#4749=CYLINDRICAL_SURFACE('',#5655,27.);
#4750=CYLINDRICAL_SURFACE('',#5658,2.5);
#4751=CYLINDRICAL_SURFACE('',#5662,2.5);
#4752=CYLINDRICAL_SURFACE('',#5666,1.5);
#4753=CYLINDRICAL_SURFACE('',#5669,1.5);
#4754=CYLINDRICAL_SURFACE('',#5672,4.);
#4755=CYLINDRICAL_SURFACE('',#5675,25.);
#4756=CYLINDRICAL_SURFACE('',#5679,25.);
#4757=CYLINDRICAL_SURFACE('',#5683,25.);
#4758=CYLINDRICAL_SURFACE('',#5687,25.);
#4759=ADVANCED_FACE('',(#436),#4686,.T.);
#4760=ADVANCED_FACE('',(#437),#391,.T.);
#4761=ADVANCED_FACE('',(#438),#4687,.T.);
#4762=ADVANCED_FACE('',(#439),#183,.T.);
#4763=ADVANCED_FACE('',(#440),#392,.F.);
#4764=ADVANCED_FACE('',(#441,#119),#184,.T.);
#4765=ADVANCED_FACE('',(#442),#393,.T.);
#4766=ADVANCED_FACE('',(#443),#4688,.T.);
#4767=ADVANCED_FACE('',(#444),#394,.F.);
#4768=ADVANCED_FACE('',(#445,#120),#185,.T.);
#4769=ADVANCED_FACE('',(#446),#395,.T.);
#4770=ADVANCED_FACE('',(#447),#117,.F.);
#4771=ADVANCED_FACE('',(#448),#115,.F.);
#4772=ADVANCED_FACE('',(#449),#396,.T.);
#4773=ADVANCED_FACE('',(#450),#186,.T.);
#4774=ADVANCED_FACE('',(#451),#187,.T.);
#4775=ADVANCED_FACE('',(#452),#188,.T.);
#4776=ADVANCED_FACE('',(#453),#189,.T.);
#4777=ADVANCED_FACE('',(#454),#190,.T.);
#4778=ADVANCED_FACE('',(#455),#191,.F.);
#4779=ADVANCED_FACE('',(#456),#192,.T.);
#4780=ADVANCED_FACE('',(#457),#193,.T.);
#4781=ADVANCED_FACE('',(#458),#194,.T.);
#4782=ADVANCED_FACE('',(#459),#195,.T.);
#4783=ADVANCED_FACE('',(#460),#196,.T.);
#4784=ADVANCED_FACE('',(#461),#197,.F.);
#4785=ADVANCED_FACE('',(#462),#198,.T.);
#4786=ADVANCED_FACE('',(#463),#199,.T.);
#4787=ADVANCED_FACE('',(#464),#4689,.F.);
#4788=ADVANCED_FACE('',(#465),#200,.T.);
#4789=ADVANCED_FACE('',(#466),#4690,.T.);
#4790=ADVANCED_FACE('',(#467),#201,.F.);
#4791=ADVANCED_FACE('',(#468),#202,.T.);
#4792=ADVANCED_FACE('',(#469,#121,#122,#123,#124,#125),#203,.F.);
#4793=ADVANCED_FACE('',(#470,#126,#127,#128,#129,#130),#204,.T.);
#4794=ADVANCED_FACE('',(#471),#205,.T.);
#4795=ADVANCED_FACE('',(#472),#206,.T.);
#4796=ADVANCED_FACE('',(#473),#4691,.T.);
#4797=ADVANCED_FACE('',(#474),#207,.T.);
#4798=ADVANCED_FACE('',(#475),#208,.T.);
#4799=ADVANCED_FACE('',(#476),#4692,.T.);
#4800=ADVANCED_FACE('',(#477),#209,.T.);
#4801=ADVANCED_FACE('',(#478),#210,.T.);
#4802=ADVANCED_FACE('',(#479),#4693,.T.);
#4803=ADVANCED_FACE('',(#480),#211,.T.);
#4804=ADVANCED_FACE('',(#481),#212,.T.);
#4805=ADVANCED_FACE('',(#482),#4694,.T.);
#4806=ADVANCED_FACE('',(#483),#4695,.T.);
#4807=ADVANCED_FACE('',(#484),#4696,.T.);
#4808=ADVANCED_FACE('',(#485),#4697,.T.);
#4809=ADVANCED_FACE('',(#486),#4698,.T.);
#4810=ADVANCED_FACE('',(#487),#4699,.F.);
#4811=ADVANCED_FACE('',(#488),#4700,.F.);
#4812=ADVANCED_FACE('',(#489),#4701,.F.);
#4813=ADVANCED_FACE('',(#490),#4702,.F.);
#4814=ADVANCED_FACE('',(#491),#4703,.F.);
#4815=ADVANCED_FACE('',(#492),#4704,.F.);
#4816=ADVANCED_FACE('',(#493),#4705,.F.);
#4817=ADVANCED_FACE('',(#494),#4706,.F.);
#4818=ADVANCED_FACE('',(#495),#4707,.F.);
#4819=ADVANCED_FACE('',(#496),#4708,.T.);
#4820=ADVANCED_FACE('',(#497,#131,#132,#133,#134),#213,.T.);
#4821=ADVANCED_FACE('',(#498),#214,.T.);
#4822=ADVANCED_FACE('',(#499),#4709,.T.);
#4823=ADVANCED_FACE('',(#500),#4710,.T.);
#4824=ADVANCED_FACE('',(#501),#215,.T.);
#4825=ADVANCED_FACE('',(#502),#4711,.T.);
#4826=ADVANCED_FACE('',(#503),#216,.T.);
#4827=ADVANCED_FACE('',(#504),#217,.T.);
#4828=ADVANCED_FACE('',(#505,#135,#136,#137,#138),#218,.F.);
#4829=ADVANCED_FACE('',(#506),#219,.F.);
#4830=ADVANCED_FACE('',(#507),#220,.F.);
#4831=ADVANCED_FACE('',(#508),#221,.F.);
#4832=ADVANCED_FACE('',(#509),#222,.F.);
#4833=ADVANCED_FACE('',(#510),#223,.F.);
#4834=ADVANCED_FACE('',(#511),#224,.F.);
#4835=ADVANCED_FACE('',(#512),#225,.F.);
#4836=ADVANCED_FACE('',(#513),#226,.F.);
#4837=ADVANCED_FACE('',(#514),#227,.F.);
#4838=ADVANCED_FACE('',(#515),#228,.F.);
#4839=ADVANCED_FACE('',(#516),#4712,.F.);
#4840=ADVANCED_FACE('',(#517),#229,.T.);
#4841=ADVANCED_FACE('',(#518),#4713,.F.);
#4842=ADVANCED_FACE('',(#519),#230,.T.);
#4843=ADVANCED_FACE('',(#520,#139,#140),#231,.T.);
#4844=ADVANCED_FACE('',(#521),#232,.F.);
#4845=ADVANCED_FACE('',(#522),#233,.F.);
#4846=ADVANCED_FACE('',(#523),#234,.T.);
#4847=ADVANCED_FACE('',(#524),#235,.T.);
#4848=ADVANCED_FACE('',(#525),#236,.T.);
#4849=ADVANCED_FACE('',(#526,#141,#142),#237,.T.);
#4850=ADVANCED_FACE('',(#527),#238,.F.);
#4851=ADVANCED_FACE('',(#528),#239,.F.);
#4852=ADVANCED_FACE('',(#529),#240,.F.);
#4853=ADVANCED_FACE('',(#530),#241,.F.);
#4854=ADVANCED_FACE('',(#531),#242,.F.);
#4855=ADVANCED_FACE('',(#532),#243,.F.);
#4856=ADVANCED_FACE('',(#533),#244,.F.);
#4857=ADVANCED_FACE('',(#534),#245,.F.);
#4858=ADVANCED_FACE('',(#535),#246,.F.);
#4859=ADVANCED_FACE('',(#536),#247,.F.);
#4860=ADVANCED_FACE('',(#537),#248,.F.);
#4861=ADVANCED_FACE('',(#538),#4714,.F.);
#4862=ADVANCED_FACE('',(#539),#249,.T.);
#4863=ADVANCED_FACE('',(#540),#4715,.F.);
#4864=ADVANCED_FACE('',(#541),#250,.T.);
#4865=ADVANCED_FACE('',(#542,#143,#144),#251,.T.);
#4866=ADVANCED_FACE('',(#543),#252,.F.);
#4867=ADVANCED_FACE('',(#544),#253,.F.);
#4868=ADVANCED_FACE('',(#545),#254,.T.);
#4869=ADVANCED_FACE('',(#546),#255,.T.);
#4870=ADVANCED_FACE('',(#547),#256,.T.);
#4871=ADVANCED_FACE('',(#548,#145,#146),#257,.T.);
#4872=ADVANCED_FACE('',(#549),#258,.F.);
#4873=ADVANCED_FACE('',(#550),#4716,.T.);
#4874=ADVANCED_FACE('',(#551),#259,.T.);
#4875=ADVANCED_FACE('',(#552),#260,.F.);
#4876=ADVANCED_FACE('',(#553),#118,.T.);
#4877=ADVANCED_FACE('',(#554),#4717,.T.);
#4878=ADVANCED_FACE('',(#555),#4718,.F.);
#4879=ADVANCED_FACE('',(#556,#147),#261,.T.);
#4880=ADVANCED_FACE('',(#557),#4719,.T.);
#4881=ADVANCED_FACE('',(#558),#262,.T.);
#4882=ADVANCED_FACE('',(#559),#263,.T.);
#4883=ADVANCED_FACE('',(#560),#264,.F.);
#4884=ADVANCED_FACE('',(#561),#265,.F.);
#4885=ADVANCED_FACE('',(#562),#266,.T.);
#4886=ADVANCED_FACE('',(#563),#267,.T.);
#4887=ADVANCED_FACE('',(#564),#4720,.T.);
#4888=ADVANCED_FACE('',(#565),#268,.T.);
#4889=ADVANCED_FACE('',(#566),#269,.T.);
#4890=ADVANCED_FACE('',(#567,#148),#270,.T.);
#4891=ADVANCED_FACE('',(#568),#271,.T.);
#4892=ADVANCED_FACE('',(#569),#272,.T.);
#4893=ADVANCED_FACE('',(#570),#273,.F.);
#4894=ADVANCED_FACE('',(#571),#4721,.F.);
#4895=ADVANCED_FACE('',(#572),#274,.T.);
#4896=ADVANCED_FACE('',(#573),#4722,.T.);
#4897=ADVANCED_FACE('',(#574,#149),#275,.T.);
#4898=ADVANCED_FACE('',(#575,#150),#276,.T.);
#4899=ADVANCED_FACE('',(#576),#277,.T.);
#4900=ADVANCED_FACE('',(#577),#278,.T.);
#4901=ADVANCED_FACE('',(#578),#279,.T.);
#4902=ADVANCED_FACE('',(#579),#280,.T.);
#4903=ADVANCED_FACE('',(#580),#281,.F.);
#4904=ADVANCED_FACE('',(#581),#282,.F.);
#4905=ADVANCED_FACE('',(#582),#283,.F.);
#4906=ADVANCED_FACE('',(#583),#284,.F.);
#4907=ADVANCED_FACE('',(#584),#285,.F.);
#4908=ADVANCED_FACE('',(#585),#286,.F.);
#4909=ADVANCED_FACE('',(#586),#287,.F.);
#4910=ADVANCED_FACE('',(#587),#288,.F.);
#4911=ADVANCED_FACE('',(#588),#289,.F.);
#4912=ADVANCED_FACE('',(#589),#290,.F.);
#4913=ADVANCED_FACE('',(#590),#291,.F.);
#4914=ADVANCED_FACE('',(#591),#292,.F.);
#4915=ADVANCED_FACE('',(#592),#293,.F.);
#4916=ADVANCED_FACE('',(#593),#294,.F.);
#4917=ADVANCED_FACE('',(#594),#295,.F.);
#4918=ADVANCED_FACE('',(#595),#296,.F.);
#4919=ADVANCED_FACE('',(#596),#4723,.F.);
#4920=ADVANCED_FACE('',(#597),#297,.T.);
#4921=ADVANCED_FACE('',(#598),#4724,.F.);
#4922=ADVANCED_FACE('',(#599),#298,.T.);
#4923=ADVANCED_FACE('',(#600),#4725,.F.);
#4924=ADVANCED_FACE('',(#601),#299,.T.);
#4925=ADVANCED_FACE('',(#602,#151,#152,#153),#300,.T.);
#4926=ADVANCED_FACE('',(#603),#301,.F.);
#4927=ADVANCED_FACE('',(#604),#302,.F.);
#4928=ADVANCED_FACE('',(#605),#303,.F.);
#4929=ADVANCED_FACE('',(#606),#304,.F.);
#4930=ADVANCED_FACE('',(#607),#305,.T.);
#4931=ADVANCED_FACE('',(#608,#154,#155,#156),#306,.T.);
#4932=ADVANCED_FACE('',(#609),#307,.T.);
#4933=ADVANCED_FACE('',(#610),#308,.T.);
#4934=ADVANCED_FACE('',(#611),#309,.F.);
#4935=ADVANCED_FACE('',(#612),#310,.F.);
#4936=ADVANCED_FACE('',(#613),#311,.F.);
#4937=ADVANCED_FACE('',(#614),#312,.F.);
#4938=ADVANCED_FACE('',(#615),#313,.F.);
#4939=ADVANCED_FACE('',(#616),#314,.F.);
#4940=ADVANCED_FACE('',(#617),#315,.F.);
#4941=ADVANCED_FACE('',(#618),#316,.F.);
#4942=ADVANCED_FACE('',(#619),#317,.F.);
#4943=ADVANCED_FACE('',(#620,#157),#318,.F.);
#4944=ADVANCED_FACE('',(#621),#116,.T.);
#4945=ADVANCED_FACE('',(#622),#319,.T.);
#4946=ADVANCED_FACE('',(#623),#320,.T.);
#4947=ADVANCED_FACE('',(#624),#321,.T.);
#4948=ADVANCED_FACE('',(#625),#322,.T.);
#4949=ADVANCED_FACE('',(#626,#158),#323,.T.);
#4950=ADVANCED_FACE('',(#627),#324,.F.);
#4951=ADVANCED_FACE('',(#628),#325,.F.);
#4952=ADVANCED_FACE('',(#629),#326,.F.);
#4953=ADVANCED_FACE('',(#630),#327,.F.);
#4954=ADVANCED_FACE('',(#631),#328,.F.);
#4955=ADVANCED_FACE('',(#632),#329,.F.);
#4956=ADVANCED_FACE('',(#633),#330,.F.);
#4957=ADVANCED_FACE('',(#634),#331,.F.);
#4958=ADVANCED_FACE('',(#635),#332,.F.);
#4959=ADVANCED_FACE('',(#636),#333,.F.);
#4960=ADVANCED_FACE('',(#637),#334,.F.);
#4961=ADVANCED_FACE('',(#638),#4726,.F.);
#4962=ADVANCED_FACE('',(#639),#335,.T.);
#4963=ADVANCED_FACE('',(#640),#4727,.F.);
#4964=ADVANCED_FACE('',(#641),#336,.T.);
#4965=ADVANCED_FACE('',(#642,#159,#160),#337,.T.);
#4966=ADVANCED_FACE('',(#643),#338,.F.);
#4967=ADVANCED_FACE('',(#644),#339,.F.);
#4968=ADVANCED_FACE('',(#645),#340,.T.);
#4969=ADVANCED_FACE('',(#646),#341,.T.);
#4970=ADVANCED_FACE('',(#647),#342,.T.);
#4971=ADVANCED_FACE('',(#648,#161,#162),#343,.T.);
#4972=ADVANCED_FACE('',(#649),#344,.F.);
#4973=ADVANCED_FACE('',(#650),#345,.T.);
#4974=ADVANCED_FACE('',(#651),#346,.T.);
#4975=ADVANCED_FACE('',(#652),#347,.T.);
#4976=ADVANCED_FACE('',(#653),#348,.T.);
#4977=ADVANCED_FACE('',(#654),#349,.T.);
#4978=ADVANCED_FACE('',(#655),#350,.F.);
#4979=ADVANCED_FACE('',(#656),#4728,.F.);
#4980=ADVANCED_FACE('',(#657),#351,.F.);
#4981=ADVANCED_FACE('',(#658),#4729,.F.);
#4982=ADVANCED_FACE('',(#659),#352,.F.);
#4983=ADVANCED_FACE('',(#660),#4730,.T.);
#4984=ADVANCED_FACE('',(#661),#353,.T.);
#4985=ADVANCED_FACE('',(#662),#354,.T.);
#4986=ADVANCED_FACE('',(#663),#4731,.T.);
#4987=ADVANCED_FACE('',(#664),#355,.T.);
#4988=ADVANCED_FACE('',(#665,#163,#164,#165),#356,.T.);
#4989=ADVANCED_FACE('',(#666),#4732,.F.);
#4990=ADVANCED_FACE('',(#667),#357,.T.);
#4991=ADVANCED_FACE('',(#668),#4733,.F.);
#4992=ADVANCED_FACE('',(#669),#358,.T.);
#4993=ADVANCED_FACE('',(#670,#166),#359,.T.);
#4994=ADVANCED_FACE('',(#671),#360,.F.);
#4995=ADVANCED_FACE('',(#672),#361,.F.);
#4996=ADVANCED_FACE('',(#673),#4734,.F.);
#4997=ADVANCED_FACE('',(#674),#362,.T.);
#4998=ADVANCED_FACE('',(#675),#4735,.F.);
#4999=ADVANCED_FACE('',(#676),#363,.T.);
#5000=ADVANCED_FACE('',(#677),#4736,.F.);
#5001=ADVANCED_FACE('',(#678,#167,#168),#364,.T.);
#5002=ADVANCED_FACE('',(#679),#4737,.F.);
#5003=ADVANCED_FACE('',(#680),#365,.F.);
#5004=ADVANCED_FACE('',(#681),#4738,.F.);
#5005=ADVANCED_FACE('',(#682),#366,.F.);
#5006=ADVANCED_FACE('',(#683),#4739,.T.);
#5007=ADVANCED_FACE('',(#684,#169,#170,#171,#172,#173),#367,.T.);
#5008=ADVANCED_FACE('',(#685),#4740,.T.);
#5009=ADVANCED_FACE('',(#686),#368,.T.);
#5010=ADVANCED_FACE('',(#687),#4741,.T.);
#5011=ADVANCED_FACE('',(#688,#174),#369,.T.);
#5012=ADVANCED_FACE('',(#689),#4742,.T.);
#5013=ADVANCED_FACE('',(#690),#370,.T.);
#5014=ADVANCED_FACE('',(#691),#371,.F.);
#5015=ADVANCED_FACE('',(#692),#372,.F.);
#5016=ADVANCED_FACE('',(#693),#373,.F.);
#5017=ADVANCED_FACE('',(#694),#4743,.F.);
#5018=ADVANCED_FACE('',(#695),#374,.F.);
#5019=ADVANCED_FACE('',(#696),#375,.F.);
#5020=ADVANCED_FACE('',(#697),#4744,.F.);
#5021=ADVANCED_FACE('',(#698),#376,.F.);
#5022=ADVANCED_FACE('',(#699),#4745,.F.);
#5023=ADVANCED_FACE('',(#700),#377,.F.);
#5024=ADVANCED_FACE('',(#701),#4746,.F.);
#5025=ADVANCED_FACE('',(#702),#378,.F.);
#5026=ADVANCED_FACE('',(#703),#4747,.F.);
#5027=ADVANCED_FACE('',(#704),#379,.F.);
#5028=ADVANCED_FACE('',(#705),#4748,.F.);
#5029=ADVANCED_FACE('',(#706),#380,.F.);
#5030=ADVANCED_FACE('',(#707),#4749,.F.);
#5031=ADVANCED_FACE('',(#708),#381,.F.);
#5032=ADVANCED_FACE('',(#709),#382,.T.);
#5033=ADVANCED_FACE('',(#710),#4750,.F.);
#5034=ADVANCED_FACE('',(#711),#383,.F.);
#5035=ADVANCED_FACE('',(#712),#4751,.F.);
#5036=ADVANCED_FACE('',(#713),#384,.F.);
#5037=ADVANCED_FACE('',(#714),#4752,.F.);
#5038=ADVANCED_FACE('',(#715),#4753,.F.);
#5039=ADVANCED_FACE('',(#716),#4754,.F.);
#5040=ADVANCED_FACE('',(#717),#4755,.T.);
#5041=ADVANCED_FACE('',(#718),#385,.T.);
#5042=ADVANCED_FACE('',(#719),#4756,.T.);
#5043=ADVANCED_FACE('',(#720),#386,.T.);
#5044=ADVANCED_FACE('',(#721),#4757,.T.);
#5045=ADVANCED_FACE('',(#722),#387,.T.);
#5046=ADVANCED_FACE('',(#723),#4758,.T.);
#5047=ADVANCED_FACE('',(#724),#388,.T.);
#5048=ADVANCED_FACE('',(#725,#175,#176,#177),#389,.T.);
#5049=ADVANCED_FACE('',(#726,#178,#179,#180,#181,#182),#390,.F.);
#5050=CLOSED_SHELL('',(#4759,#4760,#4761,#4762,#4763,#4764,#4765,#4766,
#4767,#4768,#4769,#4770,#4771,#4772));
#5051=CLOSED_SHELL('',(#4773,#4774,#4775,#4776,#4777,#4778,#4779,#4780,
#4781,#4782,#4783,#4784,#4785,#4786,#4787,#4788,#4789,#4790,#4791));
#5052=CLOSED_SHELL('',(#4792,#4793,#4794,#4795,#4796,#4797,#4798,#4799,
#4800,#4801,#4802,#4803,#4804,#4805,#4806,#4807,#4808,#4809,#4810,#4811,
#4812,#4813,#4814));
#5053=CLOSED_SHELL('',(#4815,#4816,#4817,#4818,#4819,#4820,#4821,#4822,
#4823,#4824,#4825,#4826,#4827,#4828));
#5054=CLOSED_SHELL('',(#4829,#4830,#4831,#4832,#4833,#4834,#4835,#4836,
#4837,#4838,#4839,#4840,#4841,#4842,#4843,#4844,#4845,#4846,#4847,#4848,
#4849,#4850));
#5055=CLOSED_SHELL('',(#4851,#4852,#4853,#4854,#4855,#4856,#4857,#4858,
#4859,#4860,#4861,#4862,#4863,#4864,#4865,#4866,#4867,#4868,#4869,#4870,
#4871,#4872));
#5056=CLOSED_SHELL('',(#4873,#4874,#4875));
#5057=CLOSED_SHELL('',(#4876,#4877,#4878,#4879,#4880,#4881,#4882,#4883,
#4884,#4885,#4886,#4887,#4888,#4889,#4890,#4891,#4892,#4893));
#5058=CLOSED_SHELL('',(#4894,#4895,#4896,#4897,#4898,#4899,#4900,#4901,
#4902,#4903));
#5059=CLOSED_SHELL('',(#4904,#4905,#4906,#4907,#4908,#4909,#4910,#4911,
#4912,#4913,#4914,#4915,#4916,#4917,#4918,#4919,#4920,#4921,#4922,#4923,
#4924,#4925,#4926,#4927,#4928,#4929,#4930,#4931,#4932,#4933,#4934));
#5060=CLOSED_SHELL('',(#4935,#4936,#4937,#4938,#4939,#4940,#4941,#4942,
#4943,#4944,#4945,#4946,#4947,#4948,#4949,#4950));
#5061=CLOSED_SHELL('',(#4951,#4952,#4953,#4954,#4955,#4956,#4957,#4958,
#4959,#4960,#4961,#4962,#4963,#4964,#4965,#4966,#4967,#4968,#4969,#4970,
#4971,#4972));
#5062=CLOSED_SHELL('',(#4973,#4974,#4975,#4976,#4977,#4978));
#5063=CLOSED_SHELL('',(#4979,#4980,#4981,#4982,#4983,#4984,#4985,#4986,
#4987,#4988,#4989,#4990,#4991,#4992,#4993,#4994,#4995,#4996,#4997,#4998,
#4999,#5000,#5001,#5002,#5003,#5004,#5005,#5006,#5007,#5008,#5009,#5010,
#5011,#5012,#5013,#5014,#5015,#5016,#5017,#5018,#5019,#5020,#5021,#5022,
#5023,#5024,#5025,#5026,#5027,#5028,#5029,#5030,#5031,#5032));
#5064=CLOSED_SHELL('',(#5033,#5034,#5035,#5036,#5037,#5038,#5039,#5040,
#5041,#5042,#5043,#5044,#5045,#5046,#5047,#5048,#5049));
#5065=DERIVED_UNIT_ELEMENT(#5089,1.);
#5066=DERIVED_UNIT_ELEMENT(#8674,-3.);
#5067=DERIVED_UNIT_ELEMENT(#5089,1.);
#5068=DERIVED_UNIT_ELEMENT(#8674,-3.);
#5069=DERIVED_UNIT_ELEMENT(#5089,1.);
#5070=DERIVED_UNIT_ELEMENT(#8674,-3.);
#5071=DERIVED_UNIT_ELEMENT(#5089,1.);
#5072=DERIVED_UNIT_ELEMENT(#8674,-3.);
#5073=DERIVED_UNIT_ELEMENT(#5089,1.);
#5074=DERIVED_UNIT_ELEMENT(#8674,-3.);
#5075=DERIVED_UNIT_ELEMENT(#5089,1.);
#5076=DERIVED_UNIT_ELEMENT(#8674,-3.);
#5077=DERIVED_UNIT_ELEMENT(#5089,1.);
#5078=DERIVED_UNIT_ELEMENT(#8674,-3.);
#5079=DERIVED_UNIT_ELEMENT(#5089,1.);
#5080=DERIVED_UNIT_ELEMENT(#8674,-3.);
#5081=DERIVED_UNIT_ELEMENT(#5089,1.);
#5082=DERIVED_UNIT_ELEMENT(#8674,-3.);
#5083=DERIVED_UNIT_ELEMENT(#5089,1.);
#5084=DERIVED_UNIT_ELEMENT(#8674,-3.);
#5085=DERIVED_UNIT_ELEMENT(#5089,1.);
#5086=DERIVED_UNIT_ELEMENT(#8674,-3.);
#5087=DERIVED_UNIT_ELEMENT(#5089,1.);
#5088=DERIVED_UNIT_ELEMENT(#8674,-3.);
#5089=(
MASS_UNIT()
NAMED_UNIT(*)
SI_UNIT(.KILO.,.GRAM.)
);
#5090=DERIVED_UNIT((#5065,#5066));
#5091=DERIVED_UNIT((#5067,#5068));
#5092=DERIVED_UNIT((#5069,#5070));
#5093=DERIVED_UNIT((#5071,#5072));
#5094=DERIVED_UNIT((#5073,#5074));
#5095=DERIVED_UNIT((#5075,#5076));
#5096=DERIVED_UNIT((#5077,#5078));
#5097=DERIVED_UNIT((#5079,#5080));
#5098=DERIVED_UNIT((#5081,#5082));
#5099=DERIVED_UNIT((#5083,#5084));
#5100=DERIVED_UNIT((#5085,#5086));
#5101=DERIVED_UNIT((#5087,#5088));
#5102=MEASURE_REPRESENTATION_ITEM('density measure',
POSITIVE_RATIO_MEASURE(1000.),#5090);
#5103=MEASURE_REPRESENTATION_ITEM('density measure',
POSITIVE_RATIO_MEASURE(7850.),#5091);
#5104=MEASURE_REPRESENTATION_ITEM('density measure',
POSITIVE_RATIO_MEASURE(7850.),#5092);
#5105=MEASURE_REPRESENTATION_ITEM('density measure',
POSITIVE_RATIO_MEASURE(7850.),#5093);
#5106=MEASURE_REPRESENTATION_ITEM('density measure',
POSITIVE_RATIO_MEASURE(7850.),#5094);
#5107=MEASURE_REPRESENTATION_ITEM('density measure',
POSITIVE_RATIO_MEASURE(7850.),#5095);
#5108=MEASURE_REPRESENTATION_ITEM('density measure',
POSITIVE_RATIO_MEASURE(7850.),#5096);
#5109=MEASURE_REPRESENTATION_ITEM('density measure',
POSITIVE_RATIO_MEASURE(7850.),#5097);
#5110=MEASURE_REPRESENTATION_ITEM('density measure',
POSITIVE_RATIO_MEASURE(7850.),#5098);
#5111=MEASURE_REPRESENTATION_ITEM('density measure',
POSITIVE_RATIO_MEASURE(7850.),#5099);
#5112=MEASURE_REPRESENTATION_ITEM('density measure',
POSITIVE_RATIO_MEASURE(7850.),#5100);
#5113=MEASURE_REPRESENTATION_ITEM('density measure',
POSITIVE_RATIO_MEASURE(7850.),#5101);
#5114=PROPERTY_DEFINITION_REPRESENTATION(#5174,#5138);
#5115=PROPERTY_DEFINITION_REPRESENTATION(#5175,#5139);
#5116=PROPERTY_DEFINITION_REPRESENTATION(#5176,#5140);
#5117=PROPERTY_DEFINITION_REPRESENTATION(#5177,#5141);
#5118=PROPERTY_DEFINITION_REPRESENTATION(#5178,#5142);
#5119=PROPERTY_DEFINITION_REPRESENTATION(#5179,#5143);
#5120=PROPERTY_DEFINITION_REPRESENTATION(#5180,#5144);
#5121=PROPERTY_DEFINITION_REPRESENTATION(#5181,#5145);
#5122=PROPERTY_DEFINITION_REPRESENTATION(#5182,#5146);
#5123=PROPERTY_DEFINITION_REPRESENTATION(#5183,#5147);
#5124=PROPERTY_DEFINITION_REPRESENTATION(#5184,#5148);
#5125=PROPERTY_DEFINITION_REPRESENTATION(#5185,#5149);
#5126=PROPERTY_DEFINITION_REPRESENTATION(#5186,#5150);
#5127=PROPERTY_DEFINITION_REPRESENTATION(#5187,#5151);
#5128=PROPERTY_DEFINITION_REPRESENTATION(#5188,#5152);
#5129=PROPERTY_DEFINITION_REPRESENTATION(#5189,#5153);
#5130=PROPERTY_DEFINITION_REPRESENTATION(#5190,#5154);
#5131=PROPERTY_DEFINITION_REPRESENTATION(#5191,#5155);
#5132=PROPERTY_DEFINITION_REPRESENTATION(#5192,#5156);
#5133=PROPERTY_DEFINITION_REPRESENTATION(#5193,#5157);
#5134=PROPERTY_DEFINITION_REPRESENTATION(#5194,#5158);
#5135=PROPERTY_DEFINITION_REPRESENTATION(#5195,#5159);
#5136=PROPERTY_DEFINITION_REPRESENTATION(#5196,#5160);
#5137=PROPERTY_DEFINITION_REPRESENTATION(#5197,#5161);
#5138=REPRESENTATION('material name',(#5162),#8659);
#5139=REPRESENTATION('density',(#5102),#8659);
#5140=REPRESENTATION('material name',(#5163),#8661);
#5141=REPRESENTATION('density',(#5103),#8661);
#5142=REPRESENTATION('material name',(#5164),#8662);
#5143=REPRESENTATION('density',(#5104),#8662);
#5144=REPRESENTATION('material name',(#5165),#8663);
#5145=REPRESENTATION('density',(#5105),#8663);
#5146=REPRESENTATION('material name',(#5166),#8664);
#5147=REPRESENTATION('density',(#5106),#8664);
#5148=REPRESENTATION('material name',(#5167),#8665);
#5149=REPRESENTATION('density',(#5107),#8665);
#5150=REPRESENTATION('material name',(#5168),#8666);
#5151=REPRESENTATION('density',(#5108),#8666);
#5152=REPRESENTATION('material name',(#5169),#8667);
#5153=REPRESENTATION('density',(#5109),#8667);
#5154=REPRESENTATION('material name',(#5170),#8668);
#5155=REPRESENTATION('density',(#5110),#8668);
#5156=REPRESENTATION('material name',(#5171),#8669);
#5157=REPRESENTATION('density',(#5111),#8669);
#5158=REPRESENTATION('material name',(#5172),#8670);
#5159=REPRESENTATION('density',(#5112),#8670);
#5160=REPRESENTATION('material name',(#5173),#8671);
#5161=REPRESENTATION('density',(#5113),#8671);
#5162=DESCRIPTIVE_REPRESENTATION_ITEM('Generic','Generic');
#5163=DESCRIPTIVE_REPRESENTATION_ITEM('Steel','Steel');
#5164=DESCRIPTIVE_REPRESENTATION_ITEM('Steel','Steel');
#5165=DESCRIPTIVE_REPRESENTATION_ITEM('Steel','Steel');
#5166=DESCRIPTIVE_REPRESENTATION_ITEM('Steel','Steel');
#5167=DESCRIPTIVE_REPRESENTATION_ITEM('Steel','Steel');
#5168=DESCRIPTIVE_REPRESENTATION_ITEM('Steel','Steel');
#5169=DESCRIPTIVE_REPRESENTATION_ITEM('Steel','Steel');
#5170=DESCRIPTIVE_REPRESENTATION_ITEM('Steel','Steel');
#5171=DESCRIPTIVE_REPRESENTATION_ITEM('Steel','Steel');
#5172=DESCRIPTIVE_REPRESENTATION_ITEM('Steel','Steel');
#5173=DESCRIPTIVE_REPRESENTATION_ITEM('Steel','Steel');
#5174=PROPERTY_DEFINITION('material property','material name',#8734);
#5175=PROPERTY_DEFINITION('material property','density of part',#8734);
#5176=PROPERTY_DEFINITION('material property','material name',#8736);
#5177=PROPERTY_DEFINITION('material property','density of part',#8736);
#5178=PROPERTY_DEFINITION('material property','material name',#8737);
#5179=PROPERTY_DEFINITION('material property','density of part',#8737);
#5180=PROPERTY_DEFINITION('material property','material name',#8738);
#5181=PROPERTY_DEFINITION('material property','density of part',#8738);
#5182=PROPERTY_DEFINITION('material property','material name',#8739);
#5183=PROPERTY_DEFINITION('material property','density of part',#8739);
#5184=PROPERTY_DEFINITION('material property','material name',#8740);
#5185=PROPERTY_DEFINITION('material property','density of part',#8740);
#5186=PROPERTY_DEFINITION('material property','material name',#8741);
#5187=PROPERTY_DEFINITION('material property','density of part',#8741);
#5188=PROPERTY_DEFINITION('material property','material name',#8742);
#5189=PROPERTY_DEFINITION('material property','density of part',#8742);
#5190=PROPERTY_DEFINITION('material property','material name',#8743);
#5191=PROPERTY_DEFINITION('material property','density of part',#8743);
#5192=PROPERTY_DEFINITION('material property','material name',#8744);
#5193=PROPERTY_DEFINITION('material property','density of part',#8744);
#5194=PROPERTY_DEFINITION('material property','material name',#8745);
#5195=PROPERTY_DEFINITION('material property','density of part',#8745);
#5196=PROPERTY_DEFINITION('material property','material name',#8746);
#5197=PROPERTY_DEFINITION('material property','density of part',#8746);
#5198=AXIS2_PLACEMENT_3D('',#7182,#5697,#5698);
#5199=AXIS2_PLACEMENT_3D('',#7183,#5699,#5700);
#5200=AXIS2_PLACEMENT_3D('',#7184,#5701,#5702);
#5201=AXIS2_PLACEMENT_3D('',#7187,#5703,#5704);
#5202=AXIS2_PLACEMENT_3D('',#7188,#5705,#5706);
#5203=AXIS2_PLACEMENT_3D('',#7192,#5708,#5709);
#5204=AXIS2_PLACEMENT_3D('',#7193,#5710,#5711);
#5205=AXIS2_PLACEMENT_3D('',#7194,#5712,#5713);
#5206=AXIS2_PLACEMENT_3D('',#7196,#5714,#5715);
#5207=AXIS2_PLACEMENT_3D('',#7198,#5716,#5717);
#5208=AXIS2_PLACEMENT_3D('',#7200,#5718,#5719);
#5209=AXIS2_PLACEMENT_3D('',#7201,#5720,#5721);
#5210=AXIS2_PLACEMENT_3D('',#7202,#5722,#5723);
#5211=AXIS2_PLACEMENT_3D('',#7206,#5725,#5726);
#5212=AXIS2_PLACEMENT_3D('',#7207,#5727,#5728);
#5213=AXIS2_PLACEMENT_3D('',#7208,#5729,#5730);
#5214=AXIS2_PLACEMENT_3D('',#7209,#5731,#5732);
#5215=AXIS2_PLACEMENT_3D('',#7211,#5733,#5734);
#5216=AXIS2_PLACEMENT_3D('',#7212,#5735,#5736);
#5217=AXIS2_PLACEMENT_3D('',#7213,#5737,#5738);
#5218=AXIS2_PLACEMENT_3D('',#7215,#5739,#5740);
#5219=AXIS2_PLACEMENT_3D('',#7216,#5741,#5742);
#5220=AXIS2_PLACEMENT_3D('',#7218,#5743,#5744);
#5221=AXIS2_PLACEMENT_3D('',#7220,#5745,#5746);
#5222=AXIS2_PLACEMENT_3D('',#7221,#5747,#5748);
#5223=AXIS2_PLACEMENT_3D('',#7222,#5749,#5750);
#5224=AXIS2_PLACEMENT_3D('',#7226,#5752,#5753);
#5225=AXIS2_PLACEMENT_3D('',#7227,#5754,#5755);
#5226=AXIS2_PLACEMENT_3D('',#7228,#5756,#5757);
#5227=AXIS2_PLACEMENT_3D('',#7230,#5758,#5759);
#5228=AXIS2_PLACEMENT_3D('',#7231,#5760,#5761);
#5229=AXIS2_PLACEMENT_3D('',#7232,#5762,#5763);
#5230=AXIS2_PLACEMENT_3D('',#7234,#5764,#5765);
#5231=AXIS2_PLACEMENT_3D('',#7235,#5766,#5767);
#5232=AXIS2_PLACEMENT_3D('',#7236,#5768,#5769);
#5233=AXIS2_PLACEMENT_3D('',#7237,#5770,#5771);
#5234=AXIS2_PLACEMENT_3D('',#7240,#5772,#5773);
#5235=AXIS2_PLACEMENT_3D('',#7241,#5774,#5775);
#5236=AXIS2_PLACEMENT_3D('',#7243,#5776,#5777);
#5237=AXIS2_PLACEMENT_3D('',#7244,#5778,#5779);
#5238=AXIS2_PLACEMENT_3D('',#7248,#5781,#5782);
#5239=AXIS2_PLACEMENT_3D('',#7249,#5783,#5784);
#5240=AXIS2_PLACEMENT_3D('',#7250,#5785,#5786);
#5241=AXIS2_PLACEMENT_3D('',#7251,#5787,#5788);
#5242=AXIS2_PLACEMENT_3D('',#7252,#5789,#5790);
#5243=AXIS2_PLACEMENT_3D('',#7263,#5796,#5797);
#5244=AXIS2_PLACEMENT_3D('',#7269,#5801,#5802);
#5245=AXIS2_PLACEMENT_3D('',#7277,#5807,#5808);
#5246=AXIS2_PLACEMENT_3D('',#7280,#5811,#5812);
#5247=AXIS2_PLACEMENT_3D('',#7281,#5813,#5814);
#5248=AXIS2_PLACEMENT_3D('',#7282,#5815,#5816);
#5249=AXIS2_PLACEMENT_3D('',#7283,#5817,#5818);
#5250=AXIS2_PLACEMENT_3D('',#7292,#5823,#5824);
#5251=AXIS2_PLACEMENT_3D('',#7300,#5829,#5830);
#5252=AXIS2_PLACEMENT_3D('',#7306,#5834,#5835);
#5253=AXIS2_PLACEMENT_3D('',#7311,#5839,#5840);
#5254=AXIS2_PLACEMENT_3D('',#7312,#5841,#5842);
#5255=AXIS2_PLACEMENT_3D('',#7313,#5843,#5844);
#5256=AXIS2_PLACEMENT_3D('',#7314,#5845,#5846);
#5257=AXIS2_PLACEMENT_3D('',#7319,#5848,#5849);
#5258=AXIS2_PLACEMENT_3D('',#7322,#5851,#5852);
#5259=AXIS2_PLACEMENT_3D('',#7323,#5853,#5854);
#5260=AXIS2_PLACEMENT_3D('',#7329,#5858,#5859);
#5261=AXIS2_PLACEMENT_3D('',#7331,#5860,#5861);
#5262=AXIS2_PLACEMENT_3D('',#7332,#5862,#5863);
#5263=AXIS2_PLACEMENT_3D('',#7333,#5864,#5865);
#5264=AXIS2_PLACEMENT_3D('',#7335,#5866,#5867);
#5265=AXIS2_PLACEMENT_3D('',#7337,#5869,#5870);
#5266=AXIS2_PLACEMENT_3D('',#7343,#5874,#5875);
#5267=AXIS2_PLACEMENT_3D('',#7344,#5876,#5877);
#5268=AXIS2_PLACEMENT_3D('',#7345,#5878,#5879);
#5269=AXIS2_PLACEMENT_3D('',#7346,#5880,#5881);
#5270=AXIS2_PLACEMENT_3D('',#7347,#5882,#5883);
#5271=AXIS2_PLACEMENT_3D('',#7348,#5884,#5885);
#5272=AXIS2_PLACEMENT_3D('',#7353,#5887,#5888);
#5273=AXIS2_PLACEMENT_3D('',#7357,#5890,#5891);
#5274=AXIS2_PLACEMENT_3D('',#7361,#5893,#5894);
#5275=AXIS2_PLACEMENT_3D('',#7365,#5896,#5897);
#5276=AXIS2_PLACEMENT_3D('',#7369,#5899,#5900);
#5277=AXIS2_PLACEMENT_3D('',#7373,#5902,#5903);
#5278=AXIS2_PLACEMENT_3D('',#7377,#5905,#5906);
#5279=AXIS2_PLACEMENT_3D('',#7380,#5908,#5909);
#5280=AXIS2_PLACEMENT_3D('',#7382,#5910,#5911);
#5281=AXIS2_PLACEMENT_3D('',#7384,#5912,#5913);
#5282=AXIS2_PLACEMENT_3D('',#7386,#5914,#5915);
#5283=AXIS2_PLACEMENT_3D('',#7388,#5916,#5917);
#5284=AXIS2_PLACEMENT_3D('',#7390,#5918,#5919);
#5285=AXIS2_PLACEMENT_3D('',#7391,#5920,#5921);
#5286=AXIS2_PLACEMENT_3D('',#7396,#5923,#5924);
#5287=AXIS2_PLACEMENT_3D('',#7400,#5926,#5927);
#5288=AXIS2_PLACEMENT_3D('',#7404,#5929,#5930);
#5289=AXIS2_PLACEMENT_3D('',#7408,#5932,#5933);
#5290=AXIS2_PLACEMENT_3D('',#7412,#5935,#5936);
#5291=AXIS2_PLACEMENT_3D('',#7416,#5938,#5939);
#5292=AXIS2_PLACEMENT_3D('',#7420,#5941,#5942);
#5293=AXIS2_PLACEMENT_3D('',#7423,#5944,#5945);
#5294=AXIS2_PLACEMENT_3D('',#7425,#5946,#5947);
#5295=AXIS2_PLACEMENT_3D('',#7427,#5948,#5949);
#5296=AXIS2_PLACEMENT_3D('',#7429,#5950,#5951);
#5297=AXIS2_PLACEMENT_3D('',#7431,#5952,#5953);
#5298=AXIS2_PLACEMENT_3D('',#7433,#5954,#5955);
#5299=AXIS2_PLACEMENT_3D('',#7434,#5956,#5957);
#5300=AXIS2_PLACEMENT_3D('',#7437,#5960,#5961);
#5301=AXIS2_PLACEMENT_3D('',#7440,#5964,#5965);
#5302=AXIS2_PLACEMENT_3D('',#7441,#5966,#5967);
#5303=AXIS2_PLACEMENT_3D('',#7444,#5970,#5971);
#5304=AXIS2_PLACEMENT_3D('',#7447,#5974,#5975);
#5305=AXIS2_PLACEMENT_3D('',#7448,#5976,#5977);
#5306=AXIS2_PLACEMENT_3D('',#7451,#5980,#5981);
#5307=AXIS2_PLACEMENT_3D('',#7454,#5984,#5985);
#5308=AXIS2_PLACEMENT_3D('',#7455,#5986,#5987);
#5309=AXIS2_PLACEMENT_3D('',#7458,#5990,#5991);
#5310=AXIS2_PLACEMENT_3D('',#7461,#5994,#5995);
#5311=AXIS2_PLACEMENT_3D('',#7462,#5996,#5997);
#5312=AXIS2_PLACEMENT_3D('',#7463,#5998,#5999);
#5313=AXIS2_PLACEMENT_3D('',#7464,#6000,#6001);
#5314=AXIS2_PLACEMENT_3D('',#7465,#6002,#6003);
#5315=AXIS2_PLACEMENT_3D('',#7466,#6004,#6005);
#5316=AXIS2_PLACEMENT_3D('',#7468,#6007,#6008);
#5317=AXIS2_PLACEMENT_3D('',#7470,#6010,#6011);
#5318=AXIS2_PLACEMENT_3D('',#7472,#6013,#6014);
#5319=AXIS2_PLACEMENT_3D('',#7474,#6016,#6017);
#5320=AXIS2_PLACEMENT_3D('',#7476,#6019,#6020);
#5321=AXIS2_PLACEMENT_3D('',#7477,#6021,#6022);
#5322=AXIS2_PLACEMENT_3D('',#7478,#6023,#6024);
#5323=AXIS2_PLACEMENT_3D('',#7480,#6025,#6026);
#5324=AXIS2_PLACEMENT_3D('',#7483,#6028,#6029);
#5325=AXIS2_PLACEMENT_3D('',#7484,#6030,#6031);
#5326=AXIS2_PLACEMENT_3D('',#7486,#6032,#6033);
#5327=AXIS2_PLACEMENT_3D('',#7489,#6035,#6036);
#5328=AXIS2_PLACEMENT_3D('',#7490,#6037,#6038);
#5329=AXIS2_PLACEMENT_3D('',#7492,#6039,#6040);
#5330=AXIS2_PLACEMENT_3D('',#7495,#6042,#6043);
#5331=AXIS2_PLACEMENT_3D('',#7496,#6044,#6045);
#5332=AXIS2_PLACEMENT_3D('',#7498,#6046,#6047);
#5333=AXIS2_PLACEMENT_3D('',#7501,#6049,#6050);
#5334=AXIS2_PLACEMENT_3D('',#7502,#6051,#6052);
#5335=AXIS2_PLACEMENT_3D('',#7505,#6053,#6054);
#5336=AXIS2_PLACEMENT_3D('',#7509,#6056,#6057);
#5337=AXIS2_PLACEMENT_3D('',#7511,#6059,#6060);
#5338=AXIS2_PLACEMENT_3D('',#7515,#6062,#6063);
#5339=AXIS2_PLACEMENT_3D('',#7519,#6065,#6066);
#5340=AXIS2_PLACEMENT_3D('',#7523,#6068,#6069);
#5341=AXIS2_PLACEMENT_3D('',#7525,#6071,#6072);
#5342=AXIS2_PLACEMENT_3D('',#7529,#6075,#6076);
#5343=AXIS2_PLACEMENT_3D('',#7531,#6077,#6078);
#5344=AXIS2_PLACEMENT_3D('',#7533,#6080,#6081);
#5345=AXIS2_PLACEMENT_3D('',#7537,#6083,#6084);
#5346=AXIS2_PLACEMENT_3D('',#7539,#6086,#6087);
#5347=AXIS2_PLACEMENT_3D('',#7543,#6090,#6091);
#5348=AXIS2_PLACEMENT_3D('',#7546,#6093,#6094);
#5349=AXIS2_PLACEMENT_3D('',#7547,#6095,#6096);
#5350=AXIS2_PLACEMENT_3D('',#7549,#6098,#6099);
#5351=AXIS2_PLACEMENT_3D('',#7551,#6101,#6102);
#5352=AXIS2_PLACEMENT_3D('',#7552,#6103,#6104);
#5353=AXIS2_PLACEMENT_3D('',#7553,#6105,#6106);
#5354=AXIS2_PLACEMENT_3D('',#7562,#6111,#6112);
#5355=AXIS2_PLACEMENT_3D('',#7568,#6116,#6117);
#5356=AXIS2_PLACEMENT_3D('',#7574,#6121,#6122);
#5357=AXIS2_PLACEMENT_3D('',#7577,#6125,#6126);
#5358=AXIS2_PLACEMENT_3D('',#7578,#6127,#6128);
#5359=AXIS2_PLACEMENT_3D('',#7587,#6133,#6134);
#5360=AXIS2_PLACEMENT_3D('',#7593,#6138,#6139);
#5361=AXIS2_PLACEMENT_3D('',#7599,#6143,#6144);
#5362=AXIS2_PLACEMENT_3D('',#7602,#6147,#6148);
#5363=AXIS2_PLACEMENT_3D('',#7603,#6149,#6150);
#5364=AXIS2_PLACEMENT_3D('',#7605,#6151,#6152);
#5365=AXIS2_PLACEMENT_3D('',#7608,#6154,#6155);
#5366=AXIS2_PLACEMENT_3D('',#7609,#6156,#6157);
#5367=AXIS2_PLACEMENT_3D('',#7610,#6158,#6159);
#5368=AXIS2_PLACEMENT_3D('',#7612,#6160,#6161);
#5369=AXIS2_PLACEMENT_3D('',#7615,#6163,#6164);
#5370=AXIS2_PLACEMENT_3D('',#7616,#6165,#6166);
#5371=AXIS2_PLACEMENT_3D('',#7617,#6167,#6168);
#5372=AXIS2_PLACEMENT_3D('',#7626,#6173,#6174);
#5373=AXIS2_PLACEMENT_3D('',#7632,#6178,#6179);
#5374=AXIS2_PLACEMENT_3D('',#7638,#6183,#6184);
#5375=AXIS2_PLACEMENT_3D('',#7644,#6188,#6189);
#5376=AXIS2_PLACEMENT_3D('',#7648,#6192,#6193);
#5377=AXIS2_PLACEMENT_3D('',#7652,#6196,#6197);
#5378=AXIS2_PLACEMENT_3D('',#7654,#6199,#6200);
#5379=AXIS2_PLACEMENT_3D('',#7655,#6201,#6202);
#5380=AXIS2_PLACEMENT_3D('',#7656,#6203,#6204);
#5381=AXIS2_PLACEMENT_3D('',#7665,#6209,#6210);
#5382=AXIS2_PLACEMENT_3D('',#7671,#6214,#6215);
#5383=AXIS2_PLACEMENT_3D('',#7677,#6219,#6220);
#5384=AXIS2_PLACEMENT_3D('',#7680,#6223,#6224);
#5385=AXIS2_PLACEMENT_3D('',#7681,#6225,#6226);
#5386=AXIS2_PLACEMENT_3D('',#7690,#6231,#6232);
#5387=AXIS2_PLACEMENT_3D('',#7696,#6236,#6237);
#5388=AXIS2_PLACEMENT_3D('',#7702,#6241,#6242);
#5389=AXIS2_PLACEMENT_3D('',#7705,#6245,#6246);
#5390=AXIS2_PLACEMENT_3D('',#7706,#6247,#6248);
#5391=AXIS2_PLACEMENT_3D('',#7708,#6249,#6250);
#5392=AXIS2_PLACEMENT_3D('',#7711,#6252,#6253);
#5393=AXIS2_PLACEMENT_3D('',#7712,#6254,#6255);
#5394=AXIS2_PLACEMENT_3D('',#7713,#6256,#6257);
#5395=AXIS2_PLACEMENT_3D('',#7715,#6258,#6259);
#5396=AXIS2_PLACEMENT_3D('',#7718,#6261,#6262);
#5397=AXIS2_PLACEMENT_3D('',#7719,#6263,#6264);
#5398=AXIS2_PLACEMENT_3D('',#7720,#6265,#6266);
#5399=AXIS2_PLACEMENT_3D('',#7729,#6271,#6272);
#5400=AXIS2_PLACEMENT_3D('',#7735,#6276,#6277);
#5401=AXIS2_PLACEMENT_3D('',#7741,#6281,#6282);
#5402=AXIS2_PLACEMENT_3D('',#7747,#6286,#6287);
#5403=AXIS2_PLACEMENT_3D('',#7751,#6290,#6291);
#5404=AXIS2_PLACEMENT_3D('',#7755,#6294,#6295);
#5405=AXIS2_PLACEMENT_3D('',#7757,#6297,#6298);
#5406=AXIS2_PLACEMENT_3D('',#7758,#6299,#6300);
#5407=AXIS2_PLACEMENT_3D('',#7759,#6301,#6302);
#5408=AXIS2_PLACEMENT_3D('',#7761,#6303,#6304);
#5409=AXIS2_PLACEMENT_3D('',#7764,#6306,#6307);
#5410=AXIS2_PLACEMENT_3D('',#7765,#6308,#6309);
#5411=AXIS2_PLACEMENT_3D('',#7766,#6310,#6311);
#5412=AXIS2_PLACEMENT_3D('',#7767,#6312,#6313);
#5413=AXIS2_PLACEMENT_3D('',#7768,#6314,#6315);
#5414=AXIS2_PLACEMENT_3D('',#7771,#6316,#6317);
#5415=AXIS2_PLACEMENT_3D('',#7773,#6318,#6319);
#5416=AXIS2_PLACEMENT_3D('',#7774,#6320,#6321);
#5417=AXIS2_PLACEMENT_3D('',#7775,#6322,#6323);
#5418=AXIS2_PLACEMENT_3D('',#7778,#6325,#6326);
#5419=AXIS2_PLACEMENT_3D('',#7779,#6327,#6328);
#5420=AXIS2_PLACEMENT_3D('',#7781,#6329,#6330);
#5421=AXIS2_PLACEMENT_3D('',#7784,#6332,#6333);
#5422=AXIS2_PLACEMENT_3D('',#7785,#6334,#6335);
#5423=AXIS2_PLACEMENT_3D('',#7786,#6336,#6337);
#5424=AXIS2_PLACEMENT_3D('',#7814,#6339,#6340);
#5425=AXIS2_PLACEMENT_3D('',#7816,#6342,#6343);
#5426=AXIS2_PLACEMENT_3D('',#7822,#6347,#6348);
#5427=AXIS2_PLACEMENT_3D('',#7828,#6352,#6353);
#5428=AXIS2_PLACEMENT_3D('',#7830,#6354,#6355);
#5429=AXIS2_PLACEMENT_3D('',#7836,#6359,#6360);
#5430=AXIS2_PLACEMENT_3D('',#7843,#6364,#6365);
#5431=AXIS2_PLACEMENT_3D('',#7844,#6366,#6367);
#5432=AXIS2_PLACEMENT_3D('',#7850,#6371,#6372);
#5433=AXIS2_PLACEMENT_3D('',#7856,#6376,#6377);
#5434=AXIS2_PLACEMENT_3D('',#7859,#6379,#6380);
#5435=AXIS2_PLACEMENT_3D('',#7860,#6381,#6382);
#5436=AXIS2_PLACEMENT_3D('',#7864,#6385,#6386);
#5437=AXIS2_PLACEMENT_3D('',#7870,#6390,#6391);
#5438=AXIS2_PLACEMENT_3D('',#7874,#6394,#6395);
#5439=AXIS2_PLACEMENT_3D('',#7878,#6398,#6399);
#5440=AXIS2_PLACEMENT_3D('',#7880,#6401,#6402);
#5441=AXIS2_PLACEMENT_3D('',#7881,#6403,#6404);
#5442=AXIS2_PLACEMENT_3D('',#7882,#6405,#6406);
#5443=AXIS2_PLACEMENT_3D('',#7884,#6407,#6408);
#5444=AXIS2_PLACEMENT_3D('',#7887,#6410,#6411);
#5445=AXIS2_PLACEMENT_3D('',#7888,#6412,#6413);
#5446=AXIS2_PLACEMENT_3D('',#7889,#6414,#6415);
#5447=AXIS2_PLACEMENT_3D('',#7891,#6416,#6417);
#5448=AXIS2_PLACEMENT_3D('',#7894,#6419,#6420);
#5449=AXIS2_PLACEMENT_3D('',#7895,#6421,#6422);
#5450=AXIS2_PLACEMENT_3D('',#7896,#6423,#6424);
#5451=AXIS2_PLACEMENT_3D('',#7905,#6429,#6430);
#5452=AXIS2_PLACEMENT_3D('',#7911,#6434,#6435);
#5453=AXIS2_PLACEMENT_3D('',#7917,#6439,#6440);
#5454=AXIS2_PLACEMENT_3D('',#7920,#6443,#6444);
#5455=AXIS2_PLACEMENT_3D('',#7921,#6445,#6446);
#5456=AXIS2_PLACEMENT_3D('',#7922,#6447,#6448);
#5457=AXIS2_PLACEMENT_3D('',#7923,#6449,#6450);
#5458=AXIS2_PLACEMENT_3D('',#7932,#6455,#6456);
#5459=AXIS2_PLACEMENT_3D('',#7938,#6460,#6461);
#5460=AXIS2_PLACEMENT_3D('',#7944,#6465,#6466);
#5461=AXIS2_PLACEMENT_3D('',#7947,#6469,#6470);
#5462=AXIS2_PLACEMENT_3D('',#7948,#6471,#6472);
#5463=AXIS2_PLACEMENT_3D('',#7957,#6477,#6478);
#5464=AXIS2_PLACEMENT_3D('',#7963,#6482,#6483);
#5465=AXIS2_PLACEMENT_3D('',#7969,#6487,#6488);
#5466=AXIS2_PLACEMENT_3D('',#7972,#6491,#6492);
#5467=AXIS2_PLACEMENT_3D('',#7973,#6493,#6494);
#5468=AXIS2_PLACEMENT_3D('',#7982,#6499,#6500);
#5469=AXIS2_PLACEMENT_3D('',#7988,#6504,#6505);
#5470=AXIS2_PLACEMENT_3D('',#7994,#6509,#6510);
#5471=AXIS2_PLACEMENT_3D('',#7997,#6513,#6514);
#5472=AXIS2_PLACEMENT_3D('',#7998,#6515,#6516);
#5473=AXIS2_PLACEMENT_3D('',#8000,#6517,#6518);
#5474=AXIS2_PLACEMENT_3D('',#8003,#6520,#6521);
#5475=AXIS2_PLACEMENT_3D('',#8004,#6522,#6523);
#5476=AXIS2_PLACEMENT_3D('',#8005,#6524,#6525);
#5477=AXIS2_PLACEMENT_3D('',#8007,#6526,#6527);
#5478=AXIS2_PLACEMENT_3D('',#8010,#6529,#6530);
#5479=AXIS2_PLACEMENT_3D('',#8011,#6531,#6532);
#5480=AXIS2_PLACEMENT_3D('',#8012,#6533,#6534);
#5481=AXIS2_PLACEMENT_3D('',#8014,#6535,#6536);
#5482=AXIS2_PLACEMENT_3D('',#8017,#6538,#6539);
#5483=AXIS2_PLACEMENT_3D('',#8018,#6540,#6541);
#5484=AXIS2_PLACEMENT_3D('',#8019,#6542,#6543);
#5485=AXIS2_PLACEMENT_3D('',#8028,#6548,#6549);
#5486=AXIS2_PLACEMENT_3D('',#8034,#6553,#6554);
#5487=AXIS2_PLACEMENT_3D('',#8038,#6557,#6558);
#5488=AXIS2_PLACEMENT_3D('',#8042,#6561,#6562);
#5489=AXIS2_PLACEMENT_3D('',#8044,#6564,#6565);
#5490=AXIS2_PLACEMENT_3D('',#8050,#6569,#6570);
#5491=AXIS2_PLACEMENT_3D('',#8054,#6573,#6574);
#5492=AXIS2_PLACEMENT_3D('',#8058,#6577,#6578);
#5493=AXIS2_PLACEMENT_3D('',#8060,#6580,#6581);
#5494=AXIS2_PLACEMENT_3D('',#8061,#6582,#6583);
#5495=AXIS2_PLACEMENT_3D('',#8062,#6584,#6585);
#5496=AXIS2_PLACEMENT_3D('',#8071,#6590,#6591);
#5497=AXIS2_PLACEMENT_3D('',#8077,#6595,#6596);
#5498=AXIS2_PLACEMENT_3D('',#8083,#6600,#6601);
#5499=AXIS2_PLACEMENT_3D('',#8089,#6605,#6606);
#5500=AXIS2_PLACEMENT_3D('',#8095,#6610,#6611);
#5501=AXIS2_PLACEMENT_3D('',#8101,#6615,#6616);
#5502=AXIS2_PLACEMENT_3D('',#8104,#6619,#6620);
#5503=AXIS2_PLACEMENT_3D('',#8105,#6621,#6622);
#5504=AXIS2_PLACEMENT_3D('',#8107,#6623,#6624);
#5505=AXIS2_PLACEMENT_3D('',#8108,#6625,#6626);
#5506=AXIS2_PLACEMENT_3D('',#8110,#6627,#6628);
#5507=AXIS2_PLACEMENT_3D('',#8112,#6630,#6631);
#5508=AXIS2_PLACEMENT_3D('',#8121,#6636,#6637);
#5509=AXIS2_PLACEMENT_3D('',#8127,#6641,#6642);
#5510=AXIS2_PLACEMENT_3D('',#8133,#6646,#6647);
#5511=AXIS2_PLACEMENT_3D('',#8136,#6650,#6651);
#5512=AXIS2_PLACEMENT_3D('',#8137,#6652,#6653);
#5513=AXIS2_PLACEMENT_3D('',#8138,#6654,#6655);
#5514=AXIS2_PLACEMENT_3D('',#8139,#6656,#6657);
#5515=AXIS2_PLACEMENT_3D('',#8148,#6662,#6663);
#5516=AXIS2_PLACEMENT_3D('',#8154,#6667,#6668);
#5517=AXIS2_PLACEMENT_3D('',#8160,#6672,#6673);
#5518=AXIS2_PLACEMENT_3D('',#8163,#6676,#6677);
#5519=AXIS2_PLACEMENT_3D('',#8164,#6678,#6679);
#5520=AXIS2_PLACEMENT_3D('',#8173,#6684,#6685);
#5521=AXIS2_PLACEMENT_3D('',#8179,#6689,#6690);
#5522=AXIS2_PLACEMENT_3D('',#8185,#6694,#6695);
#5523=AXIS2_PLACEMENT_3D('',#8188,#6698,#6699);
#5524=AXIS2_PLACEMENT_3D('',#8189,#6700,#6701);
#5525=AXIS2_PLACEMENT_3D('',#8191,#6702,#6703);
#5526=AXIS2_PLACEMENT_3D('',#8194,#6705,#6706);
#5527=AXIS2_PLACEMENT_3D('',#8195,#6707,#6708);
#5528=AXIS2_PLACEMENT_3D('',#8196,#6709,#6710);
#5529=AXIS2_PLACEMENT_3D('',#8198,#6711,#6712);
#5530=AXIS2_PLACEMENT_3D('',#8201,#6714,#6715);
#5531=AXIS2_PLACEMENT_3D('',#8202,#6716,#6717);
#5532=AXIS2_PLACEMENT_3D('',#8203,#6718,#6719);
#5533=AXIS2_PLACEMENT_3D('',#8212,#6724,#6725);
#5534=AXIS2_PLACEMENT_3D('',#8218,#6729,#6730);
#5535=AXIS2_PLACEMENT_3D('',#8224,#6734,#6735);
#5536=AXIS2_PLACEMENT_3D('',#8230,#6739,#6740);
#5537=AXIS2_PLACEMENT_3D('',#8234,#6743,#6744);
#5538=AXIS2_PLACEMENT_3D('',#8238,#6747,#6748);
#5539=AXIS2_PLACEMENT_3D('',#8240,#6750,#6751);
#5540=AXIS2_PLACEMENT_3D('',#8241,#6752,#6753);
#5541=AXIS2_PLACEMENT_3D('',#8242,#6754,#6755);
#5542=AXIS2_PLACEMENT_3D('',#8251,#6760,#6761);
#5543=AXIS2_PLACEMENT_3D('',#8257,#6765,#6766);
#5544=AXIS2_PLACEMENT_3D('',#8263,#6770,#6771);
#5545=AXIS2_PLACEMENT_3D('',#8266,#6774,#6775);
#5546=AXIS2_PLACEMENT_3D('',#8267,#6776,#6777);
#5547=AXIS2_PLACEMENT_3D('',#8268,#6778,#6779);
#5548=AXIS2_PLACEMENT_3D('',#8269,#6780,#6781);
#5549=AXIS2_PLACEMENT_3D('',#8270,#6782,#6783);
#5550=AXIS2_PLACEMENT_3D('',#8271,#6784,#6785);
#5551=AXIS2_PLACEMENT_3D('',#8272,#6786,#6787);
#5552=AXIS2_PLACEMENT_3D('',#8273,#6788,#6789);
#5553=AXIS2_PLACEMENT_3D('',#8274,#6790,#6791);
#5554=AXIS2_PLACEMENT_3D('',#8275,#6792,#6793);
#5555=AXIS2_PLACEMENT_3D('',#8276,#6794,#6795);
#5556=AXIS2_PLACEMENT_3D('',#8277,#6796,#6797);
#5557=AXIS2_PLACEMENT_3D('',#8278,#6798,#6799);
#5558=AXIS2_PLACEMENT_3D('',#8279,#6800,#6801);
#5559=AXIS2_PLACEMENT_3D('',#8281,#6802,#6803);
#5560=AXIS2_PLACEMENT_3D('',#8284,#6805,#6806);
#5561=AXIS2_PLACEMENT_3D('',#8285,#6807,#6808);
#5562=AXIS2_PLACEMENT_3D('',#8286,#6809,#6810);
#5563=AXIS2_PLACEMENT_3D('',#8288,#6811,#6812);
#5564=AXIS2_PLACEMENT_3D('',#8291,#6814,#6815);
#5565=AXIS2_PLACEMENT_3D('',#8292,#6816,#6817);
#5566=AXIS2_PLACEMENT_3D('',#8293,#6818,#6819);
#5567=AXIS2_PLACEMENT_3D('',#8296,#6820,#6821);
#5568=AXIS2_PLACEMENT_3D('',#8300,#6823,#6824);
#5569=AXIS2_PLACEMENT_3D('',#8302,#6826,#6827);
#5570=AXIS2_PLACEMENT_3D('',#8308,#6831,#6832);
#5571=AXIS2_PLACEMENT_3D('',#8314,#6836,#6837);
#5572=AXIS2_PLACEMENT_3D('',#8317,#6838,#6839);
#5573=AXIS2_PLACEMENT_3D('',#8321,#6841,#6842);
#5574=AXIS2_PLACEMENT_3D('',#8323,#6844,#6845);
#5575=AXIS2_PLACEMENT_3D('',#8329,#6849,#6850);
#5576=AXIS2_PLACEMENT_3D('',#8331,#6851,#6852);
#5577=AXIS2_PLACEMENT_3D('',#8334,#6854,#6855);
#5578=AXIS2_PLACEMENT_3D('',#8338,#6857,#6858);
#5579=AXIS2_PLACEMENT_3D('',#8348,#6863,#6864);
#5580=AXIS2_PLACEMENT_3D('',#8353,#6867,#6868);
#5581=AXIS2_PLACEMENT_3D('',#8355,#6869,#6870);
#5582=AXIS2_PLACEMENT_3D('',#8357,#6871,#6872);
#5583=AXIS2_PLACEMENT_3D('',#8358,#6873,#6874);
#5584=AXIS2_PLACEMENT_3D('',#8362,#6876,#6877);
#5585=AXIS2_PLACEMENT_3D('',#8364,#6878,#6879);
#5586=AXIS2_PLACEMENT_3D('',#8365,#6880,#6881);
#5587=AXIS2_PLACEMENT_3D('',#8366,#6882,#6883);
#5588=AXIS2_PLACEMENT_3D('',#8374,#6887,#6888);
#5589=AXIS2_PLACEMENT_3D('',#8378,#6890,#6891);
#5590=AXIS2_PLACEMENT_3D('',#8380,#6893,#6894);
#5591=AXIS2_PLACEMENT_3D('',#8382,#6895,#6896);
#5592=AXIS2_PLACEMENT_3D('',#8385,#6898,#6899);
#5593=AXIS2_PLACEMENT_3D('',#8386,#6900,#6901);
#5594=AXIS2_PLACEMENT_3D('',#8392,#6905,#6906);
#5595=AXIS2_PLACEMENT_3D('',#8396,#6909,#6910);
#5596=AXIS2_PLACEMENT_3D('',#8400,#6913,#6914);
#5597=AXIS2_PLACEMENT_3D('',#8404,#6917,#6918);
#5598=AXIS2_PLACEMENT_3D('',#8406,#6919,#6920);
#5599=AXIS2_PLACEMENT_3D('',#8408,#6922,#6923);
#5600=AXIS2_PLACEMENT_3D('',#8412,#6926,#6927);
#5601=AXIS2_PLACEMENT_3D('',#8413,#6928,#6929);
#5602=AXIS2_PLACEMENT_3D('',#8414,#6930,#6931);
#5603=AXIS2_PLACEMENT_3D('',#8418,#6934,#6935);
#5604=AXIS2_PLACEMENT_3D('',#8419,#6936,#6937);
#5605=AXIS2_PLACEMENT_3D('',#8420,#6938,#6939);
#5606=AXIS2_PLACEMENT_3D('',#8424,#6941,#6942);
#5607=AXIS2_PLACEMENT_3D('',#8428,#6944,#6945);
#5608=AXIS2_PLACEMENT_3D('',#8432,#6947,#6948);
#5609=AXIS2_PLACEMENT_3D('',#8434,#6950,#6951);
#5610=AXIS2_PLACEMENT_3D('',#8437,#6953,#6954);
#5611=AXIS2_PLACEMENT_3D('',#8438,#6955,#6956);
#5612=AXIS2_PLACEMENT_3D('',#8439,#6957,#6958);
#5613=AXIS2_PLACEMENT_3D('',#8442,#6960,#6961);
#5614=AXIS2_PLACEMENT_3D('',#8443,#6962,#6963);
#5615=AXIS2_PLACEMENT_3D('',#8444,#6964,#6965);
#5616=AXIS2_PLACEMENT_3D('',#8447,#6966,#6967);
#5617=AXIS2_PLACEMENT_3D('',#8450,#6970,#6971);
#5618=AXIS2_PLACEMENT_3D('',#8455,#6974,#6975);
#5619=AXIS2_PLACEMENT_3D('',#8457,#6976,#6977);
#5620=AXIS2_PLACEMENT_3D('',#8459,#6978,#6979);
#5621=AXIS2_PLACEMENT_3D('',#8461,#6980,#6981);
#5622=AXIS2_PLACEMENT_3D('',#8463,#6982,#6983);
#5623=AXIS2_PLACEMENT_3D('',#8464,#6984,#6985);
#5624=AXIS2_PLACEMENT_3D('',#8466,#6986,#6987);
#5625=AXIS2_PLACEMENT_3D('',#8468,#6989,#6990);
#5626=AXIS2_PLACEMENT_3D('',#8472,#6993,#6994);
#5627=AXIS2_PLACEMENT_3D('',#8475,#6996,#6997);
#5628=AXIS2_PLACEMENT_3D('',#8476,#6998,#6999);
#5629=AXIS2_PLACEMENT_3D('',#8480,#7002,#7003);
#5630=AXIS2_PLACEMENT_3D('',#8482,#7004,#7005);
#5631=AXIS2_PLACEMENT_3D('',#8484,#7007,#7008);
#5632=AXIS2_PLACEMENT_3D('',#8486,#7010,#7011);
#5633=AXIS2_PLACEMENT_3D('',#8492,#7015,#7016);
#5634=AXIS2_PLACEMENT_3D('',#8498,#7020,#7021);
#5635=AXIS2_PLACEMENT_3D('',#8502,#7024,#7025);
#5636=AXIS2_PLACEMENT_3D('',#8504,#7026,#7027);
#5637=AXIS2_PLACEMENT_3D('',#8506,#7029,#7030);
#5638=AXIS2_PLACEMENT_3D('',#8510,#7032,#7033);
#5639=AXIS2_PLACEMENT_3D('',#8514,#7036,#7037);
#5640=AXIS2_PLACEMENT_3D('',#8516,#7039,#7040);
#5641=AXIS2_PLACEMENT_3D('',#8530,#7043,#7044);
#5642=AXIS2_PLACEMENT_3D('',#8532,#7046,#7047);
#5643=AXIS2_PLACEMENT_3D('',#8533,#7048,#7049);
#5644=AXIS2_PLACEMENT_3D('',#8536,#7051,#7052);
#5645=AXIS2_PLACEMENT_3D('',#8537,#7053,#7054);
#5646=AXIS2_PLACEMENT_3D('',#8538,#7055,#7056);
#5647=AXIS2_PLACEMENT_3D('',#8541,#7058,#7059);
#5648=AXIS2_PLACEMENT_3D('',#8542,#7060,#7061);
#5649=AXIS2_PLACEMENT_3D('',#8543,#7062,#7063);
#5650=AXIS2_PLACEMENT_3D('',#8546,#7065,#7066);
#5651=AXIS2_PLACEMENT_3D('',#8547,#7067,#7068);
#5652=AXIS2_PLACEMENT_3D('',#8548,#7069,#7070);
#5653=AXIS2_PLACEMENT_3D('',#8551,#7072,#7073);
#5654=AXIS2_PLACEMENT_3D('',#8552,#7074,#7075);
#5655=AXIS2_PLACEMENT_3D('',#8553,#7076,#7077);
#5656=AXIS2_PLACEMENT_3D('',#8555,#7079,#7080);
#5657=AXIS2_PLACEMENT_3D('',#8556,#7081,#7082);
#5658=AXIS2_PLACEMENT_3D('',#8557,#7083,#7084);
#5659=AXIS2_PLACEMENT_3D('',#8559,#7085,#7086);
#5660=AXIS2_PLACEMENT_3D('',#8562,#7088,#7089);
#5661=AXIS2_PLACEMENT_3D('',#8563,#7090,#7091);
#5662=AXIS2_PLACEMENT_3D('',#8564,#7092,#7093);
#5663=AXIS2_PLACEMENT_3D('',#8566,#7094,#7095);
#5664=AXIS2_PLACEMENT_3D('',#8569,#7097,#7098);
#5665=AXIS2_PLACEMENT_3D('',#8570,#7099,#7100);
#5666=AXIS2_PLACEMENT_3D('',#8571,#7101,#7102);
#5667=AXIS2_PLACEMENT_3D('',#8573,#7103,#7104);
#5668=AXIS2_PLACEMENT_3D('',#8576,#7106,#7107);
#5669=AXIS2_PLACEMENT_3D('',#8577,#7108,#7109);
#5670=AXIS2_PLACEMENT_3D('',#8579,#7110,#7111);
#5671=AXIS2_PLACEMENT_3D('',#8582,#7113,#7114);
#5672=AXIS2_PLACEMENT_3D('',#8583,#7115,#7116);
#5673=AXIS2_PLACEMENT_3D('',#8585,#7117,#7118);
#5674=AXIS2_PLACEMENT_3D('',#8588,#7120,#7121);
#5675=AXIS2_PLACEMENT_3D('',#8589,#7122,#7123);
#5676=AXIS2_PLACEMENT_3D('',#8592,#7124,#7125);
#5677=AXIS2_PLACEMENT_3D('',#8596,#7127,#7128);
#5678=AXIS2_PLACEMENT_3D('',#8598,#7130,#7131);
#5679=AXIS2_PLACEMENT_3D('',#8604,#7135,#7136);
#5680=AXIS2_PLACEMENT_3D('',#8606,#7137,#7138);
#5681=AXIS2_PLACEMENT_3D('',#8608,#7139,#7140);
#5682=AXIS2_PLACEMENT_3D('',#8610,#7142,#7143);
#5683=AXIS2_PLACEMENT_3D('',#8616,#7147,#7148);
#5684=AXIS2_PLACEMENT_3D('',#8618,#7149,#7150);
#5685=AXIS2_PLACEMENT_3D('',#8620,#7151,#7152);
#5686=AXIS2_PLACEMENT_3D('',#8622,#7154,#7155);
#5687=AXIS2_PLACEMENT_3D('',#8628,#7159,#7160);
#5688=AXIS2_PLACEMENT_3D('',#8630,#7161,#7162);
#5689=AXIS2_PLACEMENT_3D('',#8632,#7163,#7164);
#5690=AXIS2_PLACEMENT_3D('',#8634,#7166,#7167);
#5691=AXIS2_PLACEMENT_3D('',#8637,#7170,#7171);
#5692=AXIS2_PLACEMENT_3D('',#8638,#7172,#7173);
#5693=AXIS2_PLACEMENT_3D('',#8639,#7174,#7175);
#5694=AXIS2_PLACEMENT_3D('',#8640,#7176,#7177);
#5695=AXIS2_PLACEMENT_3D('',#8641,#7178,#7179);
#5696=AXIS2_PLACEMENT_3D('',#8642,#7180,#7181);
#5697=DIRECTION('axis',(0.,0.,1.));
#5698=DIRECTION('refdir',(1.,0.,0.));
#5699=DIRECTION('axis',(0.,0.,1.));
#5700=DIRECTION('refdir',(1.,0.,0.));
#5701=DIRECTION('center_axis',(0.,0.,-1.));
#5702=DIRECTION('ref_axis',(1.22464679914735E-16,-1.,0.));
#5703=DIRECTION('center_axis',(0.,0.,-1.));
#5704=DIRECTION('ref_axis',(6.12323399573677E-17,-1.,0.));
#5705=DIRECTION('center_axis',(0.,0.,-1.));
#5706=DIRECTION('ref_axis',(6.12323399573677E-17,-1.,0.));
#5707=DIRECTION('',(0.,0.,1.));
#5708=DIRECTION('center_axis',(0.,0.,1.));
#5709=DIRECTION('ref_axis',(0.,1.,0.));
#5710=DIRECTION('center_axis',(0.,0.,1.));
#5711=DIRECTION('ref_axis',(0.,1.,0.));
#5712=DIRECTION('center_axis',(0.,0.,-1.));
#5713=DIRECTION('ref_axis',(-1.,0.,0.));
#5714=DIRECTION('center_axis',(0.,0.,1.));
#5715=DIRECTION('ref_axis',(6.12323399573677E-17,-1.,0.));
#5716=DIRECTION('center_axis',(-1.22464679914735E-16,-1.,0.));
#5717=DIRECTION('ref_axis',(1.,-1.22464679914735E-16,0.));
#5718=DIRECTION('center_axis',(0.,0.,-1.));
#5719=DIRECTION('ref_axis',(6.12323399573677E-17,-1.,0.));
#5720=DIRECTION('center_axis',(0.,0.,-1.));
#5721=DIRECTION('ref_axis',(6.12323399573677E-17,-1.,0.));
#5722=DIRECTION('center_axis',(0.,0.,-1.));
#5723=DIRECTION('ref_axis',(0.,1.,0.));
#5724=DIRECTION('',(0.,0.,1.));
#5725=DIRECTION('center_axis',(0.,0.,1.));
#5726=DIRECTION('ref_axis',(6.12323399573677E-17,-1.,0.));
#5727=DIRECTION('center_axis',(0.,0.,1.));
#5728=DIRECTION('ref_axis',(6.12323399573677E-17,-1.,0.));
#5729=DIRECTION('center_axis',(0.,0.,-1.));
#5730=DIRECTION('ref_axis',(-1.,0.,0.));
#5731=DIRECTION('center_axis',(0.,0.,-1.));
#5732=DIRECTION('ref_axis',(-1.,0.,0.));
#5733=DIRECTION('center_axis',(1.22464679914735E-16,1.,0.));
#5734=DIRECTION('ref_axis',(1.,-1.22464679914735E-16,0.));
#5735=DIRECTION('center_axis',(0.,0.,-1.));
#5736=DIRECTION('ref_axis',(6.12323399573676E-17,-1.,0.));
#5737=DIRECTION('center_axis',(0.,0.,-1.));
#5738=DIRECTION('ref_axis',(-1.,0.,0.));
#5739=DIRECTION('center_axis',(0.,0.,1.));
#5740=DIRECTION('ref_axis',(6.12323399573677E-17,-1.,0.));
#5741=DIRECTION('center_axis',(0.,0.,-1.));
#5742=DIRECTION('ref_axis',(-1.,0.,0.));
#5743=DIRECTION('center_axis',(-1.22464679914735E-16,-1.,0.));
#5744=DIRECTION('ref_axis',(1.,-1.22464679914735E-16,0.));
#5745=DIRECTION('center_axis',(0.,0.,-1.));
#5746=DIRECTION('ref_axis',(6.12323399573677E-17,-1.,0.));
#5747=DIRECTION('center_axis',(0.,0.,-1.));
#5748=DIRECTION('ref_axis',(6.12323399573677E-17,-1.,0.));
#5749=DIRECTION('center_axis',(0.,0.,-1.));
#5750=DIRECTION('ref_axis',(0.,1.,0.));
#5751=DIRECTION('',(0.,0.,1.));
#5752=DIRECTION('center_axis',(0.,0.,1.));
#5753=DIRECTION('ref_axis',(-1.22464679914735E-16,-1.,0.));
#5754=DIRECTION('center_axis',(0.,0.,1.));
#5755=DIRECTION('ref_axis',(-1.22464679914735E-16,-1.,0.));
#5756=DIRECTION('center_axis',(0.,0.,1.));
#5757=DIRECTION('ref_axis',(1.,0.,0.));
#5758=DIRECTION('center_axis',(0.,0.,-1.));
#5759=DIRECTION('ref_axis',(-1.22464679914735E-16,-1.,0.));
#5760=DIRECTION('center_axis',(-1.22464679914735E-16,1.,0.));
#5761=DIRECTION('ref_axis',(-1.,-1.22464679914735E-16,0.));
#5762=DIRECTION('center_axis',(0.,0.,-1.));
#5763=DIRECTION('ref_axis',(-1.,0.,0.));
#5764=DIRECTION('center_axis',(0.,0.,1.));
#5765=DIRECTION('ref_axis',(6.12323399573677E-17,-1.,0.));
#5766=DIRECTION('center_axis',(0.,0.,-1.));
#5767=DIRECTION('ref_axis',(-1.,0.,0.));
#5768=DIRECTION('center_axis',(-1.22464679914735E-16,-1.,0.));
#5769=DIRECTION('ref_axis',(1.,-1.22464679914735E-16,0.));
#5770=DIRECTION('center_axis',(1.22464679914735E-16,0.,1.));
#5771=DIRECTION('ref_axis',(1.,0.,0.));
#5772=DIRECTION('center_axis',(0.,0.,-1.));
#5773=DIRECTION('ref_axis',(1.,0.,0.));
#5774=DIRECTION('center_axis',(0.,0.,-1.));
#5775=DIRECTION('ref_axis',(1.,0.,0.));
#5776=DIRECTION('center_axis',(-1.22464679914735E-16,1.,7.49879891330928E-33));
#5777=DIRECTION('ref_axis',(-1.,-1.22464679914735E-16,0.));
#5778=DIRECTION('center_axis',(0.,0.,1.));
#5779=DIRECTION('ref_axis',(0.,1.,0.));
#5780=DIRECTION('',(1.15079156022785E-16,-0.939692620785908,0.342020143325669));
#5781=DIRECTION('center_axis',(0.,0.,-1.));
#5782=DIRECTION('ref_axis',(0.,1.,0.));
#5783=DIRECTION('center_axis',(0.,0.,-1.));
#5784=DIRECTION('ref_axis',(0.,1.,0.));
#5785=DIRECTION('center_axis',(0.,0.,-1.));
#5786=DIRECTION('ref_axis',(-1.,0.,0.));
#5787=DIRECTION('center_axis',(-1.22464679914735E-16,-1.,0.));
#5788=DIRECTION('ref_axis',(1.,-1.22464679914735E-16,0.));
#5789=DIRECTION('center_axis',(-0.873015585781693,0.,-0.487692307692307));
#5790=DIRECTION('ref_axis',(-0.487692307692307,0.,0.873015585781693));
#5791=DIRECTION('',(-0.487692307692307,0.,0.873015585781693));
#5792=DIRECTION('',(0.487692307692307,0.,-0.873015585781693));
#5793=DIRECTION('',(0.,1.,0.));
#5794=DIRECTION('',(-0.487692307692307,0.,0.873015585781693));
#5795=DIRECTION('',(0.,1.,0.));
#5796=DIRECTION('center_axis',(0.487692307692307,0.,-0.873015585781693));
#5797=DIRECTION('ref_axis',(-0.873015585781693,0.,-0.487692307692307));
#5798=DIRECTION('',(-0.873015585781693,0.,-0.487692307692307));
#5799=DIRECTION('',(-0.873015585781693,0.,-0.487692307692307));
#5800=DIRECTION('',(0.,1.,0.));
#5801=DIRECTION('center_axis',(0.873015585781693,0.,0.487692307692307));
#5802=DIRECTION('ref_axis',(0.487692307692307,0.,-0.873015585781693));
#5803=DIRECTION('',(-0.487692307692307,0.,0.873015585781693));
#5804=DIRECTION('',(0.487692307692307,0.,-0.873015585781693));
#5805=DIRECTION('',(0.487692307692307,0.,-0.873015585781693));
#5806=DIRECTION('',(0.,1.,0.));
#5807=DIRECTION('center_axis',(-0.487692307692307,0.,0.873015585781693));
#5808=DIRECTION('ref_axis',(0.873015585781693,0.,0.487692307692307));
#5809=DIRECTION('',(-0.873015585781693,0.,-0.487692307692306));
#5810=DIRECTION('',(0.873015585781693,0.,0.487692307692306));
#5811=DIRECTION('center_axis',(0.,1.,0.));
#5812=DIRECTION('ref_axis',(0.,0.,1.));
#5813=DIRECTION('center_axis',(0.,1.,0.));
#5814=DIRECTION('ref_axis',(0.,0.,1.));
#5815=DIRECTION('center_axis',(0.,-1.,0.));
#5816=DIRECTION('ref_axis',(0.487692307692308,0.,-0.873015585781692));
#5817=DIRECTION('center_axis',(0.487692307692307,0.,0.873015585781693));
#5818=DIRECTION('ref_axis',(0.873015585781693,0.,-0.487692307692307));
#5819=DIRECTION('',(-0.873015585781693,0.,0.487692307692307));
#5820=DIRECTION('',(0.,1.,0.));
#5821=DIRECTION('',(0.873015585781693,0.,-0.487692307692307));
#5822=DIRECTION('',(0.,1.,0.));
#5823=DIRECTION('center_axis',(-0.873015585781693,0.,0.487692307692307));
#5824=DIRECTION('ref_axis',(0.487692307692307,0.,0.873015585781693));
#5825=DIRECTION('',(0.487692307692307,0.,0.873015585781693));
#5826=DIRECTION('',(-0.487692307692307,0.,-0.873015585781693));
#5827=DIRECTION('',(0.487692307692307,0.,0.873015585781693));
#5828=DIRECTION('',(0.,1.,0.));
#5829=DIRECTION('center_axis',(-0.487692307692307,0.,-0.873015585781693));
#5830=DIRECTION('ref_axis',(-0.873015585781693,0.,0.487692307692307));
#5831=DIRECTION('',(-0.873015585781693,0.,0.487692307692307));
#5832=DIRECTION('',(-0.873015585781693,0.,0.487692307692307));
#5833=DIRECTION('',(0.,1.,0.));
#5834=DIRECTION('center_axis',(0.873015585781693,0.,-0.487692307692307));
#5835=DIRECTION('ref_axis',(-0.487692307692307,0.,-0.873015585781693));
#5836=DIRECTION('',(0.487692307692307,0.,0.873015585781693));
#5837=DIRECTION('',(-0.487692307692307,0.,-0.873015585781693));
#5838=DIRECTION('',(-0.487692307692307,0.,-0.873015585781693));
#5839=DIRECTION('center_axis',(0.,1.,0.));
#5840=DIRECTION('ref_axis',(0.,0.,1.));
#5841=DIRECTION('center_axis',(0.,1.,0.));
#5842=DIRECTION('ref_axis',(0.,0.,1.));
#5843=DIRECTION('center_axis',(0.,-1.,0.));
#5844=DIRECTION('ref_axis',(0.487692307692308,0.,-0.873015585781692));
#5845=DIRECTION('center_axis',(0.,-1.,0.));
#5846=DIRECTION('ref_axis',(0.,0.,-1.));
#5847=DIRECTION('',(0.,0.,-1.));
#5848=DIRECTION('center_axis',(0.,1.,0.));
#5849=DIRECTION('ref_axis',(-0.487692307692308,0.,0.873015585781692));
#5850=DIRECTION('',(-0.487692307692307,0.,0.873015585781693));
#5851=DIRECTION('center_axis',(0.,-1.,0.));
#5852=DIRECTION('ref_axis',(0.487692307692308,0.,-0.873015585781692));
#5853=DIRECTION('center_axis',(-0.873015585781693,0.,-0.487692307692307));
#5854=DIRECTION('ref_axis',(-0.487692307692307,0.,0.873015585781693));
#5855=DIRECTION('',(0.,1.,0.));
#5856=DIRECTION('',(-0.487692307692307,0.,0.873015585781693));
#5857=DIRECTION('',(0.,1.,0.));
#5858=DIRECTION('center_axis',(0.,1.,0.));
#5859=DIRECTION('ref_axis',(0.487692307692308,0.,-0.873015585781692));
#5860=DIRECTION('center_axis',(0.,-1.,0.));
#5861=DIRECTION('ref_axis',(0.487692307692308,0.,-0.873015585781692));
#5862=DIRECTION('center_axis',(0.,-1.,0.));
#5863=DIRECTION('ref_axis',(0.487692307692308,0.,-0.873015585781692));
#5864=DIRECTION('center_axis',(0.,-1.,0.));
#5865=DIRECTION('ref_axis',(0.487692307692308,0.,-0.873015585781692));
#5866=DIRECTION('center_axis',(0.,-1.,0.));
#5867=DIRECTION('ref_axis',(0.487692307692308,0.,-0.873015585781692));
#5868=DIRECTION('',(0.,1.,0.));
#5869=DIRECTION('center_axis',(0.873015585781693,0.,-0.487692307692307));
#5870=DIRECTION('ref_axis',(-0.487692307692307,0.,-0.873015585781693));
#5871=DIRECTION('',(-0.487692307692307,0.,-0.873015585781693));
#5872=DIRECTION('',(-0.487692307692307,0.,-0.873015585781693));
#5873=DIRECTION('',(0.,1.,0.));
#5874=DIRECTION('center_axis',(0.,1.,0.));
#5875=DIRECTION('ref_axis',(-0.487692307692308,0.,0.873015585781692));
#5876=DIRECTION('center_axis',(0.,1.,0.));
#5877=DIRECTION('ref_axis',(-0.487692307692308,0.,0.873015585781692));
#5878=DIRECTION('center_axis',(0.,1.,0.));
#5879=DIRECTION('ref_axis',(-0.487692307692308,0.,0.873015585781692));
#5880=DIRECTION('center_axis',(0.,-1.,0.));
#5881=DIRECTION('ref_axis',(0.,0.,-1.));
#5882=DIRECTION('center_axis',(0.,-1.,0.));
#5883=DIRECTION('ref_axis',(0.,0.,-1.));
#5884=DIRECTION('center_axis',(0.,0.,1.));
#5885=DIRECTION('ref_axis',(1.,0.,0.));
#5886=DIRECTION('',(0.154016278662978,0.988068310344385,0.));
#5887=DIRECTION('center_axis',(0.,0.,1.));
#5888=DIRECTION('ref_axis',(1.,0.,0.));
#5889=DIRECTION('',(0.988068310344385,0.154016278662978,0.));
#5890=DIRECTION('center_axis',(0.,0.,1.));
#5891=DIRECTION('ref_axis',(-0.579713694236078,-0.814820245646338,0.));
#5892=DIRECTION('',(0.988068310344385,-0.154016278662978,0.));
#5893=DIRECTION('center_axis',(0.,0.,1.));
#5894=DIRECTION('ref_axis',(1.,0.,0.));
#5895=DIRECTION('',(0.154016278662978,-0.988068310344385,0.));
#5896=DIRECTION('center_axis',(0.,0.,1.));
#5897=DIRECTION('ref_axis',(-0.814820245646339,0.579713694236077,0.));
#5898=DIRECTION('',(-0.154016278662978,-0.988068310344385,0.));
#5899=DIRECTION('center_axis',(0.,0.,1.));
#5900=DIRECTION('ref_axis',(1.,0.,0.));
#5901=DIRECTION('',(-0.988068310344385,-0.154016278662978,0.));
#5902=DIRECTION('center_axis',(0.,0.,1.));
#5903=DIRECTION('ref_axis',(0.579713694236077,0.814820245646339,0.));
#5904=DIRECTION('',(-0.988068310344385,0.154016278662978,0.));
#5905=DIRECTION('center_axis',(0.,0.,1.));
#5906=DIRECTION('ref_axis',(1.,0.,0.));
#5907=DIRECTION('',(-0.154016278662978,0.988068310344385,0.));
#5908=DIRECTION('center_axis',(0.,0.,1.));
#5909=DIRECTION('ref_axis',(0.814820245646338,-0.579713694236078,0.));
#5910=DIRECTION('center_axis',(0.,0.,1.));
#5911=DIRECTION('ref_axis',(-1.,0.,0.));
#5912=DIRECTION('center_axis',(0.,0.,1.));
#5913=DIRECTION('ref_axis',(-1.,0.,0.));
#5914=DIRECTION('center_axis',(0.,0.,1.));
#5915=DIRECTION('ref_axis',(-1.,0.,0.));
#5916=DIRECTION('center_axis',(0.,0.,1.));
#5917=DIRECTION('ref_axis',(-1.,0.,0.));
#5918=DIRECTION('center_axis',(0.,0.,1.));
#5919=DIRECTION('ref_axis',(-1.,0.,0.));
#5920=DIRECTION('center_axis',(0.,0.,1.));
#5921=DIRECTION('ref_axis',(1.,0.,0.));
#5922=DIRECTION('',(0.988068310344385,0.154016278662978,0.));
#5923=DIRECTION('center_axis',(0.,0.,1.));
#5924=DIRECTION('ref_axis',(1.,0.,0.));
#5925=DIRECTION('',(0.154016278662978,0.988068310344385,0.));
#5926=DIRECTION('center_axis',(0.,0.,1.));
#5927=DIRECTION('ref_axis',(0.814820245646338,-0.579713694236078,0.));
#5928=DIRECTION('',(-0.154016278662978,0.988068310344385,0.));
#5929=DIRECTION('center_axis',(0.,0.,1.));
#5930=DIRECTION('ref_axis',(1.,0.,0.));
#5931=DIRECTION('',(-0.988068310344385,0.154016278662978,0.));
#5932=DIRECTION('center_axis',(0.,0.,1.));
#5933=DIRECTION('ref_axis',(0.579713694236077,0.814820245646339,0.));
#5934=DIRECTION('',(-0.988068310344385,-0.154016278662978,0.));
#5935=DIRECTION('center_axis',(0.,0.,1.));
#5936=DIRECTION('ref_axis',(1.,0.,0.));
#5937=DIRECTION('',(-0.154016278662978,-0.988068310344385,0.));
#5938=DIRECTION('center_axis',(0.,0.,1.));
#5939=DIRECTION('ref_axis',(-0.814820245646339,0.579713694236077,0.));
#5940=DIRECTION('',(0.154016278662978,-0.988068310344385,0.));
#5941=DIRECTION('center_axis',(0.,0.,1.));
#5942=DIRECTION('ref_axis',(1.,0.,0.));
#5943=DIRECTION('',(0.988068310344385,-0.154016278662978,0.));
#5944=DIRECTION('center_axis',(0.,0.,1.));
#5945=DIRECTION('ref_axis',(-0.579713694236078,-0.814820245646338,0.));
#5946=DIRECTION('center_axis',(0.,0.,-1.));
#5947=DIRECTION('ref_axis',(-1.,0.,0.));
#5948=DIRECTION('center_axis',(0.,0.,-1.));
#5949=DIRECTION('ref_axis',(-1.,0.,0.));
#5950=DIRECTION('center_axis',(0.,0.,-1.));
#5951=DIRECTION('ref_axis',(-1.,0.,0.));
#5952=DIRECTION('center_axis',(0.,0.,-1.));
#5953=DIRECTION('ref_axis',(-1.,0.,0.));
#5954=DIRECTION('center_axis',(0.,0.,-1.));
#5955=DIRECTION('ref_axis',(-1.,0.,0.));
#5956=DIRECTION('center_axis',(0.154016278662978,-0.988068310344385,0.));
#5957=DIRECTION('ref_axis',(0.988068310344385,0.154016278662978,0.));
#5958=DIRECTION('',(0.,0.,1.));
#5959=DIRECTION('',(0.,0.,1.));
#5960=DIRECTION('center_axis',(0.988068310344385,-0.154016278662978,0.));
#5961=DIRECTION('ref_axis',(0.154016278662978,0.988068310344385,0.));
#5962=DIRECTION('',(0.,0.,1.));
#5963=DIRECTION('',(0.,0.,1.));
#5964=DIRECTION('center_axis',(0.,0.,1.));
#5965=DIRECTION('ref_axis',(1.,0.,0.));
#5966=DIRECTION('center_axis',(-0.154016278662978,0.988068310344385,0.));
#5967=DIRECTION('ref_axis',(-0.988068310344385,-0.154016278662978,0.));
#5968=DIRECTION('',(0.,0.,1.));
#5969=DIRECTION('',(0.,0.,1.));
#5970=DIRECTION('center_axis',(-0.988068310344385,0.154016278662978,0.));
#5971=DIRECTION('ref_axis',(-0.154016278662978,-0.988068310344385,0.));
#5972=DIRECTION('',(0.,0.,1.));
#5973=DIRECTION('',(0.,0.,1.));
#5974=DIRECTION('center_axis',(0.,0.,1.));
#5975=DIRECTION('ref_axis',(1.,0.,0.));
#5976=DIRECTION('center_axis',(0.154016278662978,0.988068310344385,0.));
#5977=DIRECTION('ref_axis',(-0.988068310344385,0.154016278662978,0.));
#5978=DIRECTION('',(0.,0.,1.));
#5979=DIRECTION('',(0.,0.,1.));
#5980=DIRECTION('center_axis',(0.988068310344385,0.154016278662978,0.));
#5981=DIRECTION('ref_axis',(-0.154016278662978,0.988068310344385,0.));
#5982=DIRECTION('',(0.,0.,1.));
#5983=DIRECTION('',(0.,0.,1.));
#5984=DIRECTION('center_axis',(0.,0.,1.));
#5985=DIRECTION('ref_axis',(1.,0.,0.));
#5986=DIRECTION('center_axis',(-0.154016278662978,-0.988068310344385,0.));
#5987=DIRECTION('ref_axis',(0.988068310344385,-0.154016278662978,0.));
#5988=DIRECTION('',(0.,0.,1.));
#5989=DIRECTION('',(0.,0.,1.));
#5990=DIRECTION('center_axis',(-0.988068310344385,-0.154016278662978,0.));
#5991=DIRECTION('ref_axis',(0.154016278662978,-0.988068310344385,0.));
#5992=DIRECTION('',(0.,0.,1.));
#5993=DIRECTION('',(0.,0.,1.));
#5994=DIRECTION('center_axis',(0.,0.,1.));
#5995=DIRECTION('ref_axis',(1.,0.,0.));
#5996=DIRECTION('center_axis',(0.,0.,1.));
#5997=DIRECTION('ref_axis',(-0.579713694236078,-0.814820245646338,0.));
#5998=DIRECTION('center_axis',(0.,0.,1.));
#5999=DIRECTION('ref_axis',(0.579713694236077,0.814820245646339,0.));
#6000=DIRECTION('center_axis',(0.,0.,1.));
#6001=DIRECTION('ref_axis',(-0.814820245646339,0.579713694236077,0.));
#6002=DIRECTION('center_axis',(0.,0.,1.));
#6003=DIRECTION('ref_axis',(0.814820245646338,-0.579713694236078,0.));
#6004=DIRECTION('center_axis',(0.,0.,1.));
#6005=DIRECTION('ref_axis',(-1.,0.,0.));
#6006=DIRECTION('',(0.,0.,1.));
#6007=DIRECTION('center_axis',(0.,0.,1.));
#6008=DIRECTION('ref_axis',(-1.,0.,0.));
#6009=DIRECTION('',(0.,0.,1.));
#6010=DIRECTION('center_axis',(0.,0.,1.));
#6011=DIRECTION('ref_axis',(-1.,0.,0.));
#6012=DIRECTION('',(0.,0.,1.));
#6013=DIRECTION('center_axis',(0.,0.,1.));
#6014=DIRECTION('ref_axis',(-1.,0.,0.));
#6015=DIRECTION('',(0.,0.,1.));
#6016=DIRECTION('center_axis',(0.,0.,1.));
#6017=DIRECTION('ref_axis',(-1.,0.,0.));
#6018=DIRECTION('',(0.,0.,1.));
#6019=DIRECTION('axis',(0.,0.,1.));
#6020=DIRECTION('refdir',(1.,0.,0.));
#6021=DIRECTION('axis',(0.,0.,1.));
#6022=DIRECTION('refdir',(1.,0.,0.));
#6023=DIRECTION('center_axis',(0.,0.,-1.));
#6024=DIRECTION('ref_axis',(-1.,0.,0.));
#6025=DIRECTION('center_axis',(0.,0.,-1.));
#6026=DIRECTION('ref_axis',(-1.,0.,0.));
#6027=DIRECTION('',(0.,0.,-1.));
#6028=DIRECTION('center_axis',(0.,0.,1.));
#6029=DIRECTION('ref_axis',(-1.,0.,0.));
#6030=DIRECTION('center_axis',(0.,0.,-1.));
#6031=DIRECTION('ref_axis',(-1.,0.,0.));
#6032=DIRECTION('center_axis',(0.,0.,-1.));
#6033=DIRECTION('ref_axis',(-1.,0.,0.));
#6034=DIRECTION('',(0.,0.,-1.));
#6035=DIRECTION('center_axis',(0.,0.,1.));
#6036=DIRECTION('ref_axis',(-1.,0.,0.));
#6037=DIRECTION('center_axis',(0.,0.,-1.));
#6038=DIRECTION('ref_axis',(-1.,0.,0.));
#6039=DIRECTION('center_axis',(0.,0.,-1.));
#6040=DIRECTION('ref_axis',(-1.,0.,0.));
#6041=DIRECTION('',(0.,0.,-1.));
#6042=DIRECTION('center_axis',(0.,0.,1.));
#6043=DIRECTION('ref_axis',(-1.,0.,0.));
#6044=DIRECTION('center_axis',(0.,0.,-1.));
#6045=DIRECTION('ref_axis',(-1.,0.,0.));
#6046=DIRECTION('center_axis',(0.,0.,-1.));
#6047=DIRECTION('ref_axis',(-1.,0.,0.));
#6048=DIRECTION('',(0.,0.,-1.));
#6049=DIRECTION('center_axis',(0.,0.,1.));
#6050=DIRECTION('ref_axis',(-1.,0.,0.));
#6051=DIRECTION('center_axis',(0.,0.,1.));
#6052=DIRECTION('ref_axis',(-0.707106781186548,0.707106781186548,0.));
#6053=DIRECTION('center_axis',(0.,0.,-1.));
#6054=DIRECTION('ref_axis',(-0.707106781186548,0.707106781186548,0.));
#6055=DIRECTION('',(0.,0.,-1.));
#6056=DIRECTION('center_axis',(0.,0.,1.));
#6057=DIRECTION('ref_axis',(-0.707106781186548,0.707106781186548,0.));
#6058=DIRECTION('',(0.,0.,1.));
#6059=DIRECTION('center_axis',(0.,0.,1.));
#6060=DIRECTION('ref_axis',(1.,0.,0.));
#6061=DIRECTION('',(-4.37741951552551E-16,-1.,0.));
#6062=DIRECTION('center_axis',(0.,0.,-1.));
#6063=DIRECTION('ref_axis',(-0.707106781186548,-0.707106781186548,0.));
#6064=DIRECTION('',(1.,0.,0.));
#6065=DIRECTION('center_axis',(0.,0.,-1.));
#6066=DIRECTION('ref_axis',(0.707106781186548,-0.707106781186548,0.));
#6067=DIRECTION('',(1.09435487888138E-16,1.,0.));
#6068=DIRECTION('center_axis',(0.,0.,-1.));
#6069=DIRECTION('ref_axis',(0.707106781186548,0.707106781186548,0.));
#6070=DIRECTION('',(-1.,0.,0.));
#6071=DIRECTION('center_axis',(-1.,4.37741951552551E-16,0.));
#6072=DIRECTION('ref_axis',(-4.37741951552551E-16,-1.,0.));
#6073=DIRECTION('',(-4.37741951552551E-16,-1.,0.));
#6074=DIRECTION('',(0.,0.,-1.));
#6075=DIRECTION('center_axis',(0.,0.,1.));
#6076=DIRECTION('ref_axis',(-0.707106781186548,-0.707106781186548,0.));
#6077=DIRECTION('center_axis',(0.,0.,1.));
#6078=DIRECTION('ref_axis',(-0.707106781186548,-0.707106781186548,0.));
#6079=DIRECTION('',(0.,0.,1.));
#6080=DIRECTION('center_axis',(0.,0.,1.));
#6081=DIRECTION('ref_axis',(0.707106781186548,0.707106781186548,0.));
#6082=DIRECTION('',(0.,0.,-1.));
#6083=DIRECTION('center_axis',(0.,0.,1.));
#6084=DIRECTION('ref_axis',(0.707106781186548,0.707106781186548,0.));
#6085=DIRECTION('',(0.,0.,1.));
#6086=DIRECTION('center_axis',(1.,-1.09435487888138E-16,0.));
#6087=DIRECTION('ref_axis',(1.09435487888138E-16,1.,0.));
#6088=DIRECTION('',(0.,0.,1.));
#6089=DIRECTION('',(1.09435487888138E-16,1.,0.));
#6090=DIRECTION('center_axis',(0.,0.,1.));
#6091=DIRECTION('ref_axis',(0.707106781186548,-0.707106781186548,0.));
#6092=DIRECTION('',(0.,0.,-1.));
#6093=DIRECTION('center_axis',(0.,0.,1.));
#6094=DIRECTION('ref_axis',(0.707106781186548,-0.707106781186548,0.));
#6095=DIRECTION('center_axis',(0.,-1.,0.));
#6096=DIRECTION('ref_axis',(1.,0.,0.));
#6097=DIRECTION('',(1.,0.,0.));
#6098=DIRECTION('center_axis',(0.,1.,0.));
#6099=DIRECTION('ref_axis',(-1.,0.,0.));
#6100=DIRECTION('',(-1.,0.,0.));
#6101=DIRECTION('center_axis',(0.,0.,1.));
#6102=DIRECTION('ref_axis',(1.,0.,0.));
#6103=DIRECTION('axis',(0.,0.,1.));
#6104=DIRECTION('refdir',(1.,0.,0.));
#6105=DIRECTION('center_axis',(0.,0.,1.));
#6106=DIRECTION('ref_axis',(0.,1.,0.));
#6107=DIRECTION('',(0.,1.,0.));
#6108=DIRECTION('',(-1.,0.,0.));
#6109=DIRECTION('',(0.,1.,0.));
#6110=DIRECTION('',(-1.,0.,0.));
#6111=DIRECTION('center_axis',(0.,-1.,0.));
#6112=DIRECTION('ref_axis',(0.,0.,1.));
#6113=DIRECTION('',(0.,0.,1.));
#6114=DIRECTION('',(-1.,0.,0.));
#6115=DIRECTION('',(0.,0.,1.));
#6116=DIRECTION('center_axis',(0.,0.,-1.));
#6117=DIRECTION('ref_axis',(0.,-1.,0.));
#6118=DIRECTION('',(0.,-1.,0.));
#6119=DIRECTION('',(-1.,0.,0.));
#6120=DIRECTION('',(0.,-1.,0.));
#6121=DIRECTION('center_axis',(0.,1.,0.));
#6122=DIRECTION('ref_axis',(0.,0.,-1.));
#6123=DIRECTION('',(0.,0.,-1.));
#6124=DIRECTION('',(0.,0.,-1.));
#6125=DIRECTION('center_axis',(-1.,0.,0.));
#6126=DIRECTION('ref_axis',(0.,0.,1.));
#6127=DIRECTION('center_axis',(0.,0.,1.));
#6128=DIRECTION('ref_axis',(0.,1.,0.));
#6129=DIRECTION('',(0.,1.,0.));
#6130=DIRECTION('',(-1.,0.,0.));
#6131=DIRECTION('',(0.,1.,0.));
#6132=DIRECTION('',(-1.,0.,0.));
#6133=DIRECTION('center_axis',(0.,-1.,0.));
#6134=DIRECTION('ref_axis',(0.,0.,1.));
#6135=DIRECTION('',(0.,0.,1.));
#6136=DIRECTION('',(-1.,0.,0.));
#6137=DIRECTION('',(0.,0.,1.));
#6138=DIRECTION('center_axis',(0.,0.,-1.));
#6139=DIRECTION('ref_axis',(0.,-1.,0.));
#6140=DIRECTION('',(0.,-1.,0.));
#6141=DIRECTION('',(-1.,0.,0.));
#6142=DIRECTION('',(0.,-1.,0.));
#6143=DIRECTION('center_axis',(0.,1.,0.));
#6144=DIRECTION('ref_axis',(0.,0.,-1.));
#6145=DIRECTION('',(0.,0.,-1.));
#6146=DIRECTION('',(0.,0.,-1.));
#6147=DIRECTION('center_axis',(-1.,0.,0.));
#6148=DIRECTION('ref_axis',(0.,0.,1.));
#6149=DIRECTION('center_axis',(0.,0.,-1.));
#6150=DIRECTION('ref_axis',(-1.,0.,0.));
#6151=DIRECTION('center_axis',(9.19847137617784E-31,-5.25626935781592E-32,
-1.));
#6152=DIRECTION('ref_axis',(-1.,-4.83496432333504E-62,-9.19847137617784E-31));
#6153=DIRECTION('',(0.,0.,-1.));
#6154=DIRECTION('center_axis',(9.19847137617784E-31,-5.25626935781592E-32,
-1.));
#6155=DIRECTION('ref_axis',(-1.,0.,-9.19847137617784E-31));
#6156=DIRECTION('center_axis',(-9.19847137617784E-31,5.25626935781592E-32,
1.));
#6157=DIRECTION('ref_axis',(-1.,0.,-9.19847137617784E-31));
#6158=DIRECTION('center_axis',(0.,0.,-1.));
#6159=DIRECTION('ref_axis',(-1.,0.,0.));
#6160=DIRECTION('center_axis',(9.19847137617784E-31,-5.25626935781592E-32,
-1.));
#6161=DIRECTION('ref_axis',(-1.,-4.83496432333504E-62,-9.19847137617784E-31));
#6162=DIRECTION('',(0.,0.,-1.));
#6163=DIRECTION('center_axis',(9.19847137617784E-31,-5.25626935781592E-32,
-1.));
#6164=DIRECTION('ref_axis',(-1.,0.,-9.19847137617784E-31));
#6165=DIRECTION('center_axis',(-9.19847137617784E-31,5.25626935781592E-32,
1.));
#6166=DIRECTION('ref_axis',(-1.,0.,-9.19847137617784E-31));
#6167=DIRECTION('center_axis',(-9.19847137617784E-31,5.25626935781592E-32,
1.));
#6168=DIRECTION('ref_axis',(1.,0.,9.19847137617784E-31));
#6169=DIRECTION('',(-1.,1.38777878078145E-16,0.));
#6170=DIRECTION('',(0.,-1.,0.));
#6171=DIRECTION('',(1.,-1.38777878078145E-16,0.));
#6172=DIRECTION('',(1.58603289232165E-16,1.,0.));
#6173=DIRECTION('center_axis',(0.941635344529787,0.,-0.336634635669399));
#6174=DIRECTION('ref_axis',(-0.336634635669399,0.,-0.941635344529787));
#6175=DIRECTION('',(0.,-1.,0.));
#6176=DIRECTION('',(0.336634635669399,0.,0.941635344529787));
#6177=DIRECTION('',(0.336634635669399,1.30678155037226E-16,0.941635344529787));
#6178=DIRECTION('center_axis',(-0.941635344529787,0.,-0.336634635669399));
#6179=DIRECTION('ref_axis',(-0.336634635669399,0.,0.941635344529787));
#6180=DIRECTION('',(0.,1.,0.));
#6181=DIRECTION('',(-0.336634635669398,0.,0.941635344529788));
#6182=DIRECTION('',(-0.336634635669398,-5.22712620148906E-16,0.941635344529788));
#6183=DIRECTION('center_axis',(0.,-1.,0.));
#6184=DIRECTION('ref_axis',(1.,0.,0.));
#6185=DIRECTION('',(1.,0.,0.));
#6186=DIRECTION('',(0.,0.,1.));
#6187=DIRECTION('',(0.,0.,1.));
#6188=DIRECTION('center_axis',(-1.,0.,0.));
#6189=DIRECTION('ref_axis',(0.,-1.,0.));
#6190=DIRECTION('',(0.,-1.,0.));
#6191=DIRECTION('',(0.,0.,1.));
#6192=DIRECTION('center_axis',(0.,1.,0.));
#6193=DIRECTION('ref_axis',(-1.,0.,0.));
#6194=DIRECTION('',(-1.,0.,0.));
#6195=DIRECTION('',(0.,0.,1.));
#6196=DIRECTION('center_axis',(1.,0.,0.));
#6197=DIRECTION('ref_axis',(0.,1.,0.));
#6198=DIRECTION('',(0.,1.,0.));
#6199=DIRECTION('center_axis',(0.,0.,1.));
#6200=DIRECTION('ref_axis',(-1.,0.,0.));
#6201=DIRECTION('axis',(0.,0.,1.));
#6202=DIRECTION('refdir',(1.,0.,0.));
#6203=DIRECTION('center_axis',(0.,0.,1.));
#6204=DIRECTION('ref_axis',(0.,1.,0.));
#6205=DIRECTION('',(0.,1.,0.));
#6206=DIRECTION('',(-1.,0.,0.));
#6207=DIRECTION('',(0.,1.,0.));
#6208=DIRECTION('',(-1.,0.,0.));
#6209=DIRECTION('center_axis',(0.,-1.,0.));
#6210=DIRECTION('ref_axis',(0.,0.,1.));
#6211=DIRECTION('',(0.,0.,1.));
#6212=DIRECTION('',(-1.,0.,0.));
#6213=DIRECTION('',(0.,0.,1.));
#6214=DIRECTION('center_axis',(0.,0.,-1.));
#6215=DIRECTION('ref_axis',(0.,-1.,0.));
#6216=DIRECTION('',(0.,-1.,0.));
#6217=DIRECTION('',(-1.,0.,0.));
#6218=DIRECTION('',(0.,-1.,0.));
#6219=DIRECTION('center_axis',(0.,1.,0.));
#6220=DIRECTION('ref_axis',(0.,0.,-1.));
#6221=DIRECTION('',(0.,0.,-1.));
#6222=DIRECTION('',(0.,0.,-1.));
#6223=DIRECTION('center_axis',(-1.,0.,0.));
#6224=DIRECTION('ref_axis',(0.,0.,1.));
#6225=DIRECTION('center_axis',(0.,0.,1.));
#6226=DIRECTION('ref_axis',(0.,1.,0.));
#6227=DIRECTION('',(0.,1.,0.));
#6228=DIRECTION('',(-1.,0.,0.));
#6229=DIRECTION('',(0.,1.,0.));
#6230=DIRECTION('',(-1.,0.,0.));
#6231=DIRECTION('center_axis',(0.,-1.,0.));
#6232=DIRECTION('ref_axis',(0.,0.,1.));
#6233=DIRECTION('',(0.,0.,1.));
#6234=DIRECTION('',(-1.,0.,0.));
#6235=DIRECTION('',(0.,0.,1.));
#6236=DIRECTION('center_axis',(0.,0.,-1.));
#6237=DIRECTION('ref_axis',(0.,-1.,0.));
#6238=DIRECTION('',(0.,-1.,0.));
#6239=DIRECTION('',(-1.,0.,0.));
#6240=DIRECTION('',(0.,-1.,0.));
#6241=DIRECTION('center_axis',(0.,1.,0.));
#6242=DIRECTION('ref_axis',(0.,0.,-1.));
#6243=DIRECTION('',(0.,0.,-1.));
#6244=DIRECTION('',(0.,0.,-1.));
#6245=DIRECTION('center_axis',(-1.,0.,0.));
#6246=DIRECTION('ref_axis',(0.,0.,1.));
#6247=DIRECTION('center_axis',(0.,0.,-1.));
#6248=DIRECTION('ref_axis',(-1.,0.,0.));
#6249=DIRECTION('center_axis',(9.19847137617784E-31,-5.25626935781592E-32,
-1.));
#6250=DIRECTION('ref_axis',(-1.,-4.83496432333504E-62,-9.19847137617784E-31));
#6251=DIRECTION('',(0.,0.,-1.));
#6252=DIRECTION('center_axis',(9.19847137617784E-31,-5.25626935781592E-32,
-1.));
#6253=DIRECTION('ref_axis',(-1.,0.,-9.19847137617784E-31));
#6254=DIRECTION('center_axis',(-9.19847137617784E-31,5.25626935781592E-32,
1.));
#6255=DIRECTION('ref_axis',(-1.,0.,-9.19847137617784E-31));
#6256=DIRECTION('center_axis',(0.,0.,-1.));
#6257=DIRECTION('ref_axis',(-1.,0.,0.));
#6258=DIRECTION('center_axis',(9.19847137617784E-31,-5.25626935781592E-32,
-1.));
#6259=DIRECTION('ref_axis',(-1.,-4.83496432333504E-62,-9.19847137617784E-31));
#6260=DIRECTION('',(0.,0.,-1.));
#6261=DIRECTION('center_axis',(9.19847137617784E-31,-5.25626935781592E-32,
-1.));
#6262=DIRECTION('ref_axis',(-1.,0.,-9.19847137617784E-31));
#6263=DIRECTION('center_axis',(-9.19847137617784E-31,5.25626935781592E-32,
1.));
#6264=DIRECTION('ref_axis',(-1.,0.,-9.19847137617784E-31));
#6265=DIRECTION('center_axis',(-9.19847137617784E-31,5.25626935781592E-32,
1.));
#6266=DIRECTION('ref_axis',(1.,0.,9.19847137617784E-31));
#6267=DIRECTION('',(-1.,1.38777878078145E-16,0.));
#6268=DIRECTION('',(0.,-1.,0.));
#6269=DIRECTION('',(1.,-1.38777878078145E-16,0.));
#6270=DIRECTION('',(1.58603289232165E-16,1.,0.));
#6271=DIRECTION('center_axis',(0.941635344529787,0.,-0.336634635669399));
#6272=DIRECTION('ref_axis',(-0.336634635669399,0.,-0.941635344529787));
#6273=DIRECTION('',(0.,-1.,0.));
#6274=DIRECTION('',(0.336634635669399,0.,0.941635344529787));
#6275=DIRECTION('',(0.336634635669399,1.30678155037226E-16,0.941635344529787));
#6276=DIRECTION('center_axis',(-0.941635344529787,0.,-0.336634635669399));
#6277=DIRECTION('ref_axis',(-0.336634635669399,0.,0.941635344529787));
#6278=DIRECTION('',(0.,1.,0.));
#6279=DIRECTION('',(-0.336634635669398,0.,0.941635344529788));
#6280=DIRECTION('',(-0.336634635669398,-5.22712620148906E-16,0.941635344529788));
#6281=DIRECTION('center_axis',(0.,-1.,0.));
#6282=DIRECTION('ref_axis',(1.,0.,0.));
#6283=DIRECTION('',(1.,0.,0.));
#6284=DIRECTION('',(0.,0.,1.));
#6285=DIRECTION('',(0.,0.,1.));
#6286=DIRECTION('center_axis',(-1.,0.,0.));
#6287=DIRECTION('ref_axis',(0.,-1.,0.));
#6288=DIRECTION('',(0.,-1.,0.));
#6289=DIRECTION('',(0.,0.,1.));
#6290=DIRECTION('center_axis',(0.,1.,0.));
#6291=DIRECTION('ref_axis',(-1.,0.,0.));
#6292=DIRECTION('',(-1.,0.,0.));
#6293=DIRECTION('',(0.,0.,1.));
#6294=DIRECTION('center_axis',(1.,0.,0.));
#6295=DIRECTION('ref_axis',(0.,1.,0.));
#6296=DIRECTION('',(0.,1.,0.));
#6297=DIRECTION('center_axis',(0.,0.,1.));
#6298=DIRECTION('ref_axis',(-1.,0.,0.));
#6299=DIRECTION('axis',(0.,0.,1.));
#6300=DIRECTION('refdir',(1.,0.,0.));
#6301=DIRECTION('center_axis',(0.,0.,1.));
#6302=DIRECTION('ref_axis',(-1.,0.,0.));
#6303=DIRECTION('center_axis',(0.,0.,1.));
#6304=DIRECTION('ref_axis',(-1.,0.,0.));
#6305=DIRECTION('',(0.,0.,-1.));
#6306=DIRECTION('center_axis',(0.,0.,1.));
#6307=DIRECTION('ref_axis',(-1.,0.,0.));
#6308=DIRECTION('center_axis',(0.,0.,1.));
#6309=DIRECTION('ref_axis',(-1.,0.,0.));
#6310=DIRECTION('center_axis',(0.,0.,1.));
#6311=DIRECTION('ref_axis',(-1.,0.,0.));
#6312=DIRECTION('axis',(0.,0.,1.));
#6313=DIRECTION('refdir',(1.,0.,0.));
#6314=DIRECTION('center_axis',(0.,1.,0.));
#6315=DIRECTION('ref_axis',(0.,0.,-1.));
#6316=DIRECTION('center_axis',(0.,-1.,0.));
#6317=DIRECTION('ref_axis',(1.,0.,0.));
#6318=DIRECTION('center_axis',(1.,0.,0.));
#6319=DIRECTION('ref_axis',(0.,0.,1.));
#6320=DIRECTION('center_axis',(0.,-1.,0.));
#6321=DIRECTION('ref_axis',(1.,0.,0.));
#6322=DIRECTION('center_axis',(0.,-1.,0.));
#6323=DIRECTION('ref_axis',(1.,0.,0.));
#6324=DIRECTION('',(0.,1.,0.));
#6325=DIRECTION('center_axis',(0.,1.,0.));
#6326=DIRECTION('ref_axis',(1.,0.,0.));
#6327=DIRECTION('center_axis',(0.,1.,0.));
#6328=DIRECTION('ref_axis',(1.,0.,0.));
#6329=DIRECTION('center_axis',(0.,1.,0.));
#6330=DIRECTION('ref_axis',(1.,0.,0.));
#6331=DIRECTION('',(0.,1.,0.));
#6332=DIRECTION('center_axis',(0.,1.,0.));
#6333=DIRECTION('ref_axis',(1.,0.,0.));
#6334=DIRECTION('center_axis',(0.,-1.,0.));
#6335=DIRECTION('ref_axis',(1.,0.,0.));
#6336=DIRECTION('center_axis',(0.,0.,-1.));
#6337=DIRECTION('ref_axis',(-1.,0.,0.));
#6338=DIRECTION('',(0.,0.,-1.));
#6339=DIRECTION('center_axis',(0.,0.,1.));
#6340=DIRECTION('ref_axis',(-1.,0.,0.));
#6341=DIRECTION('',(0.,0.,-1.));
#6342=DIRECTION('center_axis',(-1.,0.,0.));
#6343=DIRECTION('ref_axis',(0.,1.,0.));
#6344=DIRECTION('',(0.,1.,0.));
#6345=DIRECTION('',(0.,0.,-1.));
#6346=DIRECTION('',(0.,1.,0.));
#6347=DIRECTION('center_axis',(1.,0.,0.));
#6348=DIRECTION('ref_axis',(0.,-1.,0.));
#6349=DIRECTION('',(0.,-1.,0.));
#6350=DIRECTION('',(0.,-1.,0.));
#6351=DIRECTION('',(0.,0.,1.));
#6352=DIRECTION('center_axis',(0.,-1.,0.));
#6353=DIRECTION('ref_axis',(1.,0.,0.));
#6354=DIRECTION('center_axis',(0.,1.,0.));
#6355=DIRECTION('ref_axis',(1.,0.,0.));
#6356=DIRECTION('',(1.,0.,0.));
#6357=DIRECTION('',(0.,0.,1.));
#6358=DIRECTION('',(1.,0.,0.));
#6359=DIRECTION('center_axis',(0.,-1.,0.));
#6360=DIRECTION('ref_axis',(1.,0.,0.));
#6361=DIRECTION('',(1.,0.,0.));
#6362=DIRECTION('',(0.,0.,-1.));
#6363=DIRECTION('',(1.,0.,0.));
#6364=DIRECTION('center_axis',(0.,1.,0.));
#6365=DIRECTION('ref_axis',(1.,0.,0.));
#6366=DIRECTION('center_axis',(0.,0.,1.));
#6367=DIRECTION('ref_axis',(1.,0.,0.));
#6368=DIRECTION('',(-1.,0.,0.));
#6369=DIRECTION('',(0.,1.,0.));
#6370=DIRECTION('',(0.,1.,0.));
#6371=DIRECTION('center_axis',(0.,0.,1.));
#6372=DIRECTION('ref_axis',(1.,0.,0.));
#6373=DIRECTION('',(0.,1.,0.));
#6374=DIRECTION('',(-1.,0.,0.));
#6375=DIRECTION('',(0.,-1.,0.));
#6376=DIRECTION('center_axis',(0.,1.,0.));
#6377=DIRECTION('ref_axis',(1.,0.,0.));
#6378=DIRECTION('',(0.,-1.,0.));
#6379=DIRECTION('center_axis',(0.,-1.,0.));
#6380=DIRECTION('ref_axis',(1.,0.,0.));
#6381=DIRECTION('center_axis',(0.,0.,1.));
#6382=DIRECTION('ref_axis',(1.,0.,0.));
#6383=DIRECTION('',(0.,1.,0.));
#6384=DIRECTION('',(-1.,0.,0.));
#6385=DIRECTION('center_axis',(1.,0.,0.));
#6386=DIRECTION('ref_axis',(0.,1.,0.));
#6387=DIRECTION('',(0.,-1.,0.));
#6388=DIRECTION('',(0.,0.,1.));
#6389=DIRECTION('',(0.,0.,1.));
#6390=DIRECTION('center_axis',(0.,-1.,0.));
#6391=DIRECTION('ref_axis',(1.,0.,0.));
#6392=DIRECTION('',(-1.,0.,0.));
#6393=DIRECTION('',(0.,0.,1.));
#6394=DIRECTION('center_axis',(-1.,0.,0.));
#6395=DIRECTION('ref_axis',(0.,-1.,0.));
#6396=DIRECTION('',(0.,1.,0.));
#6397=DIRECTION('',(0.,0.,1.));
#6398=DIRECTION('center_axis',(0.,1.,0.));
#6399=DIRECTION('ref_axis',(-1.,0.,0.));
#6400=DIRECTION('',(1.,0.,0.));
#6401=DIRECTION('center_axis',(0.,0.,1.));
#6402=DIRECTION('ref_axis',(-1.,0.,0.));
#6403=DIRECTION('axis',(0.,0.,1.));
#6404=DIRECTION('refdir',(1.,0.,0.));
#6405=DIRECTION('center_axis',(1.,0.,0.));
#6406=DIRECTION('ref_axis',(0.,-1.,0.));
#6407=DIRECTION('center_axis',(1.,0.,0.));
#6408=DIRECTION('ref_axis',(0.,-1.,0.));
#6409=DIRECTION('',(1.,0.,0.));
#6410=DIRECTION('center_axis',(1.,0.,0.));
#6411=DIRECTION('ref_axis',(0.,-1.,0.));
#6412=DIRECTION('center_axis',(-1.,0.,0.));
#6413=DIRECTION('ref_axis',(0.,-1.,0.));
#6414=DIRECTION('center_axis',(-1.,0.,0.));
#6415=DIRECTION('ref_axis',(0.,-1.,0.));
#6416=DIRECTION('center_axis',(-1.,0.,0.));
#6417=DIRECTION('ref_axis',(0.,-1.,0.));
#6418=DIRECTION('',(1.,0.,0.));
#6419=DIRECTION('center_axis',(1.,0.,0.));
#6420=DIRECTION('ref_axis',(0.,-1.,0.));
#6421=DIRECTION('center_axis',(-1.,0.,0.));
#6422=DIRECTION('ref_axis',(0.,-1.,0.));
#6423=DIRECTION('center_axis',(-1.,0.,0.));
#6424=DIRECTION('ref_axis',(0.,-1.,0.));
#6425=DIRECTION('',(0.,1.,0.));
#6426=DIRECTION('',(0.,0.,1.));
#6427=DIRECTION('',(0.,-1.,0.));
#6428=DIRECTION('',(0.,0.,1.));
#6429=DIRECTION('center_axis',(0.,1.,0.));
#6430=DIRECTION('ref_axis',(-1.,0.,0.));
#6431=DIRECTION('',(1.,0.,0.));
#6432=DIRECTION('',(-1.,0.,0.));
#6433=DIRECTION('',(0.,0.,1.));
#6434=DIRECTION('center_axis',(1.,0.,0.));
#6435=DIRECTION('ref_axis',(0.,1.,0.));
#6436=DIRECTION('',(0.,-1.,0.));
#6437=DIRECTION('',(0.,1.,0.));
#6438=DIRECTION('',(0.,0.,1.));
#6439=DIRECTION('center_axis',(0.,-1.,0.));
#6440=DIRECTION('ref_axis',(1.,0.,0.));
#6441=DIRECTION('',(-1.,0.,0.));
#6442=DIRECTION('',(1.,0.,0.));
#6443=DIRECTION('center_axis',(0.,0.,1.));
#6444=DIRECTION('ref_axis',(1.,0.,0.));
#6445=DIRECTION('center_axis',(0.,0.,1.));
#6446=DIRECTION('ref_axis',(-1.,0.,0.));
#6447=DIRECTION('axis',(0.,0.,1.));
#6448=DIRECTION('refdir',(1.,0.,0.));
#6449=DIRECTION('center_axis',(0.,-1.,0.));
#6450=DIRECTION('ref_axis',(0.,0.,-1.));
#6451=DIRECTION('',(0.,0.,-1.));
#6452=DIRECTION('',(1.,0.,0.));
#6453=DIRECTION('',(0.,0.,-1.));
#6454=DIRECTION('',(1.,0.,0.));
#6455=DIRECTION('center_axis',(0.,0.,1.));
#6456=DIRECTION('ref_axis',(0.,-1.,0.));
#6457=DIRECTION('',(0.,-1.,0.));
#6458=DIRECTION('',(1.,0.,0.));
#6459=DIRECTION('',(0.,-1.,0.));
#6460=DIRECTION('center_axis',(0.,1.,0.));
#6461=DIRECTION('ref_axis',(0.,0.,1.));
#6462=DIRECTION('',(0.,0.,1.));
#6463=DIRECTION('',(1.,0.,0.));
#6464=DIRECTION('',(0.,0.,1.));
#6465=DIRECTION('center_axis',(0.,0.,-1.));
#6466=DIRECTION('ref_axis',(0.,1.,0.));
#6467=DIRECTION('',(0.,1.,0.));
#6468=DIRECTION('',(0.,1.,0.));
#6469=DIRECTION('center_axis',(1.,0.,0.));
#6470=DIRECTION('ref_axis',(0.,0.,-1.));
#6471=DIRECTION('center_axis',(0.,0.,1.));
#6472=DIRECTION('ref_axis',(0.,-1.,0.));
#6473=DIRECTION('',(0.,-1.,0.));
#6474=DIRECTION('',(1.,0.,0.));
#6475=DIRECTION('',(0.,-1.,0.));
#6476=DIRECTION('',(1.,0.,0.));
#6477=DIRECTION('center_axis',(0.,1.,0.));
#6478=DIRECTION('ref_axis',(0.,0.,1.));
#6479=DIRECTION('',(0.,0.,1.));
#6480=DIRECTION('',(1.,0.,0.));
#6481=DIRECTION('',(0.,0.,1.));
#6482=DIRECTION('center_axis',(0.,0.,-1.));
#6483=DIRECTION('ref_axis',(0.,1.,0.));
#6484=DIRECTION('',(0.,1.,0.));
#6485=DIRECTION('',(1.,0.,0.));
#6486=DIRECTION('',(0.,1.,0.));
#6487=DIRECTION('center_axis',(0.,-1.,0.));
#6488=DIRECTION('ref_axis',(0.,0.,-1.));
#6489=DIRECTION('',(0.,0.,-1.));
#6490=DIRECTION('',(0.,0.,-1.));
#6491=DIRECTION('center_axis',(1.,0.,0.));
#6492=DIRECTION('ref_axis',(0.,0.,-1.));
#6493=DIRECTION('center_axis',(0.,0.,1.));
#6494=DIRECTION('ref_axis',(0.,-1.,0.));
#6495=DIRECTION('',(0.,-1.,0.));
#6496=DIRECTION('',(1.,0.,0.));
#6497=DIRECTION('',(0.,-1.,0.));
#6498=DIRECTION('',(1.,0.,0.));
#6499=DIRECTION('center_axis',(0.,1.,0.));
#6500=DIRECTION('ref_axis',(0.,0.,1.));
#6501=DIRECTION('',(0.,0.,1.));
#6502=DIRECTION('',(1.,0.,0.));
#6503=DIRECTION('',(0.,0.,1.));
#6504=DIRECTION('center_axis',(0.,0.,-1.));
#6505=DIRECTION('ref_axis',(0.,1.,0.));
#6506=DIRECTION('',(0.,1.,0.));
#6507=DIRECTION('',(1.,0.,0.));
#6508=DIRECTION('',(0.,1.,0.));
#6509=DIRECTION('center_axis',(0.,-1.,0.));
#6510=DIRECTION('ref_axis',(0.,0.,-1.));
#6511=DIRECTION('',(0.,0.,-1.));
#6512=DIRECTION('',(0.,0.,-1.));
#6513=DIRECTION('center_axis',(1.,0.,0.));
#6514=DIRECTION('ref_axis',(0.,0.,-1.));
#6515=DIRECTION('center_axis',(0.,0.,-1.));
#6516=DIRECTION('ref_axis',(-1.,0.,0.));
#6517=DIRECTION('center_axis',(8.3726530570721E-30,-3.60558593627214E-31,
-1.));
#6518=DIRECTION('ref_axis',(-1.,-3.01883201118651E-60,-8.3726530570721E-30));
#6519=DIRECTION('',(0.,0.,-1.));
#6520=DIRECTION('center_axis',(8.3726530570721E-30,-3.60558593627214E-31,
-1.));
#6521=DIRECTION('ref_axis',(-1.,0.,-8.3726530570721E-30));
#6522=DIRECTION('center_axis',(-8.3726530570721E-30,3.60558593627214E-31,
1.));
#6523=DIRECTION('ref_axis',(-1.,0.,-8.3726530570721E-30));
#6524=DIRECTION('center_axis',(0.,0.,-1.));
#6525=DIRECTION('ref_axis',(-1.,0.,0.));
#6526=DIRECTION('center_axis',(8.3726530570721E-30,-3.60558593627214E-31,
-1.));
#6527=DIRECTION('ref_axis',(-1.,-3.01883201118651E-60,-8.3726530570721E-30));
#6528=DIRECTION('',(0.,0.,-1.));
#6529=DIRECTION('center_axis',(8.3726530570721E-30,-3.60558593627214E-31,
-1.));
#6530=DIRECTION('ref_axis',(-1.,0.,-8.3726530570721E-30));
#6531=DIRECTION('center_axis',(-8.3726530570721E-30,3.60558593627214E-31,
1.));
#6532=DIRECTION('ref_axis',(-1.,0.,-8.3726530570721E-30));
#6533=DIRECTION('center_axis',(0.,0.,-1.));
#6534=DIRECTION('ref_axis',(-1.,0.,0.));
#6535=DIRECTION('center_axis',(8.3726530570721E-30,-3.60558593627214E-31,
-1.));
#6536=DIRECTION('ref_axis',(-1.,-3.01883201118651E-60,-8.3726530570721E-30));
#6537=DIRECTION('',(0.,0.,-1.));
#6538=DIRECTION('center_axis',(8.3726530570721E-30,-3.60558593627214E-31,
-1.));
#6539=DIRECTION('ref_axis',(-1.,0.,-8.3726530570721E-30));
#6540=DIRECTION('center_axis',(-8.3726530570721E-30,3.60558593627214E-31,
1.));
#6541=DIRECTION('ref_axis',(-1.,0.,-8.3726530570721E-30));
#6542=DIRECTION('center_axis',(-8.3726530570721E-30,3.60558593627214E-31,
1.));
#6543=DIRECTION('ref_axis',(1.,0.,8.3726530570721E-30));
#6544=DIRECTION('',(-1.,0.,0.));
#6545=DIRECTION('',(0.,-1.,0.));
#6546=DIRECTION('',(1.,0.,0.));
#6547=DIRECTION('',(1.27553196763001E-16,1.,0.));
#6548=DIRECTION('center_axis',(-1.64476877864418E-16,0.999996307912696,
0.00271738127184365));
#6549=DIRECTION('ref_axis',(-9.62964972193618E-35,-0.00271738127184365,
0.999996307912696));
#6550=DIRECTION('',(1.,1.64477485129653E-16,0.));
#6551=DIRECTION('',(-0.377455550673074,-0.00251637033813681,0.926024284317862));
#6552=DIRECTION('',(0.377455550673018,-0.00251637033813687,0.926024284317884));
#6553=DIRECTION('center_axis',(0.926027216180105,7.52065709164114E-17,-0.377456745725554));
#6554=DIRECTION('ref_axis',(-0.377456745725554,0.,-0.926027216180105));
#6555=DIRECTION('',(0.,-1.,0.));
#6556=DIRECTION('',(0.377455550673019,0.00251637033750381,0.926024284317886));
#6557=DIRECTION('center_axis',(0.,-0.999996307912698,0.00271738127116));
#6558=DIRECTION('ref_axis',(0.,-0.00271738127116,-0.999996307912698));
#6559=DIRECTION('',(-1.,0.,0.));
#6560=DIRECTION('',(-0.377455550673074,0.00251637033750375,0.926024284317863));
#6561=DIRECTION('center_axis',(-0.926027216180082,1.12809856374653E-16,
-0.377456745725609));
#6562=DIRECTION('ref_axis',(-0.377456745725609,0.,0.926027216180082));
#6563=DIRECTION('',(0.,1.,0.));
#6564=DIRECTION('center_axis',(1.64477485129653E-16,-1.,0.));
#6565=DIRECTION('ref_axis',(1.,1.64477485129653E-16,0.));
#6566=DIRECTION('',(1.,1.64477485129653E-16,0.));
#6567=DIRECTION('',(0.,0.,1.));
#6568=DIRECTION('',(0.,0.,1.));
#6569=DIRECTION('center_axis',(-1.,0.,0.));
#6570=DIRECTION('ref_axis',(0.,-1.,0.));
#6571=DIRECTION('',(0.,-1.,0.));
#6572=DIRECTION('',(0.,0.,1.));
#6573=DIRECTION('center_axis',(0.,1.,0.));
#6574=DIRECTION('ref_axis',(-1.,0.,0.));
#6575=DIRECTION('',(-1.,0.,0.));
#6576=DIRECTION('',(0.,0.,1.));
#6577=DIRECTION('center_axis',(1.,0.,0.));
#6578=DIRECTION('ref_axis',(0.,1.,0.));
#6579=DIRECTION('',(0.,1.,0.));
#6580=DIRECTION('center_axis',(0.,0.,1.));
#6581=DIRECTION('ref_axis',(-1.,0.,0.));
#6582=DIRECTION('axis',(0.,0.,1.));
#6583=DIRECTION('refdir',(1.,0.,0.));
#6584=DIRECTION('center_axis',(2.58191401075618E-15,-1.,0.));
#6585=DIRECTION('ref_axis',(-1.,-2.58191401075618E-15,0.));
#6586=DIRECTION('',(-1.,-2.58191401075618E-15,0.));
#6587=DIRECTION('',(0.,0.,-1.));
#6588=DIRECTION('',(-1.,-2.58191401075618E-15,0.));
#6589=DIRECTION('',(0.,0.,-1.));
#6590=DIRECTION('center_axis',(-1.,-1.17100171157014E-15,0.));
#6591=DIRECTION('ref_axis',(-1.17100171157014E-15,1.,0.));
#6592=DIRECTION('',(-1.17100171157014E-15,1.,0.));
#6593=DIRECTION('',(0.,0.,-1.));
#6594=DIRECTION('',(-1.17100171157014E-15,1.,0.));
#6595=DIRECTION('center_axis',(0.,-1.,0.));
#6596=DIRECTION('ref_axis',(-1.,0.,0.));
#6597=DIRECTION('',(-1.,0.,0.));
#6598=DIRECTION('',(0.,0.,-1.));
#6599=DIRECTION('',(-1.,0.,0.));
#6600=DIRECTION('center_axis',(1.,0.,0.));
#6601=DIRECTION('ref_axis',(0.,-1.,0.));
#6602=DIRECTION('',(0.,-1.,0.));
#6603=DIRECTION('',(0.,0.,-1.));
#6604=DIRECTION('',(0.,-1.,0.));
#6605=DIRECTION('center_axis',(0.,-1.,0.));
#6606=DIRECTION('ref_axis',(-1.,0.,0.));
#6607=DIRECTION('',(-1.,0.,0.));
#6608=DIRECTION('',(0.,0.,-1.));
#6609=DIRECTION('',(-1.,0.,0.));
#6610=DIRECTION('center_axis',(0.743513356032856,0.66872108490817,0.));
#6611=DIRECTION('ref_axis',(0.66872108490817,-0.743513356032856,0.));
#6612=DIRECTION('',(0.66872108490817,-0.743513356032856,0.));
#6613=DIRECTION('',(0.,0.,-1.));
#6614=DIRECTION('',(0.66872108490817,-0.743513356032856,0.));
#6615=DIRECTION('center_axis',(-0.743513356032876,0.668721084908147,0.));
#6616=DIRECTION('ref_axis',(0.668721084908147,0.743513356032876,0.));
#6617=DIRECTION('',(0.668721084908147,0.743513356032876,0.));
#6618=DIRECTION('',(0.668721084908147,0.743513356032876,0.));
#6619=DIRECTION('center_axis',(0.,0.,-1.));
#6620=DIRECTION('ref_axis',(-1.,0.,0.));
#6621=DIRECTION('center_axis',(0.,0.,-1.));
#6622=DIRECTION('ref_axis',(-1.,0.,0.));
#6623=DIRECTION('center_axis',(0.,0.,-1.));
#6624=DIRECTION('ref_axis',(1.,0.,0.));
#6625=DIRECTION('center_axis',(0.,0.,-1.));
#6626=DIRECTION('ref_axis',(-1.,0.,0.));
#6627=DIRECTION('center_axis',(0.,0.,-1.));
#6628=DIRECTION('ref_axis',(-1.,0.,0.));
#6629=DIRECTION('',(-0.146375296860792,1.79258038774813E-17,0.989229130418689));
#6630=DIRECTION('center_axis',(-1.,0.,0.));
#6631=DIRECTION('ref_axis',(0.,-1.,0.));
#6632=DIRECTION('',(0.,1.,0.));
#6633=DIRECTION('',(0.,0.,1.));
#6634=DIRECTION('',(0.,-1.,0.));
#6635=DIRECTION('',(0.,0.,1.));
#6636=DIRECTION('center_axis',(0.,1.,0.));
#6637=DIRECTION('ref_axis',(-1.,0.,0.));
#6638=DIRECTION('',(1.,0.,0.));
#6639=DIRECTION('',(-1.,0.,0.));
#6640=DIRECTION('',(0.,0.,1.));
#6641=DIRECTION('center_axis',(1.,0.,0.));
#6642=DIRECTION('ref_axis',(0.,1.,0.));
#6643=DIRECTION('',(0.,-1.,0.));
#6644=DIRECTION('',(0.,1.,0.));
#6645=DIRECTION('',(0.,0.,1.));
#6646=DIRECTION('center_axis',(0.,-1.,0.));
#6647=DIRECTION('ref_axis',(1.,0.,0.));
#6648=DIRECTION('',(-1.,0.,0.));
#6649=DIRECTION('',(1.,0.,0.));
#6650=DIRECTION('center_axis',(0.,0.,1.));
#6651=DIRECTION('ref_axis',(1.,0.,0.));
#6652=DIRECTION('center_axis',(0.,0.,1.));
#6653=DIRECTION('ref_axis',(-1.,0.,0.));
#6654=DIRECTION('axis',(0.,0.,1.));
#6655=DIRECTION('refdir',(1.,0.,0.));
#6656=DIRECTION('center_axis',(0.,0.,1.));
#6657=DIRECTION('ref_axis',(0.,1.,0.));
#6658=DIRECTION('',(0.,1.,0.));
#6659=DIRECTION('',(-1.,0.,0.));
#6660=DIRECTION('',(0.,1.,0.));
#6661=DIRECTION('',(-1.,0.,0.));
#6662=DIRECTION('center_axis',(0.,-1.,0.));
#6663=DIRECTION('ref_axis',(0.,0.,1.));
#6664=DIRECTION('',(0.,0.,1.));
#6665=DIRECTION('',(-1.,0.,0.));
#6666=DIRECTION('',(0.,0.,1.));
#6667=DIRECTION('center_axis',(0.,0.,-1.));
#6668=DIRECTION('ref_axis',(0.,-1.,0.));
#6669=DIRECTION('',(0.,-1.,0.));
#6670=DIRECTION('',(-1.,0.,0.));
#6671=DIRECTION('',(0.,-1.,0.));
#6672=DIRECTION('center_axis',(0.,1.,0.));
#6673=DIRECTION('ref_axis',(0.,0.,-1.));
#6674=DIRECTION('',(0.,0.,-1.));
#6675=DIRECTION('',(0.,0.,-1.));
#6676=DIRECTION('center_axis',(-1.,0.,0.));
#6677=DIRECTION('ref_axis',(0.,0.,1.));
#6678=DIRECTION('center_axis',(0.,0.,1.));
#6679=DIRECTION('ref_axis',(0.,1.,0.));
#6680=DIRECTION('',(0.,1.,0.));
#6681=DIRECTION('',(-1.,0.,0.));
#6682=DIRECTION('',(0.,1.,0.));
#6683=DIRECTION('',(-1.,0.,0.));
#6684=DIRECTION('center_axis',(0.,-1.,0.));
#6685=DIRECTION('ref_axis',(0.,0.,1.));
#6686=DIRECTION('',(0.,0.,1.));
#6687=DIRECTION('',(-1.,0.,0.));
#6688=DIRECTION('',(0.,0.,1.));
#6689=DIRECTION('center_axis',(0.,0.,-1.));
#6690=DIRECTION('ref_axis',(0.,-1.,0.));
#6691=DIRECTION('',(0.,-1.,0.));
#6692=DIRECTION('',(-1.,0.,0.));
#6693=DIRECTION('',(0.,-1.,0.));
#6694=DIRECTION('center_axis',(0.,1.,0.));
#6695=DIRECTION('ref_axis',(0.,0.,-1.));
#6696=DIRECTION('',(0.,0.,-1.));
#6697=DIRECTION('',(0.,0.,-1.));
#6698=DIRECTION('center_axis',(-1.,0.,0.));
#6699=DIRECTION('ref_axis',(0.,0.,1.));
#6700=DIRECTION('center_axis',(0.,0.,-1.));
#6701=DIRECTION('ref_axis',(-1.,0.,0.));
#6702=DIRECTION('center_axis',(9.19847137617784E-31,-5.25626935781592E-32,
-1.));
#6703=DIRECTION('ref_axis',(-1.,-4.83496432333504E-62,-9.19847137617784E-31));
#6704=DIRECTION('',(0.,0.,-1.));
#6705=DIRECTION('center_axis',(9.19847137617784E-31,-5.25626935781592E-32,
-1.));
#6706=DIRECTION('ref_axis',(-1.,0.,-9.19847137617784E-31));
#6707=DIRECTION('center_axis',(-9.19847137617784E-31,5.25626935781592E-32,
1.));
#6708=DIRECTION('ref_axis',(-1.,0.,-9.19847137617784E-31));
#6709=DIRECTION('center_axis',(0.,0.,-1.));
#6710=DIRECTION('ref_axis',(-1.,0.,0.));
#6711=DIRECTION('center_axis',(9.19847137617784E-31,-5.25626935781592E-32,
-1.));
#6712=DIRECTION('ref_axis',(-1.,-4.83496432333504E-62,-9.19847137617784E-31));
#6713=DIRECTION('',(0.,0.,-1.));
#6714=DIRECTION('center_axis',(9.19847137617784E-31,-5.25626935781592E-32,
-1.));
#6715=DIRECTION('ref_axis',(-1.,0.,-9.19847137617784E-31));
#6716=DIRECTION('center_axis',(-9.19847137617784E-31,5.25626935781592E-32,
1.));
#6717=DIRECTION('ref_axis',(-1.,0.,-9.19847137617784E-31));
#6718=DIRECTION('center_axis',(-9.19847137617784E-31,5.25626935781592E-32,
1.));
#6719=DIRECTION('ref_axis',(1.,0.,9.19847137617784E-31));
#6720=DIRECTION('',(-1.,1.38777878078145E-16,0.));
#6721=DIRECTION('',(0.,-1.,0.));
#6722=DIRECTION('',(1.,-1.38777878078145E-16,0.));
#6723=DIRECTION('',(1.58603289232165E-16,1.,0.));
#6724=DIRECTION('center_axis',(0.941635344529787,0.,-0.336634635669399));
#6725=DIRECTION('ref_axis',(-0.336634635669399,0.,-0.941635344529787));
#6726=DIRECTION('',(0.,-1.,0.));
#6727=DIRECTION('',(0.336634635669399,0.,0.941635344529787));
#6728=DIRECTION('',(0.336634635669399,1.30678155037226E-16,0.941635344529787));
#6729=DIRECTION('center_axis',(-0.941635344529787,0.,-0.336634635669399));
#6730=DIRECTION('ref_axis',(-0.336634635669399,0.,0.941635344529787));
#6731=DIRECTION('',(0.,1.,0.));
#6732=DIRECTION('',(-0.336634635669398,0.,0.941635344529788));
#6733=DIRECTION('',(-0.336634635669398,-5.22712620148906E-16,0.941635344529788));
#6734=DIRECTION('center_axis',(0.,-1.,0.));
#6735=DIRECTION('ref_axis',(1.,0.,0.));
#6736=DIRECTION('',(1.,0.,0.));
#6737=DIRECTION('',(0.,0.,1.));
#6738=DIRECTION('',(0.,0.,1.));
#6739=DIRECTION('center_axis',(-1.,0.,0.));
#6740=DIRECTION('ref_axis',(0.,-1.,0.));
#6741=DIRECTION('',(0.,-1.,0.));
#6742=DIRECTION('',(0.,0.,1.));
#6743=DIRECTION('center_axis',(0.,1.,0.));
#6744=DIRECTION('ref_axis',(-1.,0.,0.));
#6745=DIRECTION('',(-1.,0.,0.));
#6746=DIRECTION('',(0.,0.,1.));
#6747=DIRECTION('center_axis',(1.,0.,0.));
#6748=DIRECTION('ref_axis',(0.,1.,0.));
#6749=DIRECTION('',(0.,1.,0.));
#6750=DIRECTION('center_axis',(0.,0.,1.));
#6751=DIRECTION('ref_axis',(-1.,0.,0.));
#6752=DIRECTION('axis',(0.,0.,1.));
#6753=DIRECTION('refdir',(1.,0.,0.));
#6754=DIRECTION('center_axis',(-1.,0.,0.));
#6755=DIRECTION('ref_axis',(0.,-1.,0.));
#6756=DIRECTION('',(0.,1.,0.));
#6757=DIRECTION('',(0.,0.,1.));
#6758=DIRECTION('',(0.,-1.,0.));
#6759=DIRECTION('',(0.,0.,1.));
#6760=DIRECTION('center_axis',(0.,1.,0.));
#6761=DIRECTION('ref_axis',(-1.,0.,0.));
#6762=DIRECTION('',(1.,0.,0.));
#6763=DIRECTION('',(-1.,0.,0.));
#6764=DIRECTION('',(0.,0.,1.));
#6765=DIRECTION('center_axis',(1.,0.,0.));
#6766=DIRECTION('ref_axis',(0.,1.,0.));
#6767=DIRECTION('',(0.,-1.,0.));
#6768=DIRECTION('',(0.,1.,0.));
#6769=DIRECTION('',(0.,0.,1.));
#6770=DIRECTION('center_axis',(0.,-1.,0.));
#6771=DIRECTION('ref_axis',(1.,0.,0.));
#6772=DIRECTION('',(-1.,0.,0.));
#6773=DIRECTION('',(1.,0.,0.));
#6774=DIRECTION('center_axis',(0.,0.,1.));
#6775=DIRECTION('ref_axis',(1.,0.,0.));
#6776=DIRECTION('center_axis',(0.,0.,1.));
#6777=DIRECTION('ref_axis',(-1.,0.,0.));
#6778=DIRECTION('',(0.,0.,1.));
#6779=DIRECTION('',(1.,-2.27711000452783E-45,0.));
#6780=DIRECTION('',(0.,0.,1.));
#6781=DIRECTION('',(1.,-2.27711000452783E-45,0.));
#6782=DIRECTION('',(0.,0.,1.));
#6783=DIRECTION('',(1.,-2.27711000452783E-45,0.));
#6784=DIRECTION('',(0.,0.,1.));
#6785=DIRECTION('',(1.,-2.27711000452783E-45,0.));
#6786=DIRECTION('',(-2.60902410786912E-15,-4.44089209850063E-16,1.));
#6787=DIRECTION('',(-1.,-1.07830411266718E-14,-2.60902410786912E-15));
#6788=DIRECTION('',(0.,0.,1.));
#6789=DIRECTION('',(1.,-2.27711000452783E-45,0.));
#6790=DIRECTION('',(0.,0.,1.));
#6791=DIRECTION('',(1.,-2.27711000452783E-45,0.));
#6792=DIRECTION('',(0.,0.,1.));
#6793=DIRECTION('',(1.,-2.27711000452783E-45,0.));
#6794=DIRECTION('',(3.94430452610506E-31,-4.44089209850063E-16,1.));
#6795=DIRECTION('',(-1.90125692967058E-15,1.,4.44089209850063E-16));
#6796=DIRECTION('',(0.,0.,1.));
#6797=DIRECTION('',(1.,-2.27711000452783E-45,0.));
#6798=DIRECTION('axis',(0.,0.,1.));
#6799=DIRECTION('refdir',(1.,0.,0.));
#6800=DIRECTION('center_axis',(0.,0.,1.));
#6801=DIRECTION('ref_axis',(-1.,-4.84902937678041E-29,0.));
#6802=DIRECTION('center_axis',(-3.94430452610506E-31,9.86076131526265E-32,
1.));
#6803=DIRECTION('ref_axis',(-1.,-4.84902937678041E-29,0.));
#6804=DIRECTION('',(0.,0.,1.));
#6805=DIRECTION('center_axis',(0.,0.,1.));
#6806=DIRECTION('ref_axis',(-1.,-4.84902937678041E-29,0.));
#6807=DIRECTION('center_axis',(0.,0.,1.));
#6808=DIRECTION('ref_axis',(-1.,-4.84902937678041E-29,0.));
#6809=DIRECTION('center_axis',(0.,0.,1.));
#6810=DIRECTION('ref_axis',(-1.,-4.84902937678041E-29,0.));
#6811=DIRECTION('center_axis',(-3.94430452610506E-31,9.86076131526265E-32,
1.));
#6812=DIRECTION('ref_axis',(-1.,-4.84902937678041E-29,0.));
#6813=DIRECTION('',(0.,0.,1.));
#6814=DIRECTION('center_axis',(0.,0.,1.));
#6815=DIRECTION('ref_axis',(-1.,-4.84902937678041E-29,0.));
#6816=DIRECTION('center_axis',(0.,0.,1.));
#6817=DIRECTION('ref_axis',(-1.,-4.84902937678041E-29,0.));
#6818=DIRECTION('center_axis',(0.,0.,1.));
#6819=DIRECTION('ref_axis',(-1.,1.22464679914687E-16,0.));
#6820=DIRECTION('center_axis',(0.,0.,-1.));
#6821=DIRECTION('ref_axis',(1.,4.84902937678041E-29,0.));
#6822=DIRECTION('',(0.,0.,-1.));
#6823=DIRECTION('center_axis',(0.,0.,1.));
#6824=DIRECTION('ref_axis',(1.,4.84902937678041E-29,0.));
#6825=DIRECTION('',(0.,0.,1.));
#6826=DIRECTION('center_axis',(-1.,1.31732908849634E-16,0.));
#6827=DIRECTION('ref_axis',(1.31732908849634E-16,1.,0.));
#6828=DIRECTION('',(-1.31732908849634E-16,-1.,0.));
#6829=DIRECTION('',(0.,0.,-1.));
#6830=DIRECTION('',(1.31732908849634E-16,1.,0.));
#6831=DIRECTION('center_axis',(-1.,1.31732908849634E-16,0.));
#6832=DIRECTION('ref_axis',(1.31732908849634E-16,1.,0.));
#6833=DIRECTION('',(1.31732908849634E-16,1.,0.));
#6834=DIRECTION('',(0.,0.,-1.));
#6835=DIRECTION('',(-1.31732908849634E-16,-1.,0.));
#6836=DIRECTION('center_axis',(0.,0.,1.));
#6837=DIRECTION('ref_axis',(1.,4.84902937678041E-29,0.));
#6838=DIRECTION('center_axis',(0.,0.,-1.));
#6839=DIRECTION('ref_axis',(1.,4.84902937678041E-29,0.));
#6840=DIRECTION('',(0.,0.,-1.));
#6841=DIRECTION('center_axis',(0.,0.,1.));
#6842=DIRECTION('ref_axis',(1.,4.84902937678041E-29,0.));
#6843=DIRECTION('',(0.,0.,1.));
#6844=DIRECTION('center_axis',(1.,2.63465817699414E-16,0.));
#6845=DIRECTION('ref_axis',(2.63465817699414E-16,-1.,-9.86076131526265E-32));
#6846=DIRECTION('',(-2.63465817699414E-16,1.,0.));
#6847=DIRECTION('',(0.,0.,-1.));
#6848=DIRECTION('',(2.63465817699414E-16,-1.,-9.86076131526265E-32));
#6849=DIRECTION('center_axis',(0.,0.,-1.));
#6850=DIRECTION('ref_axis',(-1.,0.,0.));
#6851=DIRECTION('center_axis',(0.,0.,-1.));
#6852=DIRECTION('ref_axis',(1.,4.84902937678041E-29,0.));
#6853=DIRECTION('',(-1.,1.32652631421151E-16,0.));
#6854=DIRECTION('center_axis',(0.,0.,-1.));
#6855=DIRECTION('ref_axis',(4.84902937678041E-29,-1.,0.));
#6856=DIRECTION('',(-2.63465817699414E-16,1.,0.));
#6857=DIRECTION('center_axis',(0.,0.,-1.));
#6858=DIRECTION('ref_axis',(-0.999993173939294,0.00369487142085361,0.));
#6859=DIRECTION('',(0.,-1.,0.));
#6860=DIRECTION('',(1.,0.,0.));
#6861=DIRECTION('',(-4.84902937678041E-29,1.,0.));
#6862=DIRECTION('',(1.,-1.51883520857153E-16,0.));
#6863=DIRECTION('center_axis',(0.,0.,1.));
#6864=DIRECTION('ref_axis',(0.707106781186547,0.707106781186547,0.));
#6865=DIRECTION('',(-3.0255773735673E-16,-1.,0.));
#6866=DIRECTION('',(-1.,-4.84902937678041E-29,0.));
#6867=DIRECTION('center_axis',(0.,0.,1.));
#6868=DIRECTION('ref_axis',(-1.,-4.84902937678041E-29,0.));
#6869=DIRECTION('center_axis',(0.,0.,1.));
#6870=DIRECTION('ref_axis',(-1.,-4.84902937678041E-29,0.));
#6871=DIRECTION('center_axis',(0.,0.,1.));
#6872=DIRECTION('ref_axis',(-1.,0.,0.));
#6873=DIRECTION('center_axis',(0.,0.,1.));
#6874=DIRECTION('ref_axis',(-1.,0.,0.));
#6875=DIRECTION('',(0.,0.,1.));
#6876=DIRECTION('center_axis',(0.,0.17364817766693,-0.984807753012208));
#6877=DIRECTION('ref_axis',(0.,-0.984807753012208,-0.17364817766693));
#6878=DIRECTION('center_axis',(0.0301395647770454,0.00531441845700361,-0.999531572083401));
#6879=DIRECTION('ref_axis',(-0.984346441568213,-0.173566836012847,-0.0306045161452661));
#6880=DIRECTION('center_axis',(0.,0.17364817766693,-0.984807753012208));
#6881=DIRECTION('ref_axis',(0.,-0.984807753012208,-0.17364817766693));
#6882=DIRECTION('center_axis',(0.,-0.17364817766693,0.984807753012208));
#6883=DIRECTION('ref_axis',(1.,0.,0.));
#6884=DIRECTION('',(0.984346441568213,0.173566836012845,0.0306045161452661));
#6885=DIRECTION('',(-0.171087869746035,0.970287525247814,0.171087869746035));
#6886=DIRECTION('',(-1.,0.,0.));
#6887=DIRECTION('center_axis',(0.,-0.17364817766693,0.984807753012208));
#6888=DIRECTION('ref_axis',(8.74684993778814E-17,-0.984807753012208,-0.17364817766693));
#6889=DIRECTION('',(0.,0.984807753012208,0.17364817766693));
#6890=DIRECTION('center_axis',(0.,-0.17364817766693,0.984807753012208));
#6891=DIRECTION('ref_axis',(8.74684993778814E-17,0.984807753012208,0.17364817766693));
#6892=DIRECTION('',(0.984346441568213,0.173566836012845,0.0306045161452661));
#6893=DIRECTION('center_axis',(2.7363612649856E-30,-1.,0.));
#6894=DIRECTION('ref_axis',(2.60902410786912E-15,0.,1.));
#6895=DIRECTION('center_axis',(-1.51883520857153E-16,-1.,0.));
#6896=DIRECTION('ref_axis',(2.60902410786912E-15,0.,1.));
#6897=DIRECTION('',(2.7363612649856E-30,-1.,0.));
#6898=DIRECTION('center_axis',(0.,1.,0.));
#6899=DIRECTION('ref_axis',(2.60902410786912E-15,0.,1.));
#6900=DIRECTION('center_axis',(-1.,0.,0.));
#6901=DIRECTION('ref_axis',(0.,0.,-1.));
#6902=DIRECTION('',(0.,0.,-1.));
#6903=DIRECTION('',(0.,-1.,0.));
#6904=DIRECTION('',(0.,0.,-1.));
#6905=DIRECTION('center_axis',(0.,-1.,0.));
#6906=DIRECTION('ref_axis',(0.,0.,-1.));
#6907=DIRECTION('',(0.,0.,1.));
#6908=DIRECTION('',(1.,4.84902937678041E-29,0.));
#6909=DIRECTION('center_axis',(4.84902937678041E-29,-1.,0.));
#6910=DIRECTION('ref_axis',(-1.,-4.84902937678041E-29,0.));
#6911=DIRECTION('',(1.,4.84902937678041E-29,3.94430452610506E-31));
#6912=DIRECTION('',(0.,0.,1.));
#6913=DIRECTION('center_axis',(-1.,-4.84902937678041E-29,0.));
#6914=DIRECTION('ref_axis',(-4.84902937678041E-29,1.,0.));
#6915=DIRECTION('',(0.,-1.,0.));
#6916=DIRECTION('',(0.,0.,-1.));
#6917=DIRECTION('center_axis',(0.,0.,-1.));
#6918=DIRECTION('ref_axis',(1.,4.84902937678041E-29,0.));
#6919=DIRECTION('center_axis',(0.,0.,1.));
#6920=DIRECTION('ref_axis',(1.,4.84902937678041E-29,0.));
#6921=DIRECTION('',(0.,0.,-1.));
#6922=DIRECTION('center_axis',(1.32652631421151E-16,1.,0.));
#6923=DIRECTION('ref_axis',(1.,-1.32652631421151E-16,0.));
#6924=DIRECTION('',(1.,-1.32652631421151E-16,0.));
#6925=DIRECTION('',(0.,0.,-1.));
#6926=DIRECTION('center_axis',(0.,0.,-1.));
#6927=DIRECTION('ref_axis',(4.84902937678041E-29,-1.,0.));
#6928=DIRECTION('center_axis',(0.,9.86076131526265E-32,1.));
#6929=DIRECTION('ref_axis',(4.84902937678041E-29,-1.,9.86076131526266E-32));
#6930=DIRECTION('center_axis',(1.,2.63465817699414E-16,0.));
#6931=DIRECTION('ref_axis',(2.63465817699414E-16,-1.,-9.86076131526265E-32));
#6932=DIRECTION('',(2.63465817699414E-16,-1.,-9.86076131526265E-32));
#6933=DIRECTION('',(0.,0.,-1.));
#6934=DIRECTION('center_axis',(0.,0.,-1.));
#6935=DIRECTION('ref_axis',(-0.999993173939294,0.00369487142085361,0.));
#6936=DIRECTION('center_axis',(0.,0.,1.));
#6937=DIRECTION('ref_axis',(-0.999993173939294,0.00369487142085361,0.));
#6938=DIRECTION('center_axis',(3.94430452610506E-31,-9.86076131526265E-32,
-1.));
#6939=DIRECTION('ref_axis',(1.,4.84902937678041E-29,3.94430452610506E-31));
#6940=DIRECTION('',(-2.63465817699317E-16,-1.,0.));
#6941=DIRECTION('center_axis',(0.,-9.86076131526265E-32,-1.));
#6942=DIRECTION('ref_axis',(1.,4.84902937678041E-29,0.));
#6943=DIRECTION('',(-1.,-4.84902937678041E-29,0.));
#6944=DIRECTION('center_axis',(3.94430452610506E-31,-9.86076131526265E-32,
-1.));
#6945=DIRECTION('ref_axis',(4.84902937678041E-29,-1.,7.88860905221012E-32));
#6946=DIRECTION('',(-2.63465817699414E-16,1.,9.86076131526265E-32));
#6947=DIRECTION('center_axis',(0.,0.,-1.));
#6948=DIRECTION('ref_axis',(-1.,-7.10542735760149E-16,0.));
#6949=DIRECTION('',(1.,-2.6530526284235E-16,0.));
#6950=DIRECTION('center_axis',(0.,0.,1.));
#6951=DIRECTION('ref_axis',(-1.,-4.84902937678041E-29,0.));
#6952=DIRECTION('',(0.,0.,1.));
#6953=DIRECTION('center_axis',(0.,0.,1.));
#6954=DIRECTION('ref_axis',(-1.,-4.84902937678041E-29,0.));
#6955=DIRECTION('center_axis',(0.,0.,1.));
#6956=DIRECTION('ref_axis',(-1.,-4.84902937678041E-29,0.));
#6957=DIRECTION('center_axis',(0.,0.,1.));
#6958=DIRECTION('ref_axis',(-1.,-4.84902937678041E-29,0.));
#6959=DIRECTION('',(0.,0.,1.));
#6960=DIRECTION('center_axis',(0.,0.,1.));
#6961=DIRECTION('ref_axis',(-1.,-4.84902937678041E-29,0.));
#6962=DIRECTION('center_axis',(0.,0.,1.));
#6963=DIRECTION('ref_axis',(-1.,-4.84902937678041E-29,0.));
#6964=DIRECTION('center_axis',(0.,0.,1.));
#6965=DIRECTION('ref_axis',(-0.707106781186547,-0.707106781186547,0.));
#6966=DIRECTION('center_axis',(0.,0.,-1.));
#6967=DIRECTION('ref_axis',(-0.707106781186547,-0.707106781186547,0.));
#6968=DIRECTION('',(0.,0.,-1.));
#6969=DIRECTION('',(0.,0.,1.));
#6970=DIRECTION('center_axis',(-2.2782528128573E-16,-1.,0.));
#6971=DIRECTION('ref_axis',(1.,-2.2782528128573E-16,0.));
#6972=DIRECTION('',(0.,0.,-1.));
#6973=DIRECTION('',(1.,-2.2782528128573E-16,0.));
#6974=DIRECTION('center_axis',(2.2782528128573E-16,1.,0.));
#6975=DIRECTION('ref_axis',(0.,0.,-1.));
#6976=DIRECTION('center_axis',(2.2782528128573E-16,1.,0.));
#6977=DIRECTION('ref_axis',(0.,0.,-1.));
#6978=DIRECTION('center_axis',(2.2782528128573E-16,1.,0.));
#6979=DIRECTION('ref_axis',(0.,0.,-1.));
#6980=DIRECTION('center_axis',(2.2782528128573E-16,1.,0.));
#6981=DIRECTION('ref_axis',(0.,0.,-1.));
#6982=DIRECTION('center_axis',(2.2782528128573E-16,1.,0.));
#6983=DIRECTION('ref_axis',(-1.,0.,0.));
#6984=DIRECTION('center_axis',(0.,0.,1.));
#6985=DIRECTION('ref_axis',(0.707106781186547,-0.707106781186548,0.));
#6986=DIRECTION('center_axis',(0.,0.,-1.));
#6987=DIRECTION('ref_axis',(0.707106781186547,-0.707106781186548,0.));
#6988=DIRECTION('',(0.,0.,1.));
#6989=DIRECTION('center_axis',(1.,-3.0255773735673E-16,0.));
#6990=DIRECTION('ref_axis',(3.0255773735673E-16,1.,0.));
#6991=DIRECTION('',(0.,0.,-1.));
#6992=DIRECTION('',(3.0255773735673E-16,1.,0.));
#6993=DIRECTION('center_axis',(0.,0.,-1.));
#6994=DIRECTION('ref_axis',(0.707106781186547,0.707106781186547,0.));
#6995=DIRECTION('',(0.,0.,1.));
#6996=DIRECTION('center_axis',(0.,0.,-1.));
#6997=DIRECTION('ref_axis',(0.707106781186547,0.707106781186547,0.));
#6998=DIRECTION('center_axis',(1.51883520857153E-16,1.,0.));
#6999=DIRECTION('ref_axis',(-1.,1.51883520857153E-16,0.));
#7000=DIRECTION('',(0.,0.,-1.));
#7001=DIRECTION('',(-1.,1.51883520857153E-16,0.));
#7002=DIRECTION('center_axis',(0.,0.,1.));
#7003=DIRECTION('ref_axis',(-0.707106781186548,0.707106781186547,0.));
#7004=DIRECTION('center_axis',(0.,0.,-1.));
#7005=DIRECTION('ref_axis',(-0.707106781186548,0.707106781186547,0.));
#7006=DIRECTION('',(0.,0.,1.));
#7007=DIRECTION('center_axis',(-1.,0.,0.));
#7008=DIRECTION('ref_axis',(0.,-1.,0.));
#7009=DIRECTION('',(0.,-1.,0.));
#7010=DIRECTION('center_axis',(0.0301395647770454,0.00531441845700361,-0.999531572083401));
#7011=DIRECTION('ref_axis',(-0.984346441568213,-0.173566836012845,-0.0306045161452661));
#7012=DIRECTION('',(-0.17364817766693,0.984807753012208,0.));
#7013=DIRECTION('',(-0.984346441568213,-0.173566836012845,-0.0306045161452661));
#7014=DIRECTION('',(-0.17364817766693,0.984807753012208,0.));
#7015=DIRECTION('center_axis',(0.984807753012208,0.17364817766693,0.));
#7016=DIRECTION('ref_axis',(0.,0.,-1.));
#7017=DIRECTION('',(0.,0.,-1.));
#7018=DIRECTION('',(-0.17364817766693,0.984807753012208,0.));
#7019=DIRECTION('',(0.,0.,-1.));
#7020=DIRECTION('center_axis',(-0.17364817766693,0.984807753012208,0.));
#7021=DIRECTION('ref_axis',(0.,0.,1.));
#7022=DIRECTION('',(0.984807753012208,0.17364817766693,0.));
#7023=DIRECTION('',(0.,0.,1.));
#7024=DIRECTION('center_axis',(0.,0.,1.));
#7025=DIRECTION('ref_axis',(0.642787609686539,0.766044443118978,0.));
#7026=DIRECTION('center_axis',(0.,0.,-1.));
#7027=DIRECTION('ref_axis',(0.642787609686539,0.766044443118978,0.));
#7028=DIRECTION('',(0.,0.,1.));
#7029=DIRECTION('center_axis',(0.,0.,1.));
#7030=DIRECTION('ref_axis',(1.,0.,0.));
#7031=DIRECTION('',(0.,1.,0.));
#7032=DIRECTION('center_axis',(0.,0.,-1.));
#7033=DIRECTION('ref_axis',(0.707106781186547,-0.707106781186547,0.));
#7034=DIRECTION('',(1.,0.,0.));
#7035=DIRECTION('',(-0.17364817766693,0.984807753012208,0.));
#7036=DIRECTION('center_axis',(1.,0.,0.));
#7037=DIRECTION('ref_axis',(0.,1.,0.));
#7038=DIRECTION('',(0.,0.,-1.));
#7039=DIRECTION('center_axis',(0.,0.,1.));
#7040=DIRECTION('ref_axis',(0.707106781186547,-0.707106781186547,0.));
#7041=DIRECTION('',(0.,0.,1.));
#7042=DIRECTION('',(0.,0.,1.));
#7043=DIRECTION('center_axis',(0.,-1.,0.));
#7044=DIRECTION('ref_axis',(1.,0.,0.));
#7045=DIRECTION('',(0.,0.,1.));
#7046=DIRECTION('center_axis',(0.,-1.,0.));
#7047=DIRECTION('ref_axis',(-1.,0.,0.));
#7048=DIRECTION('center_axis',(0.,1.,0.));
#7049=DIRECTION('ref_axis',(0.,0.,-1.));
#7050=DIRECTION('',(0.,1.,0.));
#7051=DIRECTION('center_axis',(0.,1.,0.));
#7052=DIRECTION('ref_axis',(0.,0.,-1.));
#7053=DIRECTION('center_axis',(0.,1.,0.));
#7054=DIRECTION('ref_axis',(0.,0.,-1.));
#7055=DIRECTION('center_axis',(0.,1.,0.));
#7056=DIRECTION('ref_axis',(0.,0.,-1.));
#7057=DIRECTION('',(0.,1.,0.));
#7058=DIRECTION('center_axis',(0.,1.,0.));
#7059=DIRECTION('ref_axis',(0.,0.,-1.));
#7060=DIRECTION('center_axis',(0.,1.,0.));
#7061=DIRECTION('ref_axis',(0.,0.,-1.));
#7062=DIRECTION('center_axis',(0.,1.,0.));
#7063=DIRECTION('ref_axis',(0.,0.,-1.));
#7064=DIRECTION('',(0.,1.,0.));
#7065=DIRECTION('center_axis',(0.,1.,0.));
#7066=DIRECTION('ref_axis',(0.,0.,-1.));
#7067=DIRECTION('center_axis',(0.,1.,0.));
#7068=DIRECTION('ref_axis',(0.,0.,-1.));
#7069=DIRECTION('center_axis',(0.,1.,0.));
#7070=DIRECTION('ref_axis',(0.,0.,-1.));
#7071=DIRECTION('',(0.,1.,0.));
#7072=DIRECTION('center_axis',(0.,1.,0.));
#7073=DIRECTION('ref_axis',(0.,0.,-1.));
#7074=DIRECTION('center_axis',(0.,1.,0.));
#7075=DIRECTION('ref_axis',(0.,0.,-1.));
#7076=DIRECTION('center_axis',(0.,-1.,0.));
#7077=DIRECTION('ref_axis',(-1.,0.,0.));
#7078=DIRECTION('',(0.,-1.,0.));
#7079=DIRECTION('center_axis',(-0.984807753012208,-0.17364817766693,0.));
#7080=DIRECTION('ref_axis',(0.17364817766693,-0.984807753012208,0.));
#7081=DIRECTION('center_axis',(0.,0.,1.));
#7082=DIRECTION('ref_axis',(1.,0.,0.));
#7083=DIRECTION('center_axis',(2.60902410786912E-15,-4.44089209850063E-16,
-1.));
#7084=DIRECTION('ref_axis',(1.,0.,2.60902410786912E-15));
#7085=DIRECTION('center_axis',(2.60902410786912E-15,-4.44089209850063E-16,
-1.));
#7086=DIRECTION('ref_axis',(1.,0.,2.60902410786912E-15));
#7087=DIRECTION('',(2.60902410786912E-15,-4.44089209850063E-16,-1.));
#7088=DIRECTION('center_axis',(2.60902410786912E-15,-4.44089209850063E-16,
-1.));
#7089=DIRECTION('ref_axis',(1.,0.,2.60902410786912E-15));
#7090=DIRECTION('center_axis',(2.60902410786912E-15,-4.44089209850063E-16,
-1.));
#7091=DIRECTION('ref_axis',(1.,0.,2.60902410786912E-15));
#7092=DIRECTION('center_axis',(2.60902410786912E-15,-4.44089209850063E-16,
-1.));
#7093=DIRECTION('ref_axis',(1.,0.,2.60902410786912E-15));
#7094=DIRECTION('center_axis',(2.60902410786912E-15,-4.44089209850063E-16,
-1.));
#7095=DIRECTION('ref_axis',(1.,0.,2.60902410786912E-15));
#7096=DIRECTION('',(2.60902410786912E-15,-4.44089209850063E-16,-1.));
#7097=DIRECTION('center_axis',(2.60902410786912E-15,-4.44089209850063E-16,
-1.));
#7098=DIRECTION('ref_axis',(1.,0.,2.60902410786912E-15));
#7099=DIRECTION('center_axis',(2.60902410786912E-15,-4.44089209850063E-16,
-1.));
#7100=DIRECTION('ref_axis',(1.,0.,2.60902410786912E-15));
#7101=DIRECTION('center_axis',(1.77635683940025E-15,0.,-1.));
#7102=DIRECTION('ref_axis',(1.,0.,1.77635683940025E-15));
#7103=DIRECTION('center_axis',(-2.60902410786912E-15,4.44089209850063E-16,
1.));
#7104=DIRECTION('ref_axis',(1.,0.,2.60902410786912E-15));
#7105=DIRECTION('',(-1.77635683940025E-15,0.,1.));
#7106=DIRECTION('center_axis',(-2.60902410786912E-15,4.44089209850063E-16,
1.));
#7107=DIRECTION('ref_axis',(1.,0.,2.60902410786912E-15));
#7108=DIRECTION('center_axis',(1.77635683940025E-15,0.,-1.));
#7109=DIRECTION('ref_axis',(1.,0.,1.77635683940025E-15));
#7110=DIRECTION('center_axis',(-2.60902410786912E-15,4.44089209850063E-16,
1.));
#7111=DIRECTION('ref_axis',(1.,0.,2.60902410786912E-15));
#7112=DIRECTION('',(-1.77635683940025E-15,0.,1.));
#7113=DIRECTION('center_axis',(-2.60902410786912E-15,4.44089209850063E-16,
1.));
#7114=DIRECTION('ref_axis',(1.,0.,2.60902410786912E-15));
#7115=DIRECTION('center_axis',(1.77635683940025E-15,0.,-1.));
#7116=DIRECTION('ref_axis',(1.,0.,1.77635683940025E-15));
#7117=DIRECTION('center_axis',(-2.60902410786912E-15,4.44089209850063E-16,
1.));
#7118=DIRECTION('ref_axis',(1.,0.,2.60902410786912E-15));
#7119=DIRECTION('',(-1.77635683940025E-15,0.,1.));
#7120=DIRECTION('center_axis',(-2.60902410786912E-15,4.44089209850063E-16,
1.));
#7121=DIRECTION('ref_axis',(1.,0.,2.60902410786912E-15));
#7122=DIRECTION('center_axis',(1.77635683940025E-15,0.,-1.));
#7123=DIRECTION('ref_axis',(4.44089209850068E-17,1.,7.88860905221012E-32));
#7124=DIRECTION('center_axis',(2.60902410786912E-15,-6.21724893790088E-16,
-1.));
#7125=DIRECTION('ref_axis',(4.44089209850079E-17,1.,-6.21724893790088E-16));
#7126=DIRECTION('',(1.77635683940025E-15,0.,-1.));
#7127=DIRECTION('center_axis',(2.60902410786912E-15,-6.21724893790088E-16,
-1.));
#7128=DIRECTION('ref_axis',(4.44089209850079E-17,1.,-6.21724893790088E-16));
#7129=DIRECTION('',(1.77635683940025E-15,0.,-1.));
#7130=DIRECTION('center_axis',(5.92561337941734E-16,1.,1.05260038541696E-30));
#7131=DIRECTION('ref_axis',(1.,-5.92561337941734E-16,2.60902410786912E-15));
#7132=DIRECTION('',(1.,-5.92561337941734E-16,2.60902410786912E-15));
#7133=DIRECTION('',(1.,-5.92561337941734E-16,2.60902410786912E-15));
#7134=DIRECTION('',(1.77635683940025E-15,0.,-1.));
#7135=DIRECTION('center_axis',(1.77635683940025E-15,0.,-1.));
#7136=DIRECTION('ref_axis',(-1.,-7.105427357601E-16,-1.77635683940025E-15));
#7137=DIRECTION('center_axis',(2.60902410786912E-15,-4.44089209850063E-16,
-1.));
#7138=DIRECTION('ref_axis',(-1.,-7.105427357601E-16,-2.60902410786912E-15));
#7139=DIRECTION('center_axis',(2.60902410786912E-15,-4.44089209850063E-16,
-1.));
#7140=DIRECTION('ref_axis',(-1.,-7.105427357601E-16,-2.60902410786912E-15));
#7141=DIRECTION('',(1.77635683940025E-15,0.,-1.));
#7142=DIRECTION('center_axis',(-1.,-2.63465817699366E-16,-1.77635683940025E-15));
#7143=DIRECTION('ref_axis',(-2.63465817699365E-16,1.,-4.44089209850064E-16));
#7144=DIRECTION('',(-2.63465817699365E-16,1.,-4.44089209850064E-16));
#7145=DIRECTION('',(-2.63465817699365E-16,1.,-4.44089209850064E-16));
#7146=DIRECTION('',(1.77635683940025E-15,0.,-1.));
#7147=DIRECTION('center_axis',(1.77635683940025E-15,0.,-1.));
#7148=DIRECTION('ref_axis',(-3.55271367880051E-16,-1.,-6.3108872417681E-31));
#7149=DIRECTION('center_axis',(2.60902410786912E-15,-4.44089209850063E-16,
-1.));
#7150=DIRECTION('ref_axis',(-3.55271367880051E-16,-1.,4.44089209850062E-16));
#7151=DIRECTION('center_axis',(2.60902410786912E-15,-4.44089209850063E-16,
-1.));
#7152=DIRECTION('ref_axis',(-3.55271367880051E-16,-1.,4.44089209850062E-16));
#7153=DIRECTION('',(1.77635683940025E-15,0.,-1.));
#7154=DIRECTION('center_axis',(-1.32652631421199E-16,-1.,-2.35638409089488E-31));
#7155=DIRECTION('ref_axis',(-1.,1.32652631421199E-16,-2.60902410786912E-15));
#7156=DIRECTION('',(-1.,1.32652631421199E-16,-2.60902410786912E-15));
#7157=DIRECTION('',(-1.,1.32652631421199E-16,-2.60902410786912E-15));
#7158=DIRECTION('',(1.77635683940025E-15,0.,-1.));
#7159=DIRECTION('center_axis',(1.77635683940025E-15,0.,-1.));
#7160=DIRECTION('ref_axis',(1.,3.5527136788005E-16,1.77635683940025E-15));
#7161=DIRECTION('center_axis',(2.60902410786912E-15,-4.44089209850063E-16,
-1.));
#7162=DIRECTION('ref_axis',(1.,3.5527136788005E-16,2.60902410786912E-15));
#7163=DIRECTION('center_axis',(2.60902410786912E-15,-4.44089209850063E-16,
-1.));
#7164=DIRECTION('ref_axis',(1.,3.5527136788005E-16,2.60902410786912E-15));
#7165=DIRECTION('',(1.77635683940025E-15,0.,-1.));
#7166=DIRECTION('center_axis',(1.,-6.3441315692866E-16,1.77635683940025E-15));
#7167=DIRECTION('ref_axis',(-6.3441315692866E-16,-1.,-1.90323947078599E-16));
#7168=DIRECTION('',(-6.3441315692866E-16,-1.,-1.90323947078599E-16));
#7169=DIRECTION('',(-6.3441315692866E-16,-1.,-1.90323947078599E-16));
#7170=DIRECTION('center_axis',(2.60902410786912E-15,-4.44089209850063E-16,
-1.));
#7171=DIRECTION('ref_axis',(1.,0.,2.60902410786912E-15));
#7172=DIRECTION('center_axis',(2.60902410786912E-15,-4.44089209850063E-16,
-1.));
#7173=DIRECTION('ref_axis',(1.,0.,2.60902410786912E-15));
#7174=DIRECTION('',(-4.73316543132605E-29,-0.999999999999999,4.44089209850063E-16));
#7175=DIRECTION('',(1.,-5.00680155782461E-29,-5.12759588393658E-30));
#7176=DIRECTION('',(2.60902410786912E-15,-4.44089209850063E-16,-0.999999999999999));
#7177=DIRECTION('',(-1.,2.83989925879564E-29,-2.60902410786912E-15));
#7178=DIRECTION('',(-2.60902410786912E-15,4.44089209850063E-16,1.));
#7179=DIRECTION('',(1.,-4.84902937678041E-29,2.60902410786912E-15));
#7180=DIRECTION('center_axis',(0.,0.,1.));
#7181=DIRECTION('ref_axis',(1.,0.,0.));
#7182=CARTESIAN_POINT('',(0.,0.,0.));
#7183=CARTESIAN_POINT('',(0.,0.,0.));
#7184=CARTESIAN_POINT('Origin',(0.,0.,-7.03614066163451));
#7185=CARTESIAN_POINT('',(25.5,-3.12284933782575E-15,-12.));
#7186=CARTESIAN_POINT('',(8.38164711797325E-30,25.5,-12.));
#7187=CARTESIAN_POINT('Origin',(0.,0.,-12.));
#7188=CARTESIAN_POINT('Origin',(0.,0.,-12.));
#7189=CARTESIAN_POINT('',(8.38164711797325E-30,25.5,-0.572281323269012));
#7190=CARTESIAN_POINT('',(8.38164711797325E-30,25.5,-7.03614066163451));
#7191=CARTESIAN_POINT('',(25.5,-3.12284933782575E-15,-0.572281323269013));
#7192=CARTESIAN_POINT('Origin',(0.,0.,-0.572281323269013));
#7193=CARTESIAN_POINT('Origin',(0.,0.,-0.572281323269013));
#7194=CARTESIAN_POINT('Origin',(0.,0.,-41.1));
#7195=CARTESIAN_POINT('',(15.75,-1.92881870865708E-15,-43.1));
#7196=CARTESIAN_POINT('Origin',(0.,0.,-43.1));
#7197=CARTESIAN_POINT('',(17.75,-2.17374806848655E-15,-41.1));
#7198=CARTESIAN_POINT('Origin',(15.75,-1.92881870865708E-15,-41.1));
#7199=CARTESIAN_POINT('',(-2.17374806848655E-15,-17.75,-41.1));
#7200=CARTESIAN_POINT('Origin',(0.,0.,-41.1));
#7201=CARTESIAN_POINT('Origin',(0.,0.,-41.1));
#7202=CARTESIAN_POINT('Origin',(0.,0.,-31.1));
#7203=CARTESIAN_POINT('',(-2.17374806848655E-15,-17.75,-20.1));
#7204=CARTESIAN_POINT('',(-2.17374806848655E-15,-17.75,-31.1));
#7205=CARTESIAN_POINT('',(17.75,-2.17374806848655E-15,-20.1));
#7206=CARTESIAN_POINT('Origin',(0.,0.,-20.1));
#7207=CARTESIAN_POINT('Origin',(0.,0.,-20.1));
#7208=CARTESIAN_POINT('Origin',(0.,8.15859931391269E-15,-43.1));
#7209=CARTESIAN_POINT('Origin',(0.,0.,-20.1));
#7210=CARTESIAN_POINT('',(18.75,-2.29621274840129E-15,-19.1));
#7211=CARTESIAN_POINT('Origin',(18.75,-2.29621274840129E-15,-20.1));
#7212=CARTESIAN_POINT('Origin',(0.,0.,-19.1));
#7213=CARTESIAN_POINT('Origin',(0.,17.75,-19.1));
#7214=CARTESIAN_POINT('',(19.,-2.32682891837997E-15,-19.1));
#7215=CARTESIAN_POINT('Origin',(0.,0.,-19.1));
#7216=CARTESIAN_POINT('Origin',(0.,0.,-17.6));
#7217=CARTESIAN_POINT('',(20.5,-2.51052593825207E-15,-17.6));
#7218=CARTESIAN_POINT('Origin',(19.,-2.32682891837997E-15,-17.6));
#7219=CARTESIAN_POINT('',(-2.51052593825208E-15,-20.5,-17.6));
#7220=CARTESIAN_POINT('Origin',(0.,0.,-17.6));
#7221=CARTESIAN_POINT('Origin',(0.,0.,-17.6));
#7222=CARTESIAN_POINT('Origin',(0.,0.,-16.3));
#7223=CARTESIAN_POINT('',(-2.51052593825207E-15,-20.5,-15.));
#7224=CARTESIAN_POINT('',(-2.51052593825207E-15,-20.5,-16.3));
#7225=CARTESIAN_POINT('',(-20.5,-2.51052593825208E-15,-15.));
#7226=CARTESIAN_POINT('Origin',(0.,0.,-15.));
#7227=CARTESIAN_POINT('Origin',(0.,0.,-15.));
#7228=CARTESIAN_POINT('Origin',(0.,0.,-15.));
#7229=CARTESIAN_POINT('',(-22.,-2.69422295812418E-15,-13.5));
#7230=CARTESIAN_POINT('Origin',(0.,0.,-13.5));
#7231=CARTESIAN_POINT('Origin',(-22.,-2.69422295812418E-15,-15.));
#7232=CARTESIAN_POINT('Origin',(0.,4.44089209850063E-15,-13.5));
#7233=CARTESIAN_POINT('',(24.,-2.93915231795365E-15,-13.5));
#7234=CARTESIAN_POINT('Origin',(0.,0.,-13.5));
#7235=CARTESIAN_POINT('Origin',(0.,0.,-12.));
#7236=CARTESIAN_POINT('Origin',(24.,-2.93915231795365E-15,-12.));
#7237=CARTESIAN_POINT('Origin',(0.,-1.10766482177065E-14,43.1701622488689));
#7238=CARTESIAN_POINT('',(-2.14313189850787E-15,-17.5,2.8));
#7239=CARTESIAN_POINT('',(-17.5,-1.32197801162144E-14,2.8));
#7240=CARTESIAN_POINT('Origin',(0.,0.,2.8));
#7241=CARTESIAN_POINT('Origin',(0.,0.,2.8));
#7242=CARTESIAN_POINT('',(-2.69422295812418E-15,-1.10766482177065E-14,-0.829837751131102));
#7243=CARTESIAN_POINT('Origin',(0.,-1.10766482177065E-14,43.1701622488689));
#7244=CARTESIAN_POINT('Origin',(0.,0.,3.31991833530247));
#7245=CARTESIAN_POINT('',(2.49300464369533E-15,-20.356927772408,3.83983667060495));
#7246=CARTESIAN_POINT('',(2.3180682711016E-15,-18.928463886204,3.31991833530247));
#7247=CARTESIAN_POINT('',(20.356927772408,-2.49300464369533E-15,3.83983667060495));
#7248=CARTESIAN_POINT('Origin',(0.,0.,3.83983667060495));
#7249=CARTESIAN_POINT('Origin',(0.,0.,3.83983667060495));
#7250=CARTESIAN_POINT('Origin',(0.,0.,2.3));
#7251=CARTESIAN_POINT('Origin',(23.5,-2.87791997799628E-15,2.3));
#7252=CARTESIAN_POINT('Origin',(-7.90544595267986,26.5,-17.3703084715062));
#7253=CARTESIAN_POINT('',(-7.90544595267986,26.5,-17.3703084715062));
#7254=CARTESIAN_POINT('',(-10.5773725113076,26.5,-12.5873059657177));
#7255=CARTESIAN_POINT('',(-7.90544595267986,26.5,-17.3703084715062));
#7256=CARTESIAN_POINT('',(-12.2946767219106,26.5,-9.51316819947101));
#7257=CARTESIAN_POINT('',(-9.17738140588857,26.5,-15.0934231131666));
#7258=CARTESIAN_POINT('',(-12.2946767219106,27.5,-9.51316819947101));
#7259=CARTESIAN_POINT('',(-12.2946767219106,26.5,-9.51316819947101));
#7260=CARTESIAN_POINT('',(-7.90544595267986,27.5,-17.3703084715062));
#7261=CARTESIAN_POINT('',(-7.90544595267986,27.5,-17.3703084715062));
#7262=CARTESIAN_POINT('',(-7.90544595267986,26.5,-17.3703084715062));
#7263=CARTESIAN_POINT('Origin',(-5.28639919533478,26.5,-15.9072315484293));
#7264=CARTESIAN_POINT('',(-5.28639919533478,26.5,-15.9072315484293));
#7265=CARTESIAN_POINT('',(-5.28639919533478,26.5,-15.9072315484293));
#7266=CARTESIAN_POINT('',(-5.28639919533478,27.5,-15.9072315484293));
#7267=CARTESIAN_POINT('',(-5.28639919533478,27.5,-15.9072315484293));
#7268=CARTESIAN_POINT('',(-5.28639919533478,26.5,-15.9072315484293));
#7269=CARTESIAN_POINT('Origin',(-9.67562996456554,26.5,-8.0500912763941));
#7270=CARTESIAN_POINT('',(-7.80146371250488,26.5,-11.4050270065416));
#7271=CARTESIAN_POINT('',(-9.67562996456554,26.5,-8.0500912763941));
#7272=CARTESIAN_POINT('',(-8.75295003315886,26.5,-9.70177605407204));
#7273=CARTESIAN_POINT('',(-9.67562996456554,26.5,-8.0500912763941));
#7274=CARTESIAN_POINT('',(-9.67562996456554,27.5,-8.0500912763941));
#7275=CARTESIAN_POINT('',(-9.67562996456554,27.5,-8.0500912763941));
#7276=CARTESIAN_POINT('',(-9.67562996456554,26.5,-8.0500912763941));
#7277=CARTESIAN_POINT('Origin',(-12.2946767219106,26.5,-9.51316819947101));
#7278=CARTESIAN_POINT('',(-7.07001829236199,26.5,-6.59451958894346));
#7279=CARTESIAN_POINT('',(-12.2946767219106,27.5,-9.51316819947101));
#7280=CARTESIAN_POINT('Origin',(-8.7905379586227,27.5,-12.7101998739502));
#7281=CARTESIAN_POINT('Origin',(-8.7905379586227,26.5,-12.7101998739502));
#7282=CARTESIAN_POINT('Origin',(0.,26.5,-33.572281323269));
#7283=CARTESIAN_POINT('Origin',(9.67562996456554,26.5,-8.05009127639409));
#7284=CARTESIAN_POINT('',(12.2946767219106,26.5,-9.51316819947101));
#7285=CARTESIAN_POINT('',(9.67562996456554,26.5,-8.05009127639409));
#7286=CARTESIAN_POINT('',(5.76049491368945,26.5,-5.862981127405));
#7287=CARTESIAN_POINT('',(12.2946767219106,27.5,-9.51316819947101));
#7288=CARTESIAN_POINT('',(12.2946767219106,26.5,-9.51316819947101));
#7289=CARTESIAN_POINT('',(9.67562996456554,27.5,-8.05009127639409));
#7290=CARTESIAN_POINT('',(9.67562996456554,27.5,-8.05009127639409));
#7291=CARTESIAN_POINT('',(9.67562996456554,26.5,-8.05009127639409));
#7292=CARTESIAN_POINT('Origin',(5.28639919533478,26.5,-15.9072315484293));
#7293=CARTESIAN_POINT('',(5.28639919533478,26.5,-15.9072315484293));
#7294=CARTESIAN_POINT('',(7.80146371250488,26.5,-11.4050270065416));
#7295=CARTESIAN_POINT('',(5.28639919533478,26.5,-15.9072315484293));
#7296=CARTESIAN_POINT('',(6.55833464854349,26.5,-13.6303461900897));
#7297=CARTESIAN_POINT('',(5.28639919533478,27.5,-15.9072315484293));
#7298=CARTESIAN_POINT('',(5.28639919533478,27.5,-15.9072315484293));
#7299=CARTESIAN_POINT('',(5.28639919533478,26.5,-15.9072315484293));
#7300=CARTESIAN_POINT('Origin',(7.90544595267986,26.5,-17.3703084715062));
#7301=CARTESIAN_POINT('',(7.90544595267986,26.5,-17.3703084715062));
#7302=CARTESIAN_POINT('',(7.90544595267986,26.5,-17.3703084715062));
#7303=CARTESIAN_POINT('',(7.90544595267986,27.5,-17.3703084715062));
#7304=CARTESIAN_POINT('',(7.90544595267986,27.5,-17.3703084715062));
#7305=CARTESIAN_POINT('',(7.90544595267986,26.5,-17.3703084715062));
#7306=CARTESIAN_POINT('Origin',(12.2946767219106,26.5,-9.51316819947101));
#7307=CARTESIAN_POINT('',(10.5773725113076,26.5,-12.5873059657177));
#7308=CARTESIAN_POINT('',(11.3719967905039,26.5,-11.164852977149));
#7309=CARTESIAN_POINT('',(12.2946767219106,26.5,-9.51316819947101));
#7310=CARTESIAN_POINT('',(12.2946767219106,27.5,-9.51316819947101));
#7311=CARTESIAN_POINT('Origin',(8.7905379586227,27.5,-12.7101998739502));
#7312=CARTESIAN_POINT('Origin',(8.7905379586227,26.5,-12.7101998739502));
#7313=CARTESIAN_POINT('Origin',(0.,26.5,-33.572281323269));
#7314=CARTESIAN_POINT('Origin',(0.,25.5,-6.9792405337718));
#7315=CARTESIAN_POINT('',(0.,25.5,-1.07228132326902));
#7316=CARTESIAN_POINT('',(3.30334050711547E-15,25.5,-10.072281323269));
#7317=CARTESIAN_POINT('',(0.,25.5,-7.03614066163451));
#7318=CARTESIAN_POINT('',(-15.85,25.5,-5.19927478536401));
#7319=CARTESIAN_POINT('Origin',(0.,25.5,-33.572281323269));
#7320=CARTESIAN_POINT('',(-11.4607692307692,25.5,-13.0564150573992));
#7321=CARTESIAN_POINT('',(-11.4607692307692,25.5,-13.0564150573992));
#7322=CARTESIAN_POINT('Origin',(0.,25.5,-33.572281323269));
#7323=CARTESIAN_POINT('Origin',(-11.4607692307692,25.5,-13.0564150573992));
#7324=CARTESIAN_POINT('',(-15.85,26.5,-5.19927478536401));
#7325=CARTESIAN_POINT('',(-15.85,25.5,-5.19927478536401));
#7326=CARTESIAN_POINT('',(-11.4607692307692,26.5,-13.0564150573992));
#7327=CARTESIAN_POINT('',(-11.4607692307692,26.5,-13.0564150573992));
#7328=CARTESIAN_POINT('',(-11.4607692307692,25.5,-13.0564150573992));
#7329=CARTESIAN_POINT('Origin',(0.,25.5,-33.572281323269));
#7330=CARTESIAN_POINT('',(11.4607692307692,25.5,-13.0564150573992));
#7331=CARTESIAN_POINT('Origin',(0.,25.5,-33.572281323269));
#7332=CARTESIAN_POINT('Origin',(0.,26.5,-33.572281323269));
#7333=CARTESIAN_POINT('Origin',(0.,26.5,-33.572281323269));
#7334=CARTESIAN_POINT('',(11.4607692307692,26.5,-13.0564150573992));
#7335=CARTESIAN_POINT('Origin',(0.,26.5,-33.572281323269));
#7336=CARTESIAN_POINT('',(11.4607692307692,25.5,-13.0564150573992));
#7337=CARTESIAN_POINT('Origin',(15.85,25.5,-5.19927478536401));
#7338=CARTESIAN_POINT('',(15.85,25.5,-5.19927478536401));
#7339=CARTESIAN_POINT('',(15.85,25.5,-5.19927478536401));
#7340=CARTESIAN_POINT('',(15.85,26.5,-5.19927478536401));
#7341=CARTESIAN_POINT('',(15.85,26.5,-5.19927478536401));
#7342=CARTESIAN_POINT('',(15.85,25.5,-5.19927478536401));
#7343=CARTESIAN_POINT('Origin',(0.,25.5,-33.572281323269));
#7344=CARTESIAN_POINT('Origin',(0.,25.5,-33.572281323269));
#7345=CARTESIAN_POINT('Origin',(0.,26.5,-33.572281323269));
#7346=CARTESIAN_POINT('Origin',(0.,26.5,-6.9792405337718));
#7347=CARTESIAN_POINT('Origin',(0.,25.5,-6.9792405337718));
#7348=CARTESIAN_POINT('Origin',(14.6629461169974,-29.7248078316337,0.));
#7349=CARTESIAN_POINT('',(28.7688994860502,-24.1816133118025,0.));
#7350=CARTESIAN_POINT('',(31.766396177572,-4.95162335901474,0.));
#7351=CARTESIAN_POINT('',(28.7688994860502,-24.1816133118025,0.));
#7352=CARTESIAN_POINT('',(24.1816133118025,-28.7688994860502,0.));
#7353=CARTESIAN_POINT('Origin',(23.3345237791561,-23.3345237791561,0.));
#7354=CARTESIAN_POINT('',(4.95162335901475,-31.766396177572,0.));
#7355=CARTESIAN_POINT('',(4.95162335901475,-31.766396177572,0.));
#7356=CARTESIAN_POINT('',(-4.95162335901474,-31.766396177572,0.));
#7357=CARTESIAN_POINT('Origin',(0.,0.,0.));
#7358=CARTESIAN_POINT('',(-24.1816133118025,-28.7688994860502,0.));
#7359=CARTESIAN_POINT('',(-24.1816133118025,-28.7688994860502,0.));
#7360=CARTESIAN_POINT('',(-28.7688994860502,-24.1816133118024,0.));
#7361=CARTESIAN_POINT('Origin',(-23.3345237791561,-23.3345237791561,0.));
#7362=CARTESIAN_POINT('',(-31.766396177572,-4.95162335901475,0.));
#7363=CARTESIAN_POINT('',(-31.766396177572,-4.95162335901475,0.));
#7364=CARTESIAN_POINT('',(-31.766396177572,4.95162335901474,0.));
#7365=CARTESIAN_POINT('Origin',(0.,0.,0.));
#7366=CARTESIAN_POINT('',(-28.7688994860502,24.1816133118024,0.));
#7367=CARTESIAN_POINT('',(-28.7688994860502,24.1816133118024,0.));
#7368=CARTESIAN_POINT('',(-24.1816133118024,28.7688994860502,0.));
#7369=CARTESIAN_POINT('Origin',(-23.3345237791561,23.3345237791561,0.));
#7370=CARTESIAN_POINT('',(-4.95162335901477,31.766396177572,0.));
#7371=CARTESIAN_POINT('',(-4.95162335901477,31.766396177572,0.));
#7372=CARTESIAN_POINT('',(4.95162335901476,31.766396177572,0.));
#7373=CARTESIAN_POINT('Origin',(0.,0.,0.));
#7374=CARTESIAN_POINT('',(24.1816133118025,28.7688994860502,0.));
#7375=CARTESIAN_POINT('',(24.1816133118025,28.7688994860502,0.));
#7376=CARTESIAN_POINT('',(28.7688994860502,24.1816133118024,0.));
#7377=CARTESIAN_POINT('Origin',(23.3345237791561,23.3345237791561,0.));
#7378=CARTESIAN_POINT('',(31.766396177572,4.95162335901474,0.));
#7379=CARTESIAN_POINT('',(31.766396177572,4.95162335901474,0.));
#7380=CARTESIAN_POINT('Origin',(0.,0.,0.));
#7381=CARTESIAN_POINT('',(27.,3.30654635769785E-15,0.));
#7382=CARTESIAN_POINT('Origin',(0.,0.,0.));
#7383=CARTESIAN_POINT('',(-21.2345237791561,-23.3345237791561,0.));
#7384=CARTESIAN_POINT('Origin',(-23.3345237791561,-23.3345237791561,0.));
#7385=CARTESIAN_POINT('',(25.4345237791561,-23.3345237791561,0.));
#7386=CARTESIAN_POINT('Origin',(23.3345237791561,-23.3345237791561,0.));
#7387=CARTESIAN_POINT('',(25.4345237791561,23.3345237791561,0.));
#7388=CARTESIAN_POINT('Origin',(23.3345237791561,23.3345237791561,0.));
#7389=CARTESIAN_POINT('',(-21.2345237791561,23.3345237791561,0.));
#7390=CARTESIAN_POINT('Origin',(-23.3345237791561,23.3345237791561,0.));
#7391=CARTESIAN_POINT('Origin',(14.6629461169974,-29.7248078316337,2.9));
#7392=CARTESIAN_POINT('',(4.95162335901475,-31.766396177572,2.9));
#7393=CARTESIAN_POINT('',(24.1816133118025,-28.7688994860502,2.9));
#7394=CARTESIAN_POINT('',(4.95162335901475,-31.766396177572,2.9));
#7395=CARTESIAN_POINT('',(28.7688994860502,-24.1816133118025,2.9));
#7396=CARTESIAN_POINT('Origin',(23.3345237791561,-23.3345237791561,2.9));
#7397=CARTESIAN_POINT('',(31.766396177572,-4.95162335901474,2.9));
#7398=CARTESIAN_POINT('',(28.7688994860502,-24.1816133118025,2.9));
#7399=CARTESIAN_POINT('',(31.766396177572,4.95162335901474,2.9));
#7400=CARTESIAN_POINT('Origin',(0.,0.,2.9));
#7401=CARTESIAN_POINT('',(28.7688994860502,24.1816133118024,2.9));
#7402=CARTESIAN_POINT('',(31.766396177572,4.95162335901474,2.9));
#7403=CARTESIAN_POINT('',(24.1816133118025,28.7688994860502,2.9));
#7404=CARTESIAN_POINT('Origin',(23.3345237791561,23.3345237791561,2.9));
#7405=CARTESIAN_POINT('',(4.95162335901476,31.766396177572,2.9));
#7406=CARTESIAN_POINT('',(24.1816133118025,28.7688994860502,2.9));
#7407=CARTESIAN_POINT('',(-4.95162335901477,31.766396177572,2.9));
#7408=CARTESIAN_POINT('Origin',(0.,0.,2.9));
#7409=CARTESIAN_POINT('',(-24.1816133118024,28.7688994860502,2.9));
#7410=CARTESIAN_POINT('',(-4.95162335901477,31.766396177572,2.9));
#7411=CARTESIAN_POINT('',(-28.7688994860502,24.1816133118024,2.9));
#7412=CARTESIAN_POINT('Origin',(-23.3345237791561,23.3345237791561,2.9));
#7413=CARTESIAN_POINT('',(-31.766396177572,4.95162335901474,2.9));
#7414=CARTESIAN_POINT('',(-28.7688994860502,24.1816133118024,2.9));
#7415=CARTESIAN_POINT('',(-31.766396177572,-4.95162335901475,2.9));
#7416=CARTESIAN_POINT('Origin',(0.,0.,2.9));
#7417=CARTESIAN_POINT('',(-28.7688994860502,-24.1816133118024,2.9));
#7418=CARTESIAN_POINT('',(-31.766396177572,-4.95162335901475,2.9));
#7419=CARTESIAN_POINT('',(-24.1816133118025,-28.7688994860502,2.9));
#7420=CARTESIAN_POINT('Origin',(-23.3345237791561,-23.3345237791561,2.9));
#7421=CARTESIAN_POINT('',(-4.95162335901474,-31.766396177572,2.9));
#7422=CARTESIAN_POINT('',(-24.1816133118025,-28.7688994860502,2.9));
#7423=CARTESIAN_POINT('Origin',(0.,0.,2.9));
#7424=CARTESIAN_POINT('',(27.,3.30654635769785E-15,2.9));
#7425=CARTESIAN_POINT('Origin',(0.,0.,2.9));
#7426=CARTESIAN_POINT('',(-21.2345237791561,-23.3345237791561,2.9));
#7427=CARTESIAN_POINT('Origin',(-23.3345237791561,-23.3345237791561,2.9));
#7428=CARTESIAN_POINT('',(25.4345237791561,-23.3345237791561,2.9));
#7429=CARTESIAN_POINT('Origin',(23.3345237791561,-23.3345237791561,2.9));
#7430=CARTESIAN_POINT('',(25.4345237791561,23.3345237791561,2.9));
#7431=CARTESIAN_POINT('Origin',(23.3345237791561,23.3345237791561,2.9));
#7432=CARTESIAN_POINT('',(-21.2345237791561,23.3345237791561,2.9));
#7433=CARTESIAN_POINT('Origin',(-23.3345237791561,23.3345237791561,2.9));
#7434=CARTESIAN_POINT('Origin',(4.95162335901475,-31.766396177572,0.));
#7435=CARTESIAN_POINT('',(24.1816133118025,-28.7688994860502,0.));
#7436=CARTESIAN_POINT('',(4.95162335901475,-31.766396177572,0.));
#7437=CARTESIAN_POINT('Origin',(28.7688994860502,-24.1816133118025,0.));
#7438=CARTESIAN_POINT('',(31.766396177572,-4.95162335901474,0.));
#7439=CARTESIAN_POINT('',(28.7688994860502,-24.1816133118025,0.));
#7440=CARTESIAN_POINT('Origin',(23.3345237791561,-23.3345237791561,0.));
#7441=CARTESIAN_POINT('Origin',(-4.95162335901477,31.766396177572,0.));
#7442=CARTESIAN_POINT('',(-24.1816133118024,28.7688994860502,0.));
#7443=CARTESIAN_POINT('',(-4.95162335901477,31.766396177572,0.));
#7444=CARTESIAN_POINT('Origin',(-28.7688994860502,24.1816133118024,0.));
#7445=CARTESIAN_POINT('',(-31.766396177572,4.95162335901474,0.));
#7446=CARTESIAN_POINT('',(-28.7688994860502,24.1816133118024,0.));
#7447=CARTESIAN_POINT('Origin',(-23.3345237791561,23.3345237791561,0.));
#7448=CARTESIAN_POINT('Origin',(24.1816133118025,28.7688994860502,0.));
#7449=CARTESIAN_POINT('',(4.95162335901476,31.766396177572,0.));
#7450=CARTESIAN_POINT('',(24.1816133118025,28.7688994860502,0.));
#7451=CARTESIAN_POINT('Origin',(31.766396177572,4.95162335901474,0.));
#7452=CARTESIAN_POINT('',(28.7688994860502,24.1816133118024,0.));
#7453=CARTESIAN_POINT('',(31.766396177572,4.95162335901474,0.));
#7454=CARTESIAN_POINT('Origin',(23.3345237791561,23.3345237791561,0.));
#7455=CARTESIAN_POINT('Origin',(-24.1816133118025,-28.7688994860502,0.));
#7456=CARTESIAN_POINT('',(-4.95162335901474,-31.766396177572,0.));
#7457=CARTESIAN_POINT('',(-24.1816133118025,-28.7688994860502,0.));
#7458=CARTESIAN_POINT('Origin',(-31.766396177572,-4.95162335901475,0.));
#7459=CARTESIAN_POINT('',(-28.7688994860502,-24.1816133118024,0.));
#7460=CARTESIAN_POINT('',(-31.766396177572,-4.95162335901475,0.));
#7461=CARTESIAN_POINT('Origin',(-23.3345237791561,-23.3345237791561,0.));
#7462=CARTESIAN_POINT('Origin',(0.,0.,0.));
#7463=CARTESIAN_POINT('Origin',(0.,0.,0.));
#7464=CARTESIAN_POINT('Origin',(0.,0.,0.));
#7465=CARTESIAN_POINT('Origin',(0.,0.,0.));
#7466=CARTESIAN_POINT('Origin',(-23.3345237791561,23.3345237791561,0.));
#7467=CARTESIAN_POINT('',(-21.2345237791561,23.3345237791561,0.));
#7468=CARTESIAN_POINT('Origin',(23.3345237791561,23.3345237791561,0.));
#7469=CARTESIAN_POINT('',(25.4345237791561,23.3345237791561,0.));
#7470=CARTESIAN_POINT('Origin',(23.3345237791561,-23.3345237791561,0.));
#7471=CARTESIAN_POINT('',(25.4345237791561,-23.3345237791561,0.));
#7472=CARTESIAN_POINT('Origin',(-23.3345237791561,-23.3345237791561,0.));
#7473=CARTESIAN_POINT('',(-21.2345237791561,-23.3345237791561,0.));
#7474=CARTESIAN_POINT('Origin',(0.,0.,0.));
#7475=CARTESIAN_POINT('',(27.,3.30654635769785E-15,0.));
#7476=CARTESIAN_POINT('',(0.,0.,0.));
#7477=CARTESIAN_POINT('',(0.,0.,0.));
#7478=CARTESIAN_POINT('Origin',(24.24,17.79,1.56));
#7479=CARTESIAN_POINT('',(25.49,17.79,1.56));
#7480=CARTESIAN_POINT('Origin',(24.24,17.79,1.56));
#7481=CARTESIAN_POINT('',(25.49,17.79,0.));
#7482=CARTESIAN_POINT('',(25.49,17.79,1.56));
#7483=CARTESIAN_POINT('Origin',(24.24,17.79,0.));
#7484=CARTESIAN_POINT('Origin',(-24.24,17.79,1.56));
#7485=CARTESIAN_POINT('',(-22.99,17.79,1.56));
#7486=CARTESIAN_POINT('Origin',(-24.24,17.79,1.56));
#7487=CARTESIAN_POINT('',(-22.99,17.79,0.));
#7488=CARTESIAN_POINT('',(-22.99,17.79,1.56));
#7489=CARTESIAN_POINT('Origin',(-24.24,17.79,0.));
#7490=CARTESIAN_POINT('Origin',(24.24,-17.79,1.56));
#7491=CARTESIAN_POINT('',(25.49,-17.79,1.56));
#7492=CARTESIAN_POINT('Origin',(24.24,-17.79,1.56));
#7493=CARTESIAN_POINT('',(25.49,-17.79,0.));
#7494=CARTESIAN_POINT('',(25.49,-17.79,1.56));
#7495=CARTESIAN_POINT('Origin',(24.24,-17.79,0.));
#7496=CARTESIAN_POINT('Origin',(-24.24,-17.79,1.56));
#7497=CARTESIAN_POINT('',(-22.99,-17.79,1.56));
#7498=CARTESIAN_POINT('Origin',(-24.24,-17.79,1.56));
#7499=CARTESIAN_POINT('',(-22.99,-17.79,0.));
#7500=CARTESIAN_POINT('',(-22.99,-17.79,1.56));
#7501=CARTESIAN_POINT('Origin',(-24.24,-17.79,0.));
#7502=CARTESIAN_POINT('Origin',(-24.24,17.79,0.));
#7503=CARTESIAN_POINT('',(-26.74,17.79,1.56));
#7504=CARTESIAN_POINT('',(-24.24,20.29,1.56));
#7505=CARTESIAN_POINT('Origin',(-24.24,17.79,1.56));
#7506=CARTESIAN_POINT('',(-24.24,20.29,0.));
#7507=CARTESIAN_POINT('',(-24.24,20.29,0.));
#7508=CARTESIAN_POINT('',(-26.74,17.79,0.));
#7509=CARTESIAN_POINT('Origin',(-24.24,17.79,0.));
#7510=CARTESIAN_POINT('',(-26.74,17.79,0.));
#7511=CARTESIAN_POINT('Origin',(-8.88178419700125E-15,-8.88178419700125E-15,
1.56));
#7512=CARTESIAN_POINT('',(-26.74,-17.79,1.56));
#7513=CARTESIAN_POINT('',(-26.74,20.29,1.56));
#7514=CARTESIAN_POINT('',(-24.24,-20.29,1.56));
#7515=CARTESIAN_POINT('Origin',(-24.24,-17.79,1.56));
#7516=CARTESIAN_POINT('',(24.24,-20.29,1.56));
#7517=CARTESIAN_POINT('',(-26.74,-20.29,1.56));
#7518=CARTESIAN_POINT('',(26.74,-17.79,1.56));
#7519=CARTESIAN_POINT('Origin',(24.24,-17.79,1.56));
#7520=CARTESIAN_POINT('',(26.74,17.79,1.56));
#7521=CARTESIAN_POINT('',(26.74,-20.29,1.56));
#7522=CARTESIAN_POINT('',(24.24,20.29,1.56));
#7523=CARTESIAN_POINT('Origin',(24.24,17.79,1.56));
#7524=CARTESIAN_POINT('',(26.74,20.29,1.56));
#7525=CARTESIAN_POINT('Origin',(-26.74,20.29,0.));
#7526=CARTESIAN_POINT('',(-26.74,-17.79,0.));
#7527=CARTESIAN_POINT('',(-26.74,20.29,0.));
#7528=CARTESIAN_POINT('',(-26.74,-17.79,0.));
#7529=CARTESIAN_POINT('Origin',(-24.24,-17.79,0.));
#7530=CARTESIAN_POINT('',(-24.24,-20.29,0.));
#7531=CARTESIAN_POINT('Origin',(-24.24,-17.79,0.));
#7532=CARTESIAN_POINT('',(-24.24,-20.29,0.));
#7533=CARTESIAN_POINT('Origin',(24.24,17.79,0.));
#7534=CARTESIAN_POINT('',(26.74,17.79,0.));
#7535=CARTESIAN_POINT('',(26.74,17.79,0.));
#7536=CARTESIAN_POINT('',(24.24,20.29,0.));
#7537=CARTESIAN_POINT('Origin',(24.24,17.79,0.));
#7538=CARTESIAN_POINT('',(24.24,20.29,0.));
#7539=CARTESIAN_POINT('Origin',(26.74,-20.29,0.));
#7540=CARTESIAN_POINT('',(26.74,-17.79,0.));
#7541=CARTESIAN_POINT('',(26.74,-17.79,0.));
#7542=CARTESIAN_POINT('',(26.74,-20.29,0.));
#7543=CARTESIAN_POINT('Origin',(24.24,-17.79,0.));
#7544=CARTESIAN_POINT('',(24.24,-20.29,0.));
#7545=CARTESIAN_POINT('',(24.24,-20.29,0.));
#7546=CARTESIAN_POINT('Origin',(24.24,-17.79,0.));
#7547=CARTESIAN_POINT('Origin',(-26.74,-20.29,0.));
#7548=CARTESIAN_POINT('',(-26.74,-20.29,0.));
#7549=CARTESIAN_POINT('Origin',(26.74,20.29,0.));
#7550=CARTESIAN_POINT('',(26.74,20.29,0.));
#7551=CARTESIAN_POINT('Origin',(-8.88178419700125E-15,-8.88178419700125E-15,
0.));
#7552=CARTESIAN_POINT('',(0.,0.,0.));
#7553=CARTESIAN_POINT('Origin',(25.000000372529,-5.15000002980232,5.69));
#7554=CARTESIAN_POINT('',(25.000000372529,-5.15000002980232,5.69));
#7555=CARTESIAN_POINT('',(25.000000372529,-2.35000002980232,5.69));
#7556=CARTESIAN_POINT('',(25.000000372529,-7.07500002980232,5.69));
#7557=CARTESIAN_POINT('',(23.350000372529,-5.15000002980232,5.69));
#7558=CARTESIAN_POINT('',(25.000000372529,-5.15000002980232,5.69));
#7559=CARTESIAN_POINT('',(23.350000372529,-2.35000002980232,5.69));
#7560=CARTESIAN_POINT('',(23.350000372529,-5.15000002980232,5.69));
#7561=CARTESIAN_POINT('',(25.000000372529,-2.35000002980232,5.69));
#7562=CARTESIAN_POINT('Origin',(25.000000372529,-5.15000002980232,1.79));
#7563=CARTESIAN_POINT('',(25.000000372529,-5.15000002980232,1.79));
#7564=CARTESIAN_POINT('',(25.000000372529,-5.15000002980232,1.675));
#7565=CARTESIAN_POINT('',(23.350000372529,-5.15000002980232,1.79));
#7566=CARTESIAN_POINT('',(25.000000372529,-5.15000002980232,1.79));
#7567=CARTESIAN_POINT('',(23.350000372529,-5.15000002980232,1.79));
#7568=CARTESIAN_POINT('Origin',(25.000000372529,-2.35000002980232,1.79));
#7569=CARTESIAN_POINT('',(25.000000372529,-2.35000002980232,1.79));
#7570=CARTESIAN_POINT('',(25.000000372529,-5.67500002980232,1.79));
#7571=CARTESIAN_POINT('',(23.350000372529,-2.35000002980232,1.79));
#7572=CARTESIAN_POINT('',(25.000000372529,-2.35000002980232,1.79));
#7573=CARTESIAN_POINT('',(23.350000372529,-2.35000002980232,1.79));
#7574=CARTESIAN_POINT('Origin',(25.000000372529,-2.35000002980232,5.69));
#7575=CARTESIAN_POINT('',(25.000000372529,-2.35000002980232,3.625));
#7576=CARTESIAN_POINT('',(23.350000372529,-2.35000002980232,5.69));
#7577=CARTESIAN_POINT('Origin',(23.350000372529,-3.75000002980232,3.74));
#7578=CARTESIAN_POINT('Origin',(25.000000372529,-8.65000002980232,5.69));
#7579=CARTESIAN_POINT('',(25.000000372529,-8.65000002980232,5.69));
#7580=CARTESIAN_POINT('',(25.000000372529,-5.85000002980232,5.69));
#7581=CARTESIAN_POINT('',(25.000000372529,-8.82500002980232,5.69));
#7582=CARTESIAN_POINT('',(23.350000372529,-8.65000002980232,5.69));
#7583=CARTESIAN_POINT('',(25.000000372529,-8.65000002980232,5.69));
#7584=CARTESIAN_POINT('',(23.350000372529,-5.85000002980232,5.69));
#7585=CARTESIAN_POINT('',(23.350000372529,-5.85000002980232,5.69));
#7586=CARTESIAN_POINT('',(25.000000372529,-5.85000002980232,5.69));
#7587=CARTESIAN_POINT('Origin',(25.000000372529,-8.65000002980232,1.79));
#7588=CARTESIAN_POINT('',(25.000000372529,-8.65000002980232,1.79));
#7589=CARTESIAN_POINT('',(25.000000372529,-8.65000002980232,1.675));
#7590=CARTESIAN_POINT('',(23.350000372529,-8.65000002980232,1.79));
#7591=CARTESIAN_POINT('',(25.000000372529,-8.65000002980232,1.79));
#7592=CARTESIAN_POINT('',(23.350000372529,-8.65000002980232,5.69));
#7593=CARTESIAN_POINT('Origin',(25.000000372529,-5.85000002980232,1.79));
#7594=CARTESIAN_POINT('',(25.000000372529,-5.85000002980232,1.79));
#7595=CARTESIAN_POINT('',(25.000000372529,-7.42500002980232,1.79));
#7596=CARTESIAN_POINT('',(23.350000372529,-5.85000002980232,1.79));
#7597=CARTESIAN_POINT('',(25.000000372529,-5.85000002980232,1.79));
#7598=CARTESIAN_POINT('',(23.350000372529,-8.65000002980232,1.79));
#7599=CARTESIAN_POINT('Origin',(25.000000372529,-5.85000002980232,5.69));
#7600=CARTESIAN_POINT('',(25.000000372529,-5.85000002980232,3.625));
#7601=CARTESIAN_POINT('',(23.350000372529,-5.85000002980232,1.79));
#7602=CARTESIAN_POINT('Origin',(23.350000372529,-7.25000002980232,3.74));
#7603=CARTESIAN_POINT('Origin',(21.570000372529,-3.75000002980232,9.89));
#7604=CARTESIAN_POINT('',(22.920000372529,-3.75000002980232,9.89));
#7605=CARTESIAN_POINT('Origin',(21.570000372529,-3.75000002980232,9.89));
#7606=CARTESIAN_POINT('',(22.920000372529,-3.75000002980232,8.49));
#7607=CARTESIAN_POINT('',(22.920000372529,-3.75000002980232,9.89));
#7608=CARTESIAN_POINT('Origin',(21.570000372529,-3.75000002980232,8.49));
#7609=CARTESIAN_POINT('Origin',(21.570000372529,-3.75000002980232,8.49));
#7610=CARTESIAN_POINT('Origin',(21.570000372529,-7.25000002980232,9.89));
#7611=CARTESIAN_POINT('',(22.920000372529,-7.25000002980232,9.89));
#7612=CARTESIAN_POINT('Origin',(21.570000372529,-7.25000002980232,9.89));
#7613=CARTESIAN_POINT('',(22.920000372529,-7.25000002980232,8.49));
#7614=CARTESIAN_POINT('',(22.920000372529,-7.25000002980232,9.89));
#7615=CARTESIAN_POINT('Origin',(21.570000372529,-7.25000002980232,8.49));
#7616=CARTESIAN_POINT('Origin',(21.570000372529,-7.25000002980232,8.49));
#7617=CARTESIAN_POINT('Origin',(21.570000372529,-5.50000002980232,9.89));
#7618=CARTESIAN_POINT('',(23.570000372529,-9.00000002980232,9.89));
#7619=CARTESIAN_POINT('',(19.570000372529,-9.00000002980232,9.89));
#7620=CARTESIAN_POINT('',(19.570000372529,-9.00000002980232,9.89));
#7621=CARTESIAN_POINT('',(23.570000372529,-2.00000002980232,9.89));
#7622=CARTESIAN_POINT('',(23.570000372529,-9.00000002980232,9.89));
#7623=CARTESIAN_POINT('',(19.570000372529,-2.00000002980232,9.89));
#7624=CARTESIAN_POINT('',(23.570000372529,-2.00000002980232,9.89));
#7625=CARTESIAN_POINT('',(19.570000372529,-2.00000002980232,9.89));
#7626=CARTESIAN_POINT('Origin',(18.140000372529,-9.00000002980232,5.89));
#7627=CARTESIAN_POINT('',(18.140000372529,-2.00000002980232,5.89));
#7628=CARTESIAN_POINT('',(18.140000372529,-9.00000002980232,5.89));
#7629=CARTESIAN_POINT('',(18.140000372529,-2.00000002980232,5.89));
#7630=CARTESIAN_POINT('',(18.140000372529,-9.00000002980232,5.89));
#7631=CARTESIAN_POINT('',(18.140000372529,-2.00000002980232,5.89));
#7632=CARTESIAN_POINT('Origin',(25.000000372529,-2.00000002980232,5.89));
#7633=CARTESIAN_POINT('',(25.000000372529,-9.00000002980232,5.89));
#7634=CARTESIAN_POINT('',(25.000000372529,-2.00000002980232,5.89));
#7635=CARTESIAN_POINT('',(25.000000372529,-9.00000002980232,5.89));
#7636=CARTESIAN_POINT('',(25.000000372529,-2.00000002980232,5.89));
#7637=CARTESIAN_POINT('',(25.000000372529,-9.00000002980232,5.89));
#7638=CARTESIAN_POINT('Origin',(18.140000372529,-9.00000002980232,1.56));
#7639=CARTESIAN_POINT('',(18.140000372529,-9.00000002980232,1.56));
#7640=CARTESIAN_POINT('',(25.000000372529,-9.00000002980232,1.56));
#7641=CARTESIAN_POINT('',(18.140000372529,-9.00000002980232,1.56));
#7642=CARTESIAN_POINT('',(25.000000372529,-9.00000002980232,1.56));
#7643=CARTESIAN_POINT('',(18.140000372529,-9.00000002980232,1.56));
#7644=CARTESIAN_POINT('Origin',(18.140000372529,-2.00000002980232,1.56));
#7645=CARTESIAN_POINT('',(18.140000372529,-2.00000002980232,1.56));
#7646=CARTESIAN_POINT('',(18.140000372529,-2.00000002980232,1.56));
#7647=CARTESIAN_POINT('',(18.140000372529,-2.00000002980232,1.56));
#7648=CARTESIAN_POINT('Origin',(25.000000372529,-2.00000002980232,1.56));
#7649=CARTESIAN_POINT('',(25.000000372529,-2.00000002980232,1.56));
#7650=CARTESIAN_POINT('',(25.000000372529,-2.00000002980232,1.56));
#7651=CARTESIAN_POINT('',(25.000000372529,-2.00000002980232,1.56));
#7652=CARTESIAN_POINT('Origin',(25.000000372529,-9.00000002980232,1.56));
#7653=CARTESIAN_POINT('',(25.000000372529,-9.00000002980232,1.56));
#7654=CARTESIAN_POINT('Origin',(21.570000372529,-5.50000002980232,1.56));
#7655=CARTESIAN_POINT('',(0.,0.,0.));
#7656=CARTESIAN_POINT('Origin',(25.000000372529,-5.15000002980232,5.69));
#7657=CARTESIAN_POINT('',(25.000000372529,-5.15000002980232,5.69));
#7658=CARTESIAN_POINT('',(25.000000372529,-2.35000002980232,5.69));
#7659=CARTESIAN_POINT('',(25.000000372529,-7.07500002980232,5.69));
#7660=CARTESIAN_POINT('',(23.350000372529,-5.15000002980232,5.69));
#7661=CARTESIAN_POINT('',(25.000000372529,-5.15000002980232,5.69));
#7662=CARTESIAN_POINT('',(23.350000372529,-2.35000002980232,5.69));
#7663=CARTESIAN_POINT('',(23.350000372529,-5.15000002980232,5.69));
#7664=CARTESIAN_POINT('',(25.000000372529,-2.35000002980232,5.69));
#7665=CARTESIAN_POINT('Origin',(25.000000372529,-5.15000002980232,1.79));
#7666=CARTESIAN_POINT('',(25.000000372529,-5.15000002980232,1.79));
#7667=CARTESIAN_POINT('',(25.000000372529,-5.15000002980232,1.675));
#7668=CARTESIAN_POINT('',(23.350000372529,-5.15000002980232,1.79));
#7669=CARTESIAN_POINT('',(25.000000372529,-5.15000002980232,1.79));
#7670=CARTESIAN_POINT('',(23.350000372529,-5.15000002980232,1.79));
#7671=CARTESIAN_POINT('Origin',(25.000000372529,-2.35000002980232,1.79));
#7672=CARTESIAN_POINT('',(25.000000372529,-2.35000002980232,1.79));
#7673=CARTESIAN_POINT('',(25.000000372529,-5.67500002980232,1.79));
#7674=CARTESIAN_POINT('',(23.350000372529,-2.35000002980232,1.79));
#7675=CARTESIAN_POINT('',(25.000000372529,-2.35000002980232,1.79));
#7676=CARTESIAN_POINT('',(23.350000372529,-2.35000002980232,1.79));
#7677=CARTESIAN_POINT('Origin',(25.000000372529,-2.35000002980232,5.69));
#7678=CARTESIAN_POINT('',(25.000000372529,-2.35000002980232,3.625));
#7679=CARTESIAN_POINT('',(23.350000372529,-2.35000002980232,5.69));
#7680=CARTESIAN_POINT('Origin',(23.350000372529,-3.75000002980232,3.74));
#7681=CARTESIAN_POINT('Origin',(25.000000372529,-8.65000002980232,5.69));
#7682=CARTESIAN_POINT('',(25.000000372529,-8.65000002980232,5.69));
#7683=CARTESIAN_POINT('',(25.000000372529,-5.85000002980232,5.69));
#7684=CARTESIAN_POINT('',(25.000000372529,-8.82500002980232,5.69));
#7685=CARTESIAN_POINT('',(23.350000372529,-8.65000002980232,5.69));
#7686=CARTESIAN_POINT('',(25.000000372529,-8.65000002980232,5.69));
#7687=CARTESIAN_POINT('',(23.350000372529,-5.85000002980232,5.69));
#7688=CARTESIAN_POINT('',(23.350000372529,-5.85000002980232,5.69));
#7689=CARTESIAN_POINT('',(25.000000372529,-5.85000002980232,5.69));
#7690=CARTESIAN_POINT('Origin',(25.000000372529,-8.65000002980232,1.79));
#7691=CARTESIAN_POINT('',(25.000000372529,-8.65000002980232,1.79));
#7692=CARTESIAN_POINT('',(25.000000372529,-8.65000002980232,1.675));
#7693=CARTESIAN_POINT('',(23.350000372529,-8.65000002980232,1.79));
#7694=CARTESIAN_POINT('',(25.000000372529,-8.65000002980232,1.79));
#7695=CARTESIAN_POINT('',(23.350000372529,-8.65000002980232,5.69));
#7696=CARTESIAN_POINT('Origin',(25.000000372529,-5.85000002980232,1.79));
#7697=CARTESIAN_POINT('',(25.000000372529,-5.85000002980232,1.79));
#7698=CARTESIAN_POINT('',(25.000000372529,-7.42500002980232,1.79));
#7699=CARTESIAN_POINT('',(23.350000372529,-5.85000002980232,1.79));
#7700=CARTESIAN_POINT('',(25.000000372529,-5.85000002980232,1.79));
#7701=CARTESIAN_POINT('',(23.350000372529,-8.65000002980232,1.79));
#7702=CARTESIAN_POINT('Origin',(25.000000372529,-5.85000002980232,5.69));
#7703=CARTESIAN_POINT('',(25.000000372529,-5.85000002980232,3.625));
#7704=CARTESIAN_POINT('',(23.350000372529,-5.85000002980232,1.79));
#7705=CARTESIAN_POINT('Origin',(23.350000372529,-7.25000002980232,3.74));
#7706=CARTESIAN_POINT('Origin',(21.570000372529,-3.75000002980232,9.89));
#7707=CARTESIAN_POINT('',(22.920000372529,-3.75000002980232,9.89));
#7708=CARTESIAN_POINT('Origin',(21.570000372529,-3.75000002980232,9.89));
#7709=CARTESIAN_POINT('',(22.920000372529,-3.75000002980232,8.49));
#7710=CARTESIAN_POINT('',(22.920000372529,-3.75000002980232,9.89));
#7711=CARTESIAN_POINT('Origin',(21.570000372529,-3.75000002980232,8.49));
#7712=CARTESIAN_POINT('Origin',(21.570000372529,-3.75000002980232,8.49));
#7713=CARTESIAN_POINT('Origin',(21.570000372529,-7.25000002980232,9.89));
#7714=CARTESIAN_POINT('',(22.920000372529,-7.25000002980232,9.89));
#7715=CARTESIAN_POINT('Origin',(21.570000372529,-7.25000002980232,9.89));
#7716=CARTESIAN_POINT('',(22.920000372529,-7.25000002980232,8.49));
#7717=CARTESIAN_POINT('',(22.920000372529,-7.25000002980232,9.89));
#7718=CARTESIAN_POINT('Origin',(21.570000372529,-7.25000002980232,8.49));
#7719=CARTESIAN_POINT('Origin',(21.570000372529,-7.25000002980232,8.49));
#7720=CARTESIAN_POINT('Origin',(21.570000372529,-5.50000002980232,9.89));
#7721=CARTESIAN_POINT('',(23.570000372529,-9.00000002980232,9.89));
#7722=CARTESIAN_POINT('',(19.570000372529,-9.00000002980232,9.89));
#7723=CARTESIAN_POINT('',(19.570000372529,-9.00000002980232,9.89));
#7724=CARTESIAN_POINT('',(23.570000372529,-2.00000002980232,9.89));
#7725=CARTESIAN_POINT('',(23.570000372529,-9.00000002980232,9.89));
#7726=CARTESIAN_POINT('',(19.570000372529,-2.00000002980232,9.89));
#7727=CARTESIAN_POINT('',(23.570000372529,-2.00000002980232,9.89));
#7728=CARTESIAN_POINT('',(19.570000372529,-2.00000002980232,9.89));
#7729=CARTESIAN_POINT('Origin',(18.140000372529,-9.00000002980232,5.89));
#7730=CARTESIAN_POINT('',(18.140000372529,-2.00000002980232,5.89));
#7731=CARTESIAN_POINT('',(18.140000372529,-9.00000002980232,5.89));
#7732=CARTESIAN_POINT('',(18.140000372529,-2.00000002980232,5.89));
#7733=CARTESIAN_POINT('',(18.140000372529,-9.00000002980232,5.89));
#7734=CARTESIAN_POINT('',(18.140000372529,-2.00000002980232,5.89));
#7735=CARTESIAN_POINT('Origin',(25.000000372529,-2.00000002980232,5.89));
#7736=CARTESIAN_POINT('',(25.000000372529,-9.00000002980232,5.89));
#7737=CARTESIAN_POINT('',(25.000000372529,-2.00000002980232,5.89));
#7738=CARTESIAN_POINT('',(25.000000372529,-9.00000002980232,5.89));
#7739=CARTESIAN_POINT('',(25.000000372529,-2.00000002980232,5.89));
#7740=CARTESIAN_POINT('',(25.000000372529,-9.00000002980232,5.89));
#7741=CARTESIAN_POINT('Origin',(18.140000372529,-9.00000002980232,1.56));
#7742=CARTESIAN_POINT('',(18.140000372529,-9.00000002980232,1.56));
#7743=CARTESIAN_POINT('',(25.000000372529,-9.00000002980232,1.56));
#7744=CARTESIAN_POINT('',(18.140000372529,-9.00000002980232,1.56));
#7745=CARTESIAN_POINT('',(25.000000372529,-9.00000002980232,1.56));
#7746=CARTESIAN_POINT('',(18.140000372529,-9.00000002980232,1.56));
#7747=CARTESIAN_POINT('Origin',(18.140000372529,-2.00000002980232,1.56));
#7748=CARTESIAN_POINT('',(18.140000372529,-2.00000002980232,1.56));
#7749=CARTESIAN_POINT('',(18.140000372529,-2.00000002980232,1.56));
#7750=CARTESIAN_POINT('',(18.140000372529,-2.00000002980232,1.56));
#7751=CARTESIAN_POINT('Origin',(25.000000372529,-2.00000002980232,1.56));
#7752=CARTESIAN_POINT('',(25.000000372529,-2.00000002980232,1.56));
#7753=CARTESIAN_POINT('',(25.000000372529,-2.00000002980232,1.56));
#7754=CARTESIAN_POINT('',(25.000000372529,-2.00000002980232,1.56));
#7755=CARTESIAN_POINT('Origin',(25.000000372529,-9.00000002980232,1.56));
#7756=CARTESIAN_POINT('',(25.000000372529,-9.00000002980232,1.56));
#7757=CARTESIAN_POINT('Origin',(21.570000372529,-5.50000002980232,1.56));
#7758=CARTESIAN_POINT('',(0.,0.,0.));
#7759=CARTESIAN_POINT('Origin',(9.00000013411045,16.0000002384186,1.56));
#7760=CARTESIAN_POINT('',(13.1250001341105,16.0000002384186,14.06));
#7761=CARTESIAN_POINT('Origin',(9.00000013411045,16.0000002384186,14.06));
#7762=CARTESIAN_POINT('',(13.1250001341105,16.0000002384186,1.56));
#7763=CARTESIAN_POINT('',(13.1250001341105,16.0000002384186,1.56));
#7764=CARTESIAN_POINT('Origin',(9.00000013411045,16.0000002384186,1.56));
#7765=CARTESIAN_POINT('Origin',(9.00000013411045,16.0000002384186,14.06));
#7766=CARTESIAN_POINT('Origin',(9.00000013411045,16.0000002384186,1.56));
#7767=CARTESIAN_POINT('',(0.,0.,0.));
#7768=CARTESIAN_POINT('Origin',(8.18932076921407,-17.2995212951943,8.14));
#7769=CARTESIAN_POINT('',(7.43932076921408,-17.2995212951943,8.14));
#7770=CARTESIAN_POINT('',(8.18932076921407,-17.2995212951943,8.89));
#7771=CARTESIAN_POINT('Origin',(8.18932076921407,-17.2995212951943,8.14));
#7772=CARTESIAN_POINT('',(8.18932076921407,-18.0495212951943,8.14));
#7773=CARTESIAN_POINT('Origin',(8.18932076921407,-17.2995212951943,8.14));
#7774=CARTESIAN_POINT('Origin',(8.18932076921407,-17.2995212951943,8.14));
#7775=CARTESIAN_POINT('Origin',(8.18932076921407,-8.79952129519425,8.14));
#7776=CARTESIAN_POINT('',(7.43932076921408,-8.79952129519425,8.14));
#7777=CARTESIAN_POINT('',(7.43932076921407,-8.79952129519425,8.14));
#7778=CARTESIAN_POINT('Origin',(8.18932076921407,-8.79952129519425,8.14));
#7779=CARTESIAN_POINT('Origin',(8.18932076921407,-18.3995212951943,8.14));
#7780=CARTESIAN_POINT('',(4.98932076921407,-18.3995212951943,8.14));
#7781=CARTESIAN_POINT('Origin',(8.18932076921407,-18.3995212951943,8.14));
#7782=CARTESIAN_POINT('',(4.98932076921407,-8.79952129519425,8.14));
#7783=CARTESIAN_POINT('',(4.98932076921407,-18.3995212951943,8.14));
#7784=CARTESIAN_POINT('Origin',(8.18932076921407,-8.79952129519425,8.14));
#7785=CARTESIAN_POINT('Origin',(8.18932076921407,-8.79952129519425,8.14));
#7786=CARTESIAN_POINT('Origin',(8.18932076921407,-10.2995212951943,12.64));
#7787=CARTESIAN_POINT('',(5.18932076921407,-10.2995212951943,10.5519871588754));
#7788=CARTESIAN_POINT('',(11.1893207692141,-10.2995212951943,10.5519871588754));
#7789=CARTESIAN_POINT('Ctrl Pts',(5.18932076921407,-10.2995212951943,10.5519871588754));
#7790=CARTESIAN_POINT('Ctrl Pts',(5.18932076921407,-10.0968095755706,10.5519871588754));
#7791=CARTESIAN_POINT('Ctrl Pts',(5.2100412215371,-9.89416561538451,10.5774716795613));
#7792=CARTESIAN_POINT('Ctrl Pts',(5.29076946854777,-9.50025897818342,10.6700135245386));
#7793=CARTESIAN_POINT('Ctrl Pts',(5.35073513086904,-9.30888444191132,10.7366309095758));
#7794=CARTESIAN_POINT('Ctrl Pts',(5.58203057181924,-8.76402118412234,10.9685598979063));
#7795=CARTESIAN_POINT('Ctrl Pts',(5.80739341757672,-8.43880795971236,11.163687201371));
#7796=CARTESIAN_POINT('Ctrl Pts',(6.3222416803763,-7.92395969691278,11.497413762382));
#7797=CARTESIAN_POINT('Ctrl Pts',(6.648021599673,-7.69490582822849,11.6632006215111));
#7798=CARTESIAN_POINT('Ctrl Pts',(7.38340241254046,-7.38231008209927,11.8952514946641));
#7799=CARTESIAN_POINT('Ctrl Pts',(7.79380046203497,-7.2995212951943,11.96));
#7800=CARTESIAN_POINT('Ctrl Pts',(8.58484107639318,-7.2995212951943,11.96));
#7801=CARTESIAN_POINT('Ctrl Pts',(8.99523912588768,-7.38231008209927,11.8952514946641));
#7802=CARTESIAN_POINT('Ctrl Pts',(9.73061993875514,-7.6949058282285,11.6632006215111));
#7803=CARTESIAN_POINT('Ctrl Pts',(10.0563998580518,-7.92395969691278,11.497413762382));
#7804=CARTESIAN_POINT('Ctrl Pts',(10.5712481208514,-8.43880795971236,11.163687201371));
#7805=CARTESIAN_POINT('Ctrl Pts',(10.7966109666089,-8.76402118412234,10.9685598979063));
#7806=CARTESIAN_POINT('Ctrl Pts',(11.0279064075591,-9.30888444191132,10.7366309095758));
#7807=CARTESIAN_POINT('Ctrl Pts',(11.0878720698804,-9.50025897818341,10.6700135245386));
#7808=CARTESIAN_POINT('Ctrl Pts',(11.168600316891,-9.89416561538451,10.5774716795613));
#7809=CARTESIAN_POINT('Ctrl Pts',(11.1893207692141,-10.0968095755706,10.5519871588754));
#7810=CARTESIAN_POINT('Ctrl Pts',(11.1893207692141,-10.2995212951943,10.5519871588754));
#7811=CARTESIAN_POINT('',(5.18932076921407,-10.2995212951943,12.64));
#7812=CARTESIAN_POINT('',(5.18932076921407,-10.2995212951943,12.64));
#7813=CARTESIAN_POINT('',(11.1893207692141,-10.2995212951943,12.64));
#7814=CARTESIAN_POINT('Origin',(8.18932076921407,-10.2995212951943,12.64));
#7815=CARTESIAN_POINT('',(11.1893207692141,-10.2995212951943,12.64));
#7816=CARTESIAN_POINT('Origin',(5.18932076921407,-14.8995212951943,12.64));
#7817=CARTESIAN_POINT('',(5.18932076921407,-14.8995212951942,10.5519871588754));
#7818=CARTESIAN_POINT('',(5.18932076921407,-18.3995212951943,10.5519871588754));
#7819=CARTESIAN_POINT('',(5.18932076921407,-14.8995212951943,12.64));
#7820=CARTESIAN_POINT('',(5.18932076921407,-14.8995212951943,11.495));
#7821=CARTESIAN_POINT('',(5.18932076921407,-14.8995212951943,12.64));
#7822=CARTESIAN_POINT('Origin',(11.1893207692141,-10.2995212951943,12.64));
#7823=CARTESIAN_POINT('',(11.1893207692141,-14.8995212951942,10.5519871588754));
#7824=CARTESIAN_POINT('',(11.1893207692141,-18.3995212951943,10.5519871588754));
#7825=CARTESIAN_POINT('',(11.1893207692141,-14.8995212951943,12.64));
#7826=CARTESIAN_POINT('',(11.1893207692141,-10.2995212951943,12.64));
#7827=CARTESIAN_POINT('',(11.1893207692141,-14.8995212951943,11.495));
#7828=CARTESIAN_POINT('Origin',(8.18932076921407,-14.8995212951943,10.35));
#7829=CARTESIAN_POINT('',(4.28932076921408,-14.8995212951943,8.06));
#7830=CARTESIAN_POINT('Origin',(8.18932076921407,-14.8995212951943,8.06));
#7831=CARTESIAN_POINT('',(3.68932076921407,-14.8995212951943,8.06));
#7832=CARTESIAN_POINT('',(8.18932076921407,-14.8995212951943,8.06));
#7833=CARTESIAN_POINT('',(3.68932076921407,-14.8995212951943,12.64));
#7834=CARTESIAN_POINT('',(3.68932076921407,-14.8995212951943,12.64));
#7835=CARTESIAN_POINT('',(12.6893207692141,-14.8995212951943,12.64));
#7836=CARTESIAN_POINT('Origin',(8.18932076921407,-14.8995212951943,10.35));
#7837=CARTESIAN_POINT('',(12.6893207692141,-14.8995212951943,12.64));
#7838=CARTESIAN_POINT('',(12.6893207692141,-14.8995212951943,12.64));
#7839=CARTESIAN_POINT('',(12.6893207692141,-14.8995212951943,8.06));
#7840=CARTESIAN_POINT('',(12.6893207692141,-14.8995212951943,8.06));
#7841=CARTESIAN_POINT('',(12.0893207692141,-14.8995212951943,8.06));
#7842=CARTESIAN_POINT('',(8.18932076921407,-14.8995212951943,8.06));
#7843=CARTESIAN_POINT('Origin',(8.18932076921407,-14.8995212951943,8.06));
#7844=CARTESIAN_POINT('Origin',(3.68932076921407,-18.3995212951943,12.64));
#7845=CARTESIAN_POINT('',(12.6893207692141,-18.3995212951943,12.64));
#7846=CARTESIAN_POINT('',(3.68932076921407,-18.3995212951943,12.64));
#7847=CARTESIAN_POINT('',(12.6893207692141,-18.3995212951943,12.64));
#7848=CARTESIAN_POINT('',(12.6893207692141,-18.3995212951943,12.64));
#7849=CARTESIAN_POINT('',(3.68932076921407,-18.3995212951943,12.64));
#7850=CARTESIAN_POINT('Origin',(8.18932076921407,-11.3495212951943,8.06));
#7851=CARTESIAN_POINT('',(4.28932076921408,-4.29952129519425,8.06));
#7852=CARTESIAN_POINT('',(4.28932076921408,-18.3995212951943,8.06));
#7853=CARTESIAN_POINT('',(3.68932076921407,-4.29952129519425,8.06));
#7854=CARTESIAN_POINT('',(3.68932076921407,-4.29952129519425,8.06));
#7855=CARTESIAN_POINT('',(3.68932076921407,-18.3995212951943,8.06));
#7856=CARTESIAN_POINT('Origin',(8.18932076921407,-18.3995212951943,8.06));
#7857=CARTESIAN_POINT('',(12.0893207692141,-4.29952129519425,8.06));
#7858=CARTESIAN_POINT('',(12.0893207692141,-18.3995212951943,8.06));
#7859=CARTESIAN_POINT('Origin',(8.18932076921407,-4.29952129519425,8.06));
#7860=CARTESIAN_POINT('Origin',(8.18932076921407,-11.3495212951943,8.06));
#7861=CARTESIAN_POINT('',(12.6893207692141,-4.29952129519425,8.06));
#7862=CARTESIAN_POINT('',(12.6893207692141,-4.29952129519425,8.06));
#7863=CARTESIAN_POINT('',(3.68932076921407,-4.29952129519425,8.06));
#7864=CARTESIAN_POINT('Origin',(12.6893207692141,-18.3995212951943,1.56));
#7865=CARTESIAN_POINT('',(12.6893207692141,-4.29952129519425,1.56));
#7866=CARTESIAN_POINT('',(12.6893207692141,-18.3995212951943,1.56));
#7867=CARTESIAN_POINT('',(12.6893207692141,-4.29952129519425,1.56));
#7868=CARTESIAN_POINT('',(12.6893207692141,-4.29952129519425,1.56));
#7869=CARTESIAN_POINT('',(12.6893207692141,-18.3995212951943,1.56));
#7870=CARTESIAN_POINT('Origin',(3.68932076921407,-18.3995212951943,1.56));
#7871=CARTESIAN_POINT('',(3.68932076921407,-18.3995212951943,1.56));
#7872=CARTESIAN_POINT('',(12.6893207692141,-18.3995212951943,1.56));
#7873=CARTESIAN_POINT('',(3.68932076921407,-18.3995212951943,1.56));
#7874=CARTESIAN_POINT('Origin',(3.68932076921407,-4.29952129519425,1.56));
#7875=CARTESIAN_POINT('',(3.68932076921407,-4.29952129519425,1.56));
#7876=CARTESIAN_POINT('',(3.68932076921407,-18.3995212951943,1.56));
#7877=CARTESIAN_POINT('',(3.68932076921407,-4.29952129519425,1.56));
#7878=CARTESIAN_POINT('Origin',(12.6893207692141,-4.29952129519425,1.56));
#7879=CARTESIAN_POINT('',(3.68932076921407,-4.29952129519425,1.56));
#7880=CARTESIAN_POINT('Origin',(8.18932076921407,-11.3495212951943,1.56));
#7881=CARTESIAN_POINT('',(0.,0.,0.));
#7882=CARTESIAN_POINT('Origin',(-29.24,-6.35777561783535,4.21));
#7883=CARTESIAN_POINT('',(-29.24,-4.57277561783535,4.21));
#7884=CARTESIAN_POINT('Origin',(-29.24,-6.35777561783535,4.21));
#7885=CARTESIAN_POINT('',(-18.693,-4.57277561783535,4.21));
#7886=CARTESIAN_POINT('',(-29.24,-4.57277561783535,4.21));
#7887=CARTESIAN_POINT('Origin',(-18.693,-6.35777561783535,4.21));
#7888=CARTESIAN_POINT('Origin',(-18.693,-6.35777561783535,4.21));
#7889=CARTESIAN_POINT('Origin',(-26.74,-6.35777561783535,4.21));
#7890=CARTESIAN_POINT('',(-29.24,-3.83777561783535,4.21));
#7891=CARTESIAN_POINT('Origin',(-29.24,-6.35777561783535,4.21));
#7892=CARTESIAN_POINT('',(-26.74,-3.83777561783535,4.21));
#7893=CARTESIAN_POINT('',(-26.74,-3.83777561783535,4.21));
#7894=CARTESIAN_POINT('Origin',(-26.74,-6.35777561783535,4.21));
#7895=CARTESIAN_POINT('Origin',(-29.24,-6.35777561783535,4.21));
#7896=CARTESIAN_POINT('Origin',(-26.74,-3.35777561783535,1.56));
#7897=CARTESIAN_POINT('',(-26.74,-9.35777561783535,1.56));
#7898=CARTESIAN_POINT('',(-26.74,-3.35777561783535,1.56));
#7899=CARTESIAN_POINT('',(-26.74,-9.35777561783535,1.56));
#7900=CARTESIAN_POINT('',(-26.74,-9.35777561783535,6.86));
#7901=CARTESIAN_POINT('',(-26.74,-9.35777561783535,1.56));
#7902=CARTESIAN_POINT('',(-26.74,-3.35777561783535,6.86));
#7903=CARTESIAN_POINT('',(-26.74,-9.35777561783535,6.86));
#7904=CARTESIAN_POINT('',(-26.74,-3.35777561783535,1.56));
#7905=CARTESIAN_POINT('Origin',(-12.24,-3.35777561783535,1.56));
#7906=CARTESIAN_POINT('',(-12.24,-3.35777561783535,1.56));
#7907=CARTESIAN_POINT('',(-26.74,-3.35777561783535,1.56));
#7908=CARTESIAN_POINT('',(-12.24,-3.35777561783535,6.86));
#7909=CARTESIAN_POINT('',(-26.74,-3.35777561783535,6.86));
#7910=CARTESIAN_POINT('',(-12.24,-3.35777561783535,1.56));
#7911=CARTESIAN_POINT('Origin',(-12.24,-9.35777561783535,1.56));
#7912=CARTESIAN_POINT('',(-12.24,-9.35777561783535,1.56));
#7913=CARTESIAN_POINT('',(-12.24,-3.35777561783535,1.56));
#7914=CARTESIAN_POINT('',(-12.24,-9.35777561783535,6.86));
#7915=CARTESIAN_POINT('',(-12.24,-3.35777561783535,6.86));
#7916=CARTESIAN_POINT('',(-12.24,-9.35777561783535,1.56));
#7917=CARTESIAN_POINT('Origin',(-26.74,-9.35777561783535,1.56));
#7918=CARTESIAN_POINT('',(-12.24,-9.35777561783535,1.56));
#7919=CARTESIAN_POINT('',(-12.24,-9.35777561783535,6.86));
#7920=CARTESIAN_POINT('Origin',(-19.49,-6.35777561783535,6.86));
#7921=CARTESIAN_POINT('Origin',(-19.49,-6.35777561783535,1.56));
#7922=CARTESIAN_POINT('',(0.,0.,0.));
#7923=CARTESIAN_POINT('Origin',(-26.0000003874302,1.66500017881394,5.705));
#7924=CARTESIAN_POINT('',(-26.0000003874302,1.66500017881394,5.705));
#7925=CARTESIAN_POINT('',(-26.0000003874302,1.66500017881394,1.795));
#7926=CARTESIAN_POINT('',(-26.0000003874302,1.66500017881394,3.6325));
#7927=CARTESIAN_POINT('',(-24.5000003874302,1.66500017881394,5.705));
#7928=CARTESIAN_POINT('',(-26.0000003874302,1.66500017881394,5.705));
#7929=CARTESIAN_POINT('',(-24.5000003874302,1.66500017881394,1.795));
#7930=CARTESIAN_POINT('',(-24.5000003874302,1.66500017881394,5.705));
#7931=CARTESIAN_POINT('',(-26.0000003874302,1.66500017881394,1.795));
#7932=CARTESIAN_POINT('Origin',(-26.0000003874302,4.53500017881394,5.705));
#7933=CARTESIAN_POINT('',(-26.0000003874302,4.53500017881394,5.705));
#7934=CARTESIAN_POINT('',(-26.0000003874302,8.26750017881393,5.705));
#7935=CARTESIAN_POINT('',(-24.5000003874302,4.53500017881394,5.705));
#7936=CARTESIAN_POINT('',(-26.0000003874302,4.53500017881394,5.705));
#7937=CARTESIAN_POINT('',(-24.5000003874302,4.53500017881394,5.705));
#7938=CARTESIAN_POINT('Origin',(-26.0000003874302,4.53500017881394,1.795));
#7939=CARTESIAN_POINT('',(-26.0000003874302,4.53500017881394,1.795));
#7940=CARTESIAN_POINT('',(-26.0000003874302,4.53500017881393,1.6775));
#7941=CARTESIAN_POINT('',(-24.5000003874302,4.53500017881394,1.795));
#7942=CARTESIAN_POINT('',(-26.0000003874302,4.53500017881394,1.795));
#7943=CARTESIAN_POINT('',(-24.5000003874302,4.53500017881394,1.795));
#7944=CARTESIAN_POINT('Origin',(-26.0000003874302,1.66500017881394,1.795));
#7945=CARTESIAN_POINT('',(-26.0000003874302,6.83250017881393,1.795));
#7946=CARTESIAN_POINT('',(-24.5000003874302,1.66500017881394,1.795));
#7947=CARTESIAN_POINT('Origin',(-24.5000003874302,3.10000017881394,3.75));
#7948=CARTESIAN_POINT('Origin',(-26.0000003874302,8.00500017881394,5.705));
#7949=CARTESIAN_POINT('',(-26.0000003874302,8.00500017881394,5.705));
#7950=CARTESIAN_POINT('',(-26.0000003874302,5.13500017881394,5.705));
#7951=CARTESIAN_POINT('',(-26.0000003874302,10.0025001788139,5.705));
#7952=CARTESIAN_POINT('',(-24.5000003874302,8.00500017881394,5.705));
#7953=CARTESIAN_POINT('',(-26.0000003874302,8.00500017881394,5.705));
#7954=CARTESIAN_POINT('',(-24.5000003874302,5.13500017881394,5.705));
#7955=CARTESIAN_POINT('',(-24.5000003874302,5.13500017881394,5.705));
#7956=CARTESIAN_POINT('',(-26.0000003874302,5.13500017881394,5.705));
#7957=CARTESIAN_POINT('Origin',(-26.0000003874302,8.00500017881394,1.795));
#7958=CARTESIAN_POINT('',(-26.0000003874302,8.00500017881394,1.795));
#7959=CARTESIAN_POINT('',(-26.0000003874302,8.00500017881394,1.6775));
#7960=CARTESIAN_POINT('',(-24.5000003874302,8.00500017881394,1.795));
#7961=CARTESIAN_POINT('',(-26.0000003874302,8.00500017881394,1.795));
#7962=CARTESIAN_POINT('',(-24.5000003874302,8.00500017881394,5.705));
#7963=CARTESIAN_POINT('Origin',(-26.0000003874302,5.13500017881394,1.795));
#7964=CARTESIAN_POINT('',(-26.0000003874302,5.13500017881394,1.795));
#7965=CARTESIAN_POINT('',(-26.0000003874302,8.56750017881394,1.795));
#7966=CARTESIAN_POINT('',(-24.5000003874302,5.13500017881394,1.795));
#7967=CARTESIAN_POINT('',(-26.0000003874302,5.13500017881394,1.795));
#7968=CARTESIAN_POINT('',(-24.5000003874302,8.00500017881394,1.795));
#7969=CARTESIAN_POINT('Origin',(-26.0000003874302,5.13500017881394,5.705));
#7970=CARTESIAN_POINT('',(-26.0000003874302,5.13500017881394,3.6325));
#7971=CARTESIAN_POINT('',(-24.5000003874302,5.13500017881394,1.795));
#7972=CARTESIAN_POINT('Origin',(-24.5000003874302,6.57000017881393,3.75));
#7973=CARTESIAN_POINT('Origin',(-26.0000003874302,11.4750001788139,5.705));
#7974=CARTESIAN_POINT('',(-26.0000003874302,11.4750001788139,5.705));
#7975=CARTESIAN_POINT('',(-26.0000003874302,8.60500017881393,5.705));
#7976=CARTESIAN_POINT('',(-26.0000003874302,11.7375001788139,5.705));
#7977=CARTESIAN_POINT('',(-24.5000003874302,11.4750001788139,5.705));
#7978=CARTESIAN_POINT('',(-26.0000003874302,11.4750001788139,5.705));
#7979=CARTESIAN_POINT('',(-24.5000003874302,8.60500017881393,5.705));
#7980=CARTESIAN_POINT('',(-24.5000003874302,8.60500017881393,5.705));
#7981=CARTESIAN_POINT('',(-26.0000003874302,8.60500017881393,5.705));
#7982=CARTESIAN_POINT('Origin',(-26.0000003874302,11.4750001788139,1.795));
#7983=CARTESIAN_POINT('',(-26.0000003874302,11.4750001788139,1.795));
#7984=CARTESIAN_POINT('',(-26.0000003874302,11.4750001788139,1.6775));
#7985=CARTESIAN_POINT('',(-24.5000003874302,11.4750001788139,1.795));
#7986=CARTESIAN_POINT('',(-26.0000003874302,11.4750001788139,1.795));
#7987=CARTESIAN_POINT('',(-24.5000003874302,11.4750001788139,5.705));
#7988=CARTESIAN_POINT('Origin',(-26.0000003874302,8.60500017881393,1.795));
#7989=CARTESIAN_POINT('',(-26.0000003874302,8.60500017881393,1.795));
#7990=CARTESIAN_POINT('',(-26.0000003874302,10.3025001788139,1.795));
#7991=CARTESIAN_POINT('',(-24.5000003874302,8.60500017881393,1.795));
#7992=CARTESIAN_POINT('',(-26.0000003874302,8.60500017881393,1.795));
#7993=CARTESIAN_POINT('',(-24.5000003874302,11.4750001788139,1.795));
#7994=CARTESIAN_POINT('Origin',(-26.0000003874302,8.60500017881393,5.705));
#7995=CARTESIAN_POINT('',(-26.0000003874302,8.60500017881393,3.6325));
#7996=CARTESIAN_POINT('',(-24.5000003874302,8.60500017881393,1.795));
#7997=CARTESIAN_POINT('Origin',(-24.5000003874302,10.0400001788139,3.75));
#7998=CARTESIAN_POINT('Origin',(-22.6250003874303,9.91000017881268,9.62));
#7999=CARTESIAN_POINT('',(-21.2150003874303,9.91000017881268,9.62));
#8000=CARTESIAN_POINT('Origin',(-22.6250003874303,9.91000017881268,9.62));
#8001=CARTESIAN_POINT('',(-21.2150003874303,9.91000017881268,8.34));
#8002=CARTESIAN_POINT('',(-21.2150003874303,9.91000017881268,9.62));
#8003=CARTESIAN_POINT('Origin',(-22.6250003874303,9.91000017881268,8.34));
#8004=CARTESIAN_POINT('Origin',(-22.6250003874303,9.91000017881268,8.34));
#8005=CARTESIAN_POINT('Origin',(-22.6250003874303,6.57000017881268,9.62));
#8006=CARTESIAN_POINT('',(-21.2150003874303,6.57000017881268,9.62));
#8007=CARTESIAN_POINT('Origin',(-22.6250003874303,6.57000017881268,9.62));
#8008=CARTESIAN_POINT('',(-21.2150003874303,6.57000017881268,8.34));
#8009=CARTESIAN_POINT('',(-21.2150003874303,6.57000017881268,9.62));
#8010=CARTESIAN_POINT('Origin',(-22.6250003874303,6.57000017881268,8.34));
#8011=CARTESIAN_POINT('Origin',(-22.6250003874303,6.57000017881268,8.34));
#8012=CARTESIAN_POINT('Origin',(-22.6250003874303,3.23000017881268,9.62));
#8013=CARTESIAN_POINT('',(-21.2150003874303,3.23000017881268,9.62));
#8014=CARTESIAN_POINT('Origin',(-22.6250003874303,3.23000017881268,9.62));
#8015=CARTESIAN_POINT('',(-21.2150003874303,3.23000017881268,8.34));
#8016=CARTESIAN_POINT('',(-21.2150003874303,3.23000017881268,9.62));
#8017=CARTESIAN_POINT('Origin',(-22.6250003874303,3.23000017881268,8.34));
#8018=CARTESIAN_POINT('Origin',(-22.6250003874303,3.23000017881268,8.34));
#8019=CARTESIAN_POINT('Origin',(-22.6250003874303,6.57000017881268,9.62));
#8020=CARTESIAN_POINT('',(-20.7500003874303,1.13000017881268,9.62));
#8021=CARTESIAN_POINT('',(-24.5000003874303,1.13000017881268,9.62));
#8022=CARTESIAN_POINT('',(-24.5000003874303,1.13000017881268,9.62));
#8023=CARTESIAN_POINT('',(-20.7500003874303,12.0100001788127,9.62));
#8024=CARTESIAN_POINT('',(-20.7500003874303,1.13000017881268,9.62));
#8025=CARTESIAN_POINT('',(-24.5000003874303,12.0100001788127,9.62));
#8026=CARTESIAN_POINT('',(-20.7500003874303,12.0100001788127,9.62));
#8027=CARTESIAN_POINT('',(-24.5000003874303,12.0100001788127,9.62));
#8028=CARTESIAN_POINT('Origin',(-19.2500003874302,1.14000017881393,5.94));
#8029=CARTESIAN_POINT('',(-26.0000003874302,1.14000017881393,5.94));
#8030=CARTESIAN_POINT('',(-19.2500003874302,1.14000017881393,5.94));
#8031=CARTESIAN_POINT('',(-26.0000003874302,1.14000017881393,5.94));
#8032=CARTESIAN_POINT('',(-19.2500003874302,1.14000017881393,5.94));
#8033=CARTESIAN_POINT('',(-26.0000003874302,1.14000017881393,5.94));
#8034=CARTESIAN_POINT('Origin',(-26.0000003874302,1.14000017881393,5.94));
#8035=CARTESIAN_POINT('',(-26.0000003874302,12.0000001788139,5.94));
#8036=CARTESIAN_POINT('',(-26.0000003874302,12.0000001788139,5.94));
#8037=CARTESIAN_POINT('',(-26.0000003874302,12.0000001788139,5.94));
#8038=CARTESIAN_POINT('Origin',(-26.0000003874302,12.0000001788139,5.94));
#8039=CARTESIAN_POINT('',(-19.2500003874302,12.0000001788139,5.94));
#8040=CARTESIAN_POINT('',(-19.2500003874302,12.0000001788139,5.94));
#8041=CARTESIAN_POINT('',(-19.2500003874302,12.0000001788139,5.94));
#8042=CARTESIAN_POINT('Origin',(-19.2500003874302,12.0000001788139,5.94));
#8043=CARTESIAN_POINT('',(-19.2500003874302,1.14000017881393,5.94));
#8044=CARTESIAN_POINT('Origin',(-26.0000003874302,1.14000017881393,1.56));
#8045=CARTESIAN_POINT('',(-26.0000003874302,1.14000017881393,1.56));
#8046=CARTESIAN_POINT('',(-19.2500003874302,1.14000017881393,1.56));
#8047=CARTESIAN_POINT('',(-26.0000003874302,1.14000017881393,1.56));
#8048=CARTESIAN_POINT('',(-19.2500003874302,1.14000017881393,1.56));
#8049=CARTESIAN_POINT('',(-26.0000003874302,1.14000017881393,1.56));
#8050=CARTESIAN_POINT('Origin',(-26.0000003874302,12.0000001788139,1.56));
#8051=CARTESIAN_POINT('',(-26.0000003874302,12.0000001788139,1.56));
#8052=CARTESIAN_POINT('',(-26.0000003874302,12.0000001788139,1.56));
#8053=CARTESIAN_POINT('',(-26.0000003874302,12.0000001788139,1.56));
#8054=CARTESIAN_POINT('Origin',(-19.2500003874302,12.0000001788139,1.56));
#8055=CARTESIAN_POINT('',(-19.2500003874302,12.0000001788139,1.56));
#8056=CARTESIAN_POINT('',(-19.2500003874302,12.0000001788139,1.56));
#8057=CARTESIAN_POINT('',(-19.2500003874302,12.0000001788139,1.56));
#8058=CARTESIAN_POINT('Origin',(-19.2500003874302,1.14000017881393,1.56));
#8059=CARTESIAN_POINT('',(-19.2500003874302,1.14000017881393,1.56));
#8060=CARTESIAN_POINT('Origin',(-22.6250003874302,6.57000017881393,1.56));
#8061=CARTESIAN_POINT('',(0.,0.,0.));
#8062=CARTESIAN_POINT('Origin',(-22.4764359102313,-15.500000230968,11.65));
#8063=CARTESIAN_POINT('',(-22.4764359102313,-15.500000230968,11.65));
#8064=CARTESIAN_POINT('',(-23.3364359102313,-15.500000230968,11.65));
#8065=CARTESIAN_POINT('',(-22.1973270090419,-15.500000230968,11.65));
#8066=CARTESIAN_POINT('',(-22.4764359102313,-15.500000230968,11.45));
#8067=CARTESIAN_POINT('',(-22.4764359102313,-15.500000230968,11.65));
#8068=CARTESIAN_POINT('',(-23.3364359102313,-15.500000230968,11.45));
#8069=CARTESIAN_POINT('',(-23.3364359102313,-15.500000230968,11.45));
#8070=CARTESIAN_POINT('',(-23.3364359102313,-15.500000230968,11.65));
#8071=CARTESIAN_POINT('Origin',(-22.4764359102313,-19.2923875986569,11.65));
#8072=CARTESIAN_POINT('',(-22.4764359102313,-19.2923875986569,11.65));
#8073=CARTESIAN_POINT('',(-22.4764359102313,-17.9500816082461,11.65));
#8074=CARTESIAN_POINT('',(-22.4764359102313,-19.2923875986569,11.45));
#8075=CARTESIAN_POINT('',(-22.4764359102313,-19.2923875986569,11.65));
#8076=CARTESIAN_POINT('',(-22.4764359102313,-19.2923875986569,11.45));
#8077=CARTESIAN_POINT('Origin',(-21.3600003054738,-19.2923875986569,11.65));
#8078=CARTESIAN_POINT('',(-21.3600003054738,-19.2923875986569,11.65));
#8079=CARTESIAN_POINT('',(-21.6391092066632,-19.2923875986569,11.65));
#8080=CARTESIAN_POINT('',(-21.3600003054738,-19.2923875986569,11.45));
#8081=CARTESIAN_POINT('',(-21.3600003054738,-19.2923875986569,11.65));
#8082=CARTESIAN_POINT('',(-21.3600003054738,-19.2923875986569,11.45));
#8083=CARTESIAN_POINT('Origin',(-21.3600003054738,-15.500000230968,11.65));
#8084=CARTESIAN_POINT('',(-21.3600003054738,-15.500000230968,11.65));
#8085=CARTESIAN_POINT('',(-21.3600003054738,-16.0538879244017,11.65));
#8086=CARTESIAN_POINT('',(-21.3600003054738,-15.500000230968,11.45));
#8087=CARTESIAN_POINT('',(-21.3600003054738,-15.500000230968,11.65));
#8088=CARTESIAN_POINT('',(-21.3600003054738,-15.500000230968,11.45));
#8089=CARTESIAN_POINT('Origin',(-20.5000003054738,-15.500000230968,11.65));
#8090=CARTESIAN_POINT('',(-20.5000003054738,-15.500000230968,11.65));
#8091=CARTESIAN_POINT('',(-21.2091092066632,-15.500000230968,11.65));
#8092=CARTESIAN_POINT('',(-20.5000003054738,-15.500000230968,11.45));
#8093=CARTESIAN_POINT('',(-20.5000003054738,-15.500000230968,11.65));
#8094=CARTESIAN_POINT('',(-20.5000003054738,-15.500000230968,11.45));
#8095=CARTESIAN_POINT('Origin',(-21.9182181078526,-13.9231636370135,11.65));
#8096=CARTESIAN_POINT('',(-21.9182181078526,-13.9231636370135,11.65));
#8097=CARTESIAN_POINT('',(-21.2508194645277,-14.6652066446425,11.65));
#8098=CARTESIAN_POINT('',(-21.9182181078526,-13.9231636370135,11.45));
#8099=CARTESIAN_POINT('',(-21.9182181078526,-13.9231636370135,11.65));
#8100=CARTESIAN_POINT('',(-21.9182181078526,-13.9231636370135,11.45));
#8101=CARTESIAN_POINT('Origin',(-23.3364359102313,-15.500000230968,11.65));
#8102=CARTESIAN_POINT('',(-23.2947256523668,-15.4536249416199,11.65));
#8103=CARTESIAN_POINT('',(-21.9182181078526,-13.9231636370135,11.45));
#8104=CARTESIAN_POINT('Origin',(-21.9182181078525,-16.6077756178352,11.45));
#8105=CARTESIAN_POINT('Origin',(-21.9182181078526,-16.6077756178354,11.65));
#8106=CARTESIAN_POINT('',(-18.5732181078526,-16.6077756178354,11.65));
#8107=CARTESIAN_POINT('Origin',(-21.9182181078526,-16.6077756178354,11.65));
#8108=CARTESIAN_POINT('Origin',(-21.9182181078526,-16.6077756178354,6.48));
#8109=CARTESIAN_POINT('',(-17.8082181078526,-16.6077756178354,6.48));
#8110=CARTESIAN_POINT('Origin',(-21.9182181078526,-16.6077756178354,6.48));
#8111=CARTESIAN_POINT('',(-17.8082181078526,-16.6077756178354,6.48));
#8112=CARTESIAN_POINT('Origin',(-26.6682181078526,-11.8577756178354,1.56));
#8113=CARTESIAN_POINT('',(-26.6682181078526,-21.3577756178354,1.56));
#8114=CARTESIAN_POINT('',(-26.6682181078526,-11.8577756178354,1.56));
#8115=CARTESIAN_POINT('',(-26.6682181078526,-21.3577756178354,1.56));
#8116=CARTESIAN_POINT('',(-26.6682181078526,-21.3577756178354,6.48));
#8117=CARTESIAN_POINT('',(-26.6682181078526,-21.3577756178354,1.56));
#8118=CARTESIAN_POINT('',(-26.6682181078526,-11.8577756178354,6.48));
#8119=CARTESIAN_POINT('',(-26.6682181078526,-21.3577756178354,6.48));
#8120=CARTESIAN_POINT('',(-26.6682181078526,-11.8577756178354,1.56));
#8121=CARTESIAN_POINT('Origin',(-17.1682181078526,-11.8577756178354,1.56));
#8122=CARTESIAN_POINT('',(-17.1682181078526,-11.8577756178354,1.56));
#8123=CARTESIAN_POINT('',(-26.6682181078526,-11.8577756178354,1.56));
#8124=CARTESIAN_POINT('',(-17.1682181078526,-11.8577756178354,6.48));
#8125=CARTESIAN_POINT('',(-26.6682181078526,-11.8577756178354,6.48));
#8126=CARTESIAN_POINT('',(-17.1682181078526,-11.8577756178354,1.56));
#8127=CARTESIAN_POINT('Origin',(-17.1682181078526,-21.3577756178354,1.56));
#8128=CARTESIAN_POINT('',(-17.1682181078526,-21.3577756178354,1.56));
#8129=CARTESIAN_POINT('',(-17.1682181078526,-11.8577756178354,1.56));
#8130=CARTESIAN_POINT('',(-17.1682181078526,-21.3577756178354,6.48));
#8131=CARTESIAN_POINT('',(-17.1682181078526,-11.8577756178354,6.48));
#8132=CARTESIAN_POINT('',(-17.1682181078526,-21.3577756178354,1.56));
#8133=CARTESIAN_POINT('Origin',(-26.6682181078526,-21.3577756178354,1.56));
#8134=CARTESIAN_POINT('',(-17.1682181078526,-21.3577756178354,1.56));
#8135=CARTESIAN_POINT('',(-17.1682181078526,-21.3577756178354,6.48));
#8136=CARTESIAN_POINT('Origin',(-21.9182181078526,-16.6077756178354,6.48));
#8137=CARTESIAN_POINT('Origin',(-21.9182181078526,-16.6077756178354,1.56));
#8138=CARTESIAN_POINT('',(0.,0.,0.));
#8139=CARTESIAN_POINT('Origin',(25.000000372529,-5.15000002980232,5.69));
#8140=CARTESIAN_POINT('',(25.000000372529,-5.15000002980232,5.69));
#8141=CARTESIAN_POINT('',(25.000000372529,-2.35000002980232,5.69));
#8142=CARTESIAN_POINT('',(25.000000372529,-7.07500002980232,5.69));
#8143=CARTESIAN_POINT('',(23.350000372529,-5.15000002980232,5.69));
#8144=CARTESIAN_POINT('',(25.000000372529,-5.15000002980232,5.69));
#8145=CARTESIAN_POINT('',(23.350000372529,-2.35000002980232,5.69));
#8146=CARTESIAN_POINT('',(23.350000372529,-5.15000002980232,5.69));
#8147=CARTESIAN_POINT('',(25.000000372529,-2.35000002980232,5.69));
#8148=CARTESIAN_POINT('Origin',(25.000000372529,-5.15000002980232,1.79));
#8149=CARTESIAN_POINT('',(25.000000372529,-5.15000002980232,1.79));
#8150=CARTESIAN_POINT('',(25.000000372529,-5.15000002980232,1.675));
#8151=CARTESIAN_POINT('',(23.350000372529,-5.15000002980232,1.79));
#8152=CARTESIAN_POINT('',(25.000000372529,-5.15000002980232,1.79));
#8153=CARTESIAN_POINT('',(23.350000372529,-5.15000002980232,1.79));
#8154=CARTESIAN_POINT('Origin',(25.000000372529,-2.35000002980232,1.79));
#8155=CARTESIAN_POINT('',(25.000000372529,-2.35000002980232,1.79));
#8156=CARTESIAN_POINT('',(25.000000372529,-5.67500002980232,1.79));
#8157=CARTESIAN_POINT('',(23.350000372529,-2.35000002980232,1.79));
#8158=CARTESIAN_POINT('',(25.000000372529,-2.35000002980232,1.79));
#8159=CARTESIAN_POINT('',(23.350000372529,-2.35000002980232,1.79));
#8160=CARTESIAN_POINT('Origin',(25.000000372529,-2.35000002980232,5.69));
#8161=CARTESIAN_POINT('',(25.000000372529,-2.35000002980232,3.625));
#8162=CARTESIAN_POINT('',(23.350000372529,-2.35000002980232,5.69));
#8163=CARTESIAN_POINT('Origin',(23.350000372529,-3.75000002980232,3.74));
#8164=CARTESIAN_POINT('Origin',(25.000000372529,-8.65000002980232,5.69));
#8165=CARTESIAN_POINT('',(25.000000372529,-8.65000002980232,5.69));
#8166=CARTESIAN_POINT('',(25.000000372529,-5.85000002980232,5.69));
#8167=CARTESIAN_POINT('',(25.000000372529,-8.82500002980232,5.69));
#8168=CARTESIAN_POINT('',(23.350000372529,-8.65000002980232,5.69));
#8169=CARTESIAN_POINT('',(25.000000372529,-8.65000002980232,5.69));
#8170=CARTESIAN_POINT('',(23.350000372529,-5.85000002980232,5.69));
#8171=CARTESIAN_POINT('',(23.350000372529,-5.85000002980232,5.69));
#8172=CARTESIAN_POINT('',(25.000000372529,-5.85000002980232,5.69));
#8173=CARTESIAN_POINT('Origin',(25.000000372529,-8.65000002980232,1.79));
#8174=CARTESIAN_POINT('',(25.000000372529,-8.65000002980232,1.79));
#8175=CARTESIAN_POINT('',(25.000000372529,-8.65000002980232,1.675));
#8176=CARTESIAN_POINT('',(23.350000372529,-8.65000002980232,1.79));
#8177=CARTESIAN_POINT('',(25.000000372529,-8.65000002980232,1.79));
#8178=CARTESIAN_POINT('',(23.350000372529,-8.65000002980232,5.69));
#8179=CARTESIAN_POINT('Origin',(25.000000372529,-5.85000002980232,1.79));
#8180=CARTESIAN_POINT('',(25.000000372529,-5.85000002980232,1.79));
#8181=CARTESIAN_POINT('',(25.000000372529,-7.42500002980232,1.79));
#8182=CARTESIAN_POINT('',(23.350000372529,-5.85000002980232,1.79));
#8183=CARTESIAN_POINT('',(25.000000372529,-5.85000002980232,1.79));
#8184=CARTESIAN_POINT('',(23.350000372529,-8.65000002980232,1.79));
#8185=CARTESIAN_POINT('Origin',(25.000000372529,-5.85000002980232,5.69));
#8186=CARTESIAN_POINT('',(25.000000372529,-5.85000002980232,3.625));
#8187=CARTESIAN_POINT('',(23.350000372529,-5.85000002980232,1.79));
#8188=CARTESIAN_POINT('Origin',(23.350000372529,-7.25000002980232,3.74));
#8189=CARTESIAN_POINT('Origin',(21.570000372529,-3.75000002980232,9.89));
#8190=CARTESIAN_POINT('',(22.920000372529,-3.75000002980232,9.89));
#8191=CARTESIAN_POINT('Origin',(21.570000372529,-3.75000002980232,9.89));
#8192=CARTESIAN_POINT('',(22.920000372529,-3.75000002980232,8.49));
#8193=CARTESIAN_POINT('',(22.920000372529,-3.75000002980232,9.89));
#8194=CARTESIAN_POINT('Origin',(21.570000372529,-3.75000002980232,8.49));
#8195=CARTESIAN_POINT('Origin',(21.570000372529,-3.75000002980232,8.49));
#8196=CARTESIAN_POINT('Origin',(21.570000372529,-7.25000002980232,9.89));
#8197=CARTESIAN_POINT('',(22.920000372529,-7.25000002980232,9.89));
#8198=CARTESIAN_POINT('Origin',(21.570000372529,-7.25000002980232,9.89));
#8199=CARTESIAN_POINT('',(22.920000372529,-7.25000002980232,8.49));
#8200=CARTESIAN_POINT('',(22.920000372529,-7.25000002980232,9.89));
#8201=CARTESIAN_POINT('Origin',(21.570000372529,-7.25000002980232,8.49));
#8202=CARTESIAN_POINT('Origin',(21.570000372529,-7.25000002980232,8.49));
#8203=CARTESIAN_POINT('Origin',(21.570000372529,-5.50000002980232,9.89));
#8204=CARTESIAN_POINT('',(23.570000372529,-9.00000002980232,9.89));
#8205=CARTESIAN_POINT('',(19.570000372529,-9.00000002980232,9.89));
#8206=CARTESIAN_POINT('',(19.570000372529,-9.00000002980232,9.89));
#8207=CARTESIAN_POINT('',(23.570000372529,-2.00000002980232,9.89));
#8208=CARTESIAN_POINT('',(23.570000372529,-9.00000002980232,9.89));
#8209=CARTESIAN_POINT('',(19.570000372529,-2.00000002980232,9.89));
#8210=CARTESIAN_POINT('',(23.570000372529,-2.00000002980232,9.89));
#8211=CARTESIAN_POINT('',(19.570000372529,-2.00000002980232,9.89));
#8212=CARTESIAN_POINT('Origin',(18.140000372529,-9.00000002980232,5.89));
#8213=CARTESIAN_POINT('',(18.140000372529,-2.00000002980232,5.89));
#8214=CARTESIAN_POINT('',(18.140000372529,-9.00000002980232,5.89));
#8215=CARTESIAN_POINT('',(18.140000372529,-2.00000002980232,5.89));
#8216=CARTESIAN_POINT('',(18.140000372529,-9.00000002980232,5.89));
#8217=CARTESIAN_POINT('',(18.140000372529,-2.00000002980232,5.89));
#8218=CARTESIAN_POINT('Origin',(25.000000372529,-2.00000002980232,5.89));
#8219=CARTESIAN_POINT('',(25.000000372529,-9.00000002980232,5.89));
#8220=CARTESIAN_POINT('',(25.000000372529,-2.00000002980232,5.89));
#8221=CARTESIAN_POINT('',(25.000000372529,-9.00000002980232,5.89));
#8222=CARTESIAN_POINT('',(25.000000372529,-2.00000002980232,5.89));
#8223=CARTESIAN_POINT('',(25.000000372529,-9.00000002980232,5.89));
#8224=CARTESIAN_POINT('Origin',(18.140000372529,-9.00000002980232,1.56));
#8225=CARTESIAN_POINT('',(18.140000372529,-9.00000002980232,1.56));
#8226=CARTESIAN_POINT('',(25.000000372529,-9.00000002980232,1.56));
#8227=CARTESIAN_POINT('',(18.140000372529,-9.00000002980232,1.56));
#8228=CARTESIAN_POINT('',(25.000000372529,-9.00000002980232,1.56));
#8229=CARTESIAN_POINT('',(18.140000372529,-9.00000002980232,1.56));
#8230=CARTESIAN_POINT('Origin',(18.140000372529,-2.00000002980232,1.56));
#8231=CARTESIAN_POINT('',(18.140000372529,-2.00000002980232,1.56));
#8232=CARTESIAN_POINT('',(18.140000372529,-2.00000002980232,1.56));
#8233=CARTESIAN_POINT('',(18.140000372529,-2.00000002980232,1.56));
#8234=CARTESIAN_POINT('Origin',(25.000000372529,-2.00000002980232,1.56));
#8235=CARTESIAN_POINT('',(25.000000372529,-2.00000002980232,1.56));
#8236=CARTESIAN_POINT('',(25.000000372529,-2.00000002980232,1.56));
#8237=CARTESIAN_POINT('',(25.000000372529,-2.00000002980232,1.56));
#8238=CARTESIAN_POINT('Origin',(25.000000372529,-9.00000002980232,1.56));
#8239=CARTESIAN_POINT('',(25.000000372529,-9.00000002980232,1.56));
#8240=CARTESIAN_POINT('Origin',(21.570000372529,-5.50000002980232,1.56));
#8241=CARTESIAN_POINT('',(0.,0.,0.));
#8242=CARTESIAN_POINT('Origin',(-3.34000000000001,3.90999999999999,1.56));
#8243=CARTESIAN_POINT('',(-3.34000000000001,-3.09000000000001,1.56));
#8244=CARTESIAN_POINT('',(-3.34000000000001,3.90999999999999,1.56));
#8245=CARTESIAN_POINT('',(-3.34000000000001,-3.09000000000001,1.56));
#8246=CARTESIAN_POINT('',(-3.34000000000001,-3.09000000000001,2.36));
#8247=CARTESIAN_POINT('',(-3.34000000000001,-3.09000000000001,1.56));
#8248=CARTESIAN_POINT('',(-3.34000000000001,3.90999999999999,2.36));
#8249=CARTESIAN_POINT('',(-3.34000000000001,-3.09000000000001,2.36));
#8250=CARTESIAN_POINT('',(-3.34000000000001,3.90999999999999,1.56));
#8251=CARTESIAN_POINT('Origin',(3.65999999999999,3.90999999999999,1.56));
#8252=CARTESIAN_POINT('',(3.65999999999999,3.90999999999999,1.56));
#8253=CARTESIAN_POINT('',(-3.34000000000001,3.90999999999999,1.56));
#8254=CARTESIAN_POINT('',(3.65999999999999,3.90999999999999,2.36));
#8255=CARTESIAN_POINT('',(-3.34000000000001,3.90999999999999,2.36));
#8256=CARTESIAN_POINT('',(3.65999999999999,3.90999999999999,1.56));
#8257=CARTESIAN_POINT('Origin',(3.65999999999999,-3.09000000000001,1.56));
#8258=CARTESIAN_POINT('',(3.65999999999999,-3.09000000000001,1.56));
#8259=CARTESIAN_POINT('',(3.65999999999999,3.90999999999999,1.56));
#8260=CARTESIAN_POINT('',(3.65999999999999,-3.09000000000001,2.36));
#8261=CARTESIAN_POINT('',(3.65999999999999,3.90999999999999,2.36));
#8262=CARTESIAN_POINT('',(3.65999999999999,-3.09000000000001,1.56));
#8263=CARTESIAN_POINT('Origin',(-3.34000000000001,-3.09000000000001,1.56));
#8264=CARTESIAN_POINT('',(3.65999999999999,-3.09000000000001,1.56));
#8265=CARTESIAN_POINT('',(3.65999999999999,-3.09000000000001,2.36));
#8266=CARTESIAN_POINT('Origin',(0.159999999999986,0.409999999999993,2.36));
#8267=CARTESIAN_POINT('Origin',(0.159999999999986,0.409999999999993,1.56));
#8268=CARTESIAN_POINT('',(0.,0.,0.));
#8269=CARTESIAN_POINT('',(1.15,0.650000000000004,-4.44089209850063E-15));
#8270=CARTESIAN_POINT('',(1.14999999999999,10.25,-2.22044604925031E-15));
#8271=CARTESIAN_POINT('',(1.71499999999999,0.,0.));
#8272=CARTESIAN_POINT('',(-3.43104703695929,4.99265356652155,-1.11022302462516E-14));
#8273=CARTESIAN_POINT('',(4.44089209850063E-15,2.89999999999998,8.88178419700125E-15));
#8274=CARTESIAN_POINT('',(4.44089209850063E-15,0.800000000000001,0.));
#8275=CARTESIAN_POINT('',(0.,0.,0.));
#8276=CARTESIAN_POINT('',(-6.36758121656836,-5.44963983244959,-1.11022302462516E-15));
#8277=CARTESIAN_POINT('',(0.,-8.88178419700125E-16,1.11022302462516E-16));
#8278=CARTESIAN_POINT('',(0.,0.,0.));
#8279=CARTESIAN_POINT('Origin',(-60.9952055005964,7.75133407194414,-24.5));
#8280=CARTESIAN_POINT('',(-58.4952055005964,7.75133407194414,-27.));
#8281=CARTESIAN_POINT('Origin',(-60.9952055005964,7.75133407194414,-27.));
#8282=CARTESIAN_POINT('',(-58.4952055005964,7.75133407194414,-22.));
#8283=CARTESIAN_POINT('',(-58.4952055005964,7.75133407194414,-24.5));
#8284=CARTESIAN_POINT('Origin',(-60.9952055005964,7.75133407194414,-22.));
#8285=CARTESIAN_POINT('Origin',(-60.9952055005964,7.75133407194414,-22.));
#8286=CARTESIAN_POINT('Origin',(45.96,7.75133407194412,-24.5));
#8287=CARTESIAN_POINT('',(48.46,7.75133407194412,-27.));
#8288=CARTESIAN_POINT('Origin',(45.96,7.75133407194412,-27.));
#8289=CARTESIAN_POINT('',(48.46,7.75133407194412,-22.));
#8290=CARTESIAN_POINT('',(48.46,7.75133407194412,-24.5));
#8291=CARTESIAN_POINT('Origin',(45.96,7.75133407194412,-22.));
#8292=CARTESIAN_POINT('Origin',(45.96,7.75133407194412,-22.));
#8293=CARTESIAN_POINT('Origin',(45.96,7.75133407194412,-27.));
#8294=CARTESIAN_POINT('',(45.96,2.75133407194412,-27.));
#8295=CARTESIAN_POINT('',(45.96,12.7513340719441,-27.));
#8296=CARTESIAN_POINT('Origin',(45.96,7.75133407194412,-27.));
#8297=CARTESIAN_POINT('',(45.96,2.75133407194412,-7.00000000000001));
#8298=CARTESIAN_POINT('',(45.96,2.75133407194412,-27.));
#8299=CARTESIAN_POINT('',(45.96,12.7513340719441,-7.00000000000001));
#8300=CARTESIAN_POINT('Origin',(45.96,7.75133407194412,-7.));
#8301=CARTESIAN_POINT('',(45.96,12.7513340719441,-27.));
#8302=CARTESIAN_POINT('Origin',(45.96,-25.96,-7.));
#8303=CARTESIAN_POINT('',(45.96,34.4626681438882,-7.));
#8304=CARTESIAN_POINT('',(45.96,-9.10433296402793,-7.));
#8305=CARTESIAN_POINT('',(45.96,34.4626681438882,-27.));
#8306=CARTESIAN_POINT('',(45.96,34.4626681438882,-7.));
#8307=CARTESIAN_POINT('',(45.96,41.4626681438882,-27.));
#8308=CARTESIAN_POINT('Origin',(45.96,-25.96,-7.));
#8309=CARTESIAN_POINT('',(45.96,-25.96,-27.));
#8310=CARTESIAN_POINT('',(45.96,41.4626681438882,-27.));
#8311=CARTESIAN_POINT('',(45.96,-25.96,-7.));
#8312=CARTESIAN_POINT('',(45.96,-25.96,-7.));
#8313=CARTESIAN_POINT('',(45.96,-9.10433296402793,-7.));
#8314=CARTESIAN_POINT('Origin',(-60.9952055005964,7.75133407194414,-27.));
#8315=CARTESIAN_POINT('',(-60.9952055005964,12.7513340719441,-27.));
#8316=CARTESIAN_POINT('',(-60.9952055005964,2.75133407194414,-27.));
#8317=CARTESIAN_POINT('Origin',(-60.9952055005964,7.75133407194414,-27.));
#8318=CARTESIAN_POINT('',(-60.9952055005964,12.7513340719441,-7.00000000000001));
#8319=CARTESIAN_POINT('',(-60.9952055005964,12.7513340719441,-27.));
#8320=CARTESIAN_POINT('',(-60.9952055005964,2.75133407194414,-7.00000000000001));
#8321=CARTESIAN_POINT('Origin',(-60.9952055005964,7.75133407194414,-7.));
#8322=CARTESIAN_POINT('',(-60.9952055005964,2.75133407194414,-27.));
#8323=CARTESIAN_POINT('Origin',(-60.9952055005964,41.4626681438883,-7.));
#8324=CARTESIAN_POINT('',(-60.9952055005964,-25.96,-7.));
#8325=CARTESIAN_POINT('',(-60.9952055005964,24.6070011079162,-7.));
#8326=CARTESIAN_POINT('',(-60.9952055005964,-25.96,-27.));
#8327=CARTESIAN_POINT('',(-60.9952055005964,-25.96,-7.));
#8328=CARTESIAN_POINT('',(-60.9952055005964,-25.96,-27.));
#8329=CARTESIAN_POINT('Origin',(-7.51760275029819,7.75133407194414,-7.));
#8330=CARTESIAN_POINT('',(25.96,-45.96,-7.));
#8331=CARTESIAN_POINT('Origin',(25.96,-25.96,-7.));
#8332=CARTESIAN_POINT('',(-40.9952055005964,-45.96,-7.));
#8333=CARTESIAN_POINT('',(-24.2564041254473,-45.96,-7.));
#8334=CARTESIAN_POINT('Origin',(-40.9952055005964,-25.96,-7.));
#8335=CARTESIAN_POINT('',(-60.9952055005964,41.4626681438883,-7.));
#8336=CARTESIAN_POINT('',(-60.9952055005964,24.6070011079162,-7.));
#8337=CARTESIAN_POINT('',(-40.4354154527459,64.566942944912,-7.));
#8338=CARTESIAN_POINT('Origin',(-37.6364881133392,41.3763600974423,-7.));
#8339=CARTESIAN_POINT('',(-40.4354154527459,64.066942944912,-7.));
#8340=CARTESIAN_POINT('',(-40.4354154527459,36.1591385084281,-7.));
#8341=CARTESIAN_POINT('',(18.96,64.066942944912,-7.));
#8342=CARTESIAN_POINT('',(9.19919531514152,64.066942944912,-7.));
#8343=CARTESIAN_POINT('',(18.96,66.4626681438883,-7.));
#8344=CARTESIAN_POINT('',(18.96,36.1591385084281,-7.));
#8345=CARTESIAN_POINT('',(25.96,66.4626681438883,-7.));
#8346=CARTESIAN_POINT('',(-65.9952055005964,66.4626681438883,-7.));
#8347=CARTESIAN_POINT('',(50.96,41.4626681438882,-7.));
#8348=CARTESIAN_POINT('Origin',(25.96,41.4626681438883,-7.));
#8349=CARTESIAN_POINT('',(50.96,34.4626681438882,-7.));
#8350=CARTESIAN_POINT('',(50.96,66.4626681438883,-7.));
#8351=CARTESIAN_POINT('',(21.7211986248509,34.4626681438882,-7.));
#8352=CARTESIAN_POINT('',(-4.02,25.3826681438882,-7.));
#8353=CARTESIAN_POINT('Origin',(-5.52,25.3826681438882,-7.));
#8354=CARTESIAN_POINT('',(-4.01999999999999,60.9626681438882,-7.));
#8355=CARTESIAN_POINT('Origin',(-5.51999999999999,60.9626681438882,-7.));
#8356=CARTESIAN_POINT('',(-17.7424774808811,47.6776662288807,-7.));
#8357=CARTESIAN_POINT('Origin',(-21.7424774808811,47.6776662288807,-7.));
#8358=CARTESIAN_POINT('Origin',(-21.7424774808811,47.6776662288807,5.5));
#8359=CARTESIAN_POINT('',(-17.7424774808811,47.6776662288807,16.1581930053086));
#8360=CARTESIAN_POINT('',(-17.7424774808811,47.6776662288807,5.5));
#8361=CARTESIAN_POINT('',(-17.8422012180447,48.5652726019734,16.3147019571336));
#8362=CARTESIAN_POINT('Origin',(-21.7424774808811,47.6776662288807,16.1581930053086));
#8363=CARTESIAN_POINT('',(-25.7111175630369,47.1777703414134,16.0700478728029));
#8364=CARTESIAN_POINT('Origin',(-21.7424774808811,47.6776662288807,16.1923749149683));
#8365=CARTESIAN_POINT('Origin',(-21.7424774808811,47.6776662288807,16.1581930053086));
#8366=CARTESIAN_POINT('Origin',(0.,-0.667851177583332,7.63357389023826));
#8367=CARTESIAN_POINT('',(-58.9952055005964,41.3088876097485,15.0352055005964));
#8368=CARTESIAN_POINT('',(16.4244809487882,54.6074132073476,17.3800943670953));
#8369=CARTESIAN_POINT('',(-43.96,-43.96,0.));
#8370=CARTESIAN_POINT('',(-54.4318187651296,15.4286353810109,10.4718187651296));
#8371=CARTESIAN_POINT('',(18.96,-43.96,0.));
#8372=CARTESIAN_POINT('',(43.96,-43.96,0.));
#8373=CARTESIAN_POINT('',(43.96,-18.96,4.40817451771162));
#8374=CARTESIAN_POINT('Origin',(18.96,-18.96,4.40817451771162));
#8375=CARTESIAN_POINT('',(43.96,29.668828329033,12.9827489923603));
#8376=CARTESIAN_POINT('',(43.96,-22.3139255887917,3.81678694511913));
#8377=CARTESIAN_POINT('',(14.6187955583267,54.2890221543382,17.3239534340335));
#8378=CARTESIAN_POINT('Origin',(18.96,29.668828329033,12.9827489923603));
#8379=CARTESIAN_POINT('',(16.4244809487882,54.6074132073476,17.3800943670953));
#8380=CARTESIAN_POINT('Origin',(-7.51760275029819,63.9626681438883,-17.));
#8381=CARTESIAN_POINT('',(-7.5176027502982,66.4626681438883,-21.));
#8382=CARTESIAN_POINT('Origin',(-7.51760275029819,66.4626681438883,-17.));
#8383=CARTESIAN_POINT('',(-7.5176027502982,64.066942944912,-21.));
#8384=CARTESIAN_POINT('',(-7.5176027502982,63.9626681438883,-21.));
#8385=CARTESIAN_POINT('Origin',(-7.51760275029819,64.066942944912,-17.));
#8386=CARTESIAN_POINT('Origin',(-40.4354154527459,64.566942944912,-7.));
#8387=CARTESIAN_POINT('',(-40.4354154527459,64.566942944912,-27.));
#8388=CARTESIAN_POINT('',(-40.4354154527459,64.566942944912,-7.));
#8389=CARTESIAN_POINT('',(-40.4354154527459,64.066942944912,-27.));
#8390=CARTESIAN_POINT('',(-40.4354154527459,64.566942944912,-27.));
#8391=CARTESIAN_POINT('',(-40.4354154527459,64.066942944912,-7.));
#8392=CARTESIAN_POINT('Origin',(25.9159933805812,64.066942944912,-7.));
#8393=CARTESIAN_POINT('',(18.96,64.066942944912,-27.));
#8394=CARTESIAN_POINT('',(18.96,64.066942944912,-7.));
#8395=CARTESIAN_POINT('',(-40.4354154527459,64.066942944912,-27.));
#8396=CARTESIAN_POINT('Origin',(50.96,34.4626681438882,-7.));
#8397=CARTESIAN_POINT('',(50.96,34.4626681438882,-27.));
#8398=CARTESIAN_POINT('',(21.7211986248509,34.4626681438882,-27.));
#8399=CARTESIAN_POINT('',(50.96,34.4626681438882,-7.));
#8400=CARTESIAN_POINT('Origin',(18.96,64.566942944912,-7.));
#8401=CARTESIAN_POINT('',(18.96,66.4626681438883,-27.));
#8402=CARTESIAN_POINT('',(18.96,64.566942944912,-27.));
#8403=CARTESIAN_POINT('',(18.96,66.4626681438883,-7.));
#8404=CARTESIAN_POINT('Origin',(25.96,-25.96,-7.));
#8405=CARTESIAN_POINT('',(25.96,-45.96,-27.));
#8406=CARTESIAN_POINT('Origin',(25.96,-25.96,-27.));
#8407=CARTESIAN_POINT('',(25.96,-45.96,-7.));
#8408=CARTESIAN_POINT('Origin',(-40.9952055005964,-45.96,-7.));
#8409=CARTESIAN_POINT('',(-40.9952055005964,-45.96,-27.));
#8410=CARTESIAN_POINT('',(25.96,-45.96,-27.));
#8411=CARTESIAN_POINT('',(-40.9952055005964,-45.96,-7.));
#8412=CARTESIAN_POINT('Origin',(-40.9952055005964,-25.96,-7.));
#8413=CARTESIAN_POINT('Origin',(-40.9952055005964,-25.96,-27.));
#8414=CARTESIAN_POINT('Origin',(-60.9952055005964,41.4626681438883,-7.));
#8415=CARTESIAN_POINT('',(-60.9952055005964,41.4626681438883,-27.));
#8416=CARTESIAN_POINT('',(-60.9952055005964,-25.96,-27.));
#8417=CARTESIAN_POINT('',(-60.9952055005964,41.4626681438883,-7.));
#8418=CARTESIAN_POINT('Origin',(-37.6364881133392,41.3763600974423,-7.));
#8419=CARTESIAN_POINT('Origin',(-37.6364881133392,41.3763600974423,-27.));
#8420=CARTESIAN_POINT('Origin',(-7.51760275029819,7.75133407194414,-27.));
#8421=CARTESIAN_POINT('',(50.96,-25.96,-27.));
#8422=CARTESIAN_POINT('',(50.96,41.4626681438882,-27.));
#8423=CARTESIAN_POINT('',(25.96,-50.96,-27.));
#8424=CARTESIAN_POINT('Origin',(25.96,-25.96,-27.));
#8425=CARTESIAN_POINT('',(-40.9952055005964,-50.96,-27.));
#8426=CARTESIAN_POINT('',(25.96,-50.96,-27.));
#8427=CARTESIAN_POINT('',(-65.9952055005964,-25.96,-27.));
#8428=CARTESIAN_POINT('Origin',(-40.9952055005964,-25.96,-27.));
#8429=CARTESIAN_POINT('',(-65.9952055005964,41.4626681438883,-27.));
#8430=CARTESIAN_POINT('',(-65.9952055005964,-25.96,-27.));
#8431=CARTESIAN_POINT('',(-40.9952055005964,66.4626681438883,-27.));
#8432=CARTESIAN_POINT('Origin',(-40.9952055005964,41.4626681438883,-27.));
#8433=CARTESIAN_POINT('',(-40.9952055005964,66.4626681438883,-27.));
#8434=CARTESIAN_POINT('Origin',(-5.51999999999999,60.9626681438882,-4.5));
#8435=CARTESIAN_POINT('',(-4.01999999999999,60.9626681438882,-2.));
#8436=CARTESIAN_POINT('',(-4.01999999999999,60.9626681438882,-4.5));
#8437=CARTESIAN_POINT('Origin',(-5.51999999999999,60.9626681438882,-2.));
#8438=CARTESIAN_POINT('Origin',(-5.51999999999999,60.9626681438882,-2.));
#8439=CARTESIAN_POINT('Origin',(-5.52,25.3826681438882,-4.5));
#8440=CARTESIAN_POINT('',(-4.02,25.3826681438882,-2.));
#8441=CARTESIAN_POINT('',(-4.02,25.3826681438882,-4.5));
#8442=CARTESIAN_POINT('Origin',(-5.52,25.3826681438882,-2.));
#8443=CARTESIAN_POINT('Origin',(-5.52,25.3826681438882,-2.));
#8444=CARTESIAN_POINT('Origin',(-40.9952055005964,-25.96,0.));
#8445=CARTESIAN_POINT('',(-40.9952055005964,-50.96,94.92));
#8446=CARTESIAN_POINT('',(-65.9952055005964,-25.96,94.92));
#8447=CARTESIAN_POINT('Origin',(-40.9952055005964,-25.96,94.92));
#8448=CARTESIAN_POINT('',(-65.9952055005964,-25.96,0.));
#8449=CARTESIAN_POINT('',(-40.9952055005964,-50.96,0.));
#8450=CARTESIAN_POINT('Origin',(-65.9952055005964,-50.96,0.));
#8451=CARTESIAN_POINT('',(25.96,-50.96,94.92));
#8452=CARTESIAN_POINT('',(25.96,-50.96,0.));
#8453=CARTESIAN_POINT('',(-36.7564041254473,-50.96,94.92));
#8454=CARTESIAN_POINT('',(-30.8521265294543,-50.96,22.1254762208439));
#8455=CARTESIAN_POINT('Origin',(-30.8521265294543,-50.96,20.6254762208439));
#8456=CARTESIAN_POINT('',(15.8169210288579,-50.96,68.7945237791561));
#8457=CARTESIAN_POINT('Origin',(15.8169210288579,-50.96,67.2945237791561));
#8458=CARTESIAN_POINT('',(-30.8521265294543,-50.96,68.7945237791561));
#8459=CARTESIAN_POINT('Origin',(-30.8521265294543,-50.96,67.2945237791561));
#8460=CARTESIAN_POINT('',(15.8169210288579,-50.96,22.1254762208439));
#8461=CARTESIAN_POINT('Origin',(15.8169210288579,-50.96,20.6254762208439));
#8462=CARTESIAN_POINT('',(19.4823972497018,-50.96,43.96));
#8463=CARTESIAN_POINT('Origin',(-7.5176027502982,-50.96,43.96));
#8464=CARTESIAN_POINT('Origin',(25.96,-25.96,0.));
#8465=CARTESIAN_POINT('',(50.96,-25.96,94.92));
#8466=CARTESIAN_POINT('Origin',(25.96,-25.96,94.92));
#8467=CARTESIAN_POINT('',(50.96,-25.96,0.));
#8468=CARTESIAN_POINT('Origin',(50.96,-50.96,0.));
#8469=CARTESIAN_POINT('',(50.96,41.4626681438882,94.92));
#8470=CARTESIAN_POINT('',(50.96,41.4626681438882,0.));
#8471=CARTESIAN_POINT('',(50.96,-21.6043329640279,94.92));
#8472=CARTESIAN_POINT('Origin',(25.96,41.4626681438883,0.));
#8473=CARTESIAN_POINT('',(25.96,66.4626681438883,94.92));
#8474=CARTESIAN_POINT('',(25.96,66.4626681438883,0.));
#8475=CARTESIAN_POINT('Origin',(25.96,41.4626681438883,94.92));
#8476=CARTESIAN_POINT('Origin',(50.96,66.4626681438883,0.));
#8477=CARTESIAN_POINT('',(-40.9952055005964,66.4626681438883,94.92));
#8478=CARTESIAN_POINT('',(-40.9952055005964,66.4626681438883,0.));
#8479=CARTESIAN_POINT('',(21.7211986248509,66.4626681438883,94.92));
#8480=CARTESIAN_POINT('Origin',(-40.9952055005964,41.4626681438883,0.));
#8481=CARTESIAN_POINT('',(-65.9952055005964,41.4626681438883,94.92));
#8482=CARTESIAN_POINT('Origin',(-40.9952055005964,41.4626681438883,94.92));
#8483=CARTESIAN_POINT('',(-65.9952055005964,41.4626681438883,0.));
#8484=CARTESIAN_POINT('Origin',(-65.9952055005964,66.4626681438883,0.));
#8485=CARTESIAN_POINT('',(-65.9952055005964,37.1070011079162,94.92));
#8486=CARTESIAN_POINT('Origin',(14.6187955583267,54.2890221543382,17.3239534340335));
#8487=CARTESIAN_POINT('',(13.4032583146582,61.1826764254236,17.3239534340335));
#8488=CARTESIAN_POINT('',(14.6187955583267,54.2890221543382,17.3239534340335));
#8489=CARTESIAN_POINT('',(-60.2107427442649,48.202541880834,15.0352055005964));
#8490=CARTESIAN_POINT('',(15.2089437051197,61.5010674784331,17.3800943670953));
#8491=CARTESIAN_POINT('',(-58.9952055005964,41.3088876097485,15.0352055005964));
#8492=CARTESIAN_POINT('Origin',(14.6187955583267,54.2890221543382,87.92));
#8493=CARTESIAN_POINT('',(14.6187955583267,54.2890221543382,87.92));
#8494=CARTESIAN_POINT('',(14.6187955583267,54.2890221543382,0.));
#8495=CARTESIAN_POINT('',(13.4032583146582,61.1826764254236,87.92));
#8496=CARTESIAN_POINT('',(14.6187955583267,54.2890221543382,87.92));
#8497=CARTESIAN_POINT('',(13.4032583146582,61.1826764254237,0.));
#8498=CARTESIAN_POINT('Origin',(41.4087604011648,66.120802051562,0.));
#8499=CARTESIAN_POINT('',(-60.2107427442649,48.202541880834,87.92));
#8500=CARTESIAN_POINT('',(15.6750321060362,61.5832514389099,87.92));
#8501=CARTESIAN_POINT('',(-60.2107427442649,48.202541880834,0.));
#8502=CARTESIAN_POINT('Origin',(18.96,29.668828329033,0.));
#8503=CARTESIAN_POINT('',(43.96,29.668828329033,87.92));
#8504=CARTESIAN_POINT('Origin',(18.96,29.668828329033,87.92));
#8505=CARTESIAN_POINT('',(43.96,29.668828329033,0.));
#8506=CARTESIAN_POINT('Origin',(0.,0.,87.92));
#8507=CARTESIAN_POINT('',(43.96,-18.96,87.92));
#8508=CARTESIAN_POINT('',(43.96,43.96,87.92));
#8509=CARTESIAN_POINT('',(18.96,-43.96,87.92));
#8510=CARTESIAN_POINT('Origin',(18.96,-18.96,87.92));
#8511=CARTESIAN_POINT('',(-43.96,-43.96,87.92));
#8512=CARTESIAN_POINT('',(43.96,-43.96,87.92));
#8513=CARTESIAN_POINT('',(-54.6895971678245,16.8905693497047,87.92));
#8514=CARTESIAN_POINT('Origin',(43.96,-43.96,0.));
#8515=CARTESIAN_POINT('',(43.96,-18.96,0.));
#8516=CARTESIAN_POINT('Origin',(18.96,-18.96,0.));
#8517=CARTESIAN_POINT('',(18.96,-43.96,38.6744959940039));
#8518=CARTESIAN_POINT('',(18.96,-43.96,0.));
#8519=CARTESIAN_POINT('',(19.4823972497018,-43.9545414263496,43.96));
#8520=CARTESIAN_POINT('Ctrl Pts',(18.96,-43.96,38.6744959940039));
#8521=CARTESIAN_POINT('Ctrl Pts',(19.312037773722,-43.96,40.4380205916839));
#8522=CARTESIAN_POINT('Ctrl Pts',(19.4823972497018,-43.9545414263495,42.2202024779102));
#8523=CARTESIAN_POINT('Ctrl Pts',(19.4823972497018,-43.9545414263495,43.96));
#8524=CARTESIAN_POINT('',(18.96,-43.96,49.2455040059961));
#8525=CARTESIAN_POINT('Ctrl Pts',(19.4823972497018,-43.9545414263496,43.96));
#8526=CARTESIAN_POINT('Ctrl Pts',(19.4823972497018,-43.9545414263496,45.6997975220899));
#8527=CARTESIAN_POINT('Ctrl Pts',(19.312037773722,-43.96,47.4819794083162));
#8528=CARTESIAN_POINT('Ctrl Pts',(18.96,-43.96,49.2455040059961));
#8529=CARTESIAN_POINT('',(18.96,-43.96,0.));
#8530=CARTESIAN_POINT('Origin',(-43.96,-43.96,0.));
#8531=CARTESIAN_POINT('',(-43.96,-43.96,0.));
#8532=CARTESIAN_POINT('Origin',(-7.5176027502982,-43.96,43.96));
#8533=CARTESIAN_POINT('Origin',(-30.8521265294543,-48.46,20.6254762208439));
#8534=CARTESIAN_POINT('',(-30.8521265294543,-45.96,22.1254762208439));
#8535=CARTESIAN_POINT('',(-30.8521265294543,-48.46,22.1254762208439));
#8536=CARTESIAN_POINT('Origin',(-30.8521265294543,-45.96,20.6254762208439));
#8537=CARTESIAN_POINT('Origin',(-30.8521265294543,-45.96,20.6254762208439));
#8538=CARTESIAN_POINT('Origin',(15.8169210288579,-48.46,67.2945237791561));
#8539=CARTESIAN_POINT('',(15.8169210288579,-45.96,68.7945237791561));
#8540=CARTESIAN_POINT('',(15.8169210288579,-48.46,68.7945237791561));
#8541=CARTESIAN_POINT('Origin',(15.8169210288579,-45.96,67.2945237791561));
#8542=CARTESIAN_POINT('Origin',(15.8169210288579,-45.96,67.2945237791561));
#8543=CARTESIAN_POINT('Origin',(-30.8521265294543,-48.46,67.2945237791561));
#8544=CARTESIAN_POINT('',(-30.8521265294543,-45.96,68.7945237791561));
#8545=CARTESIAN_POINT('',(-30.8521265294543,-48.46,68.7945237791561));
#8546=CARTESIAN_POINT('Origin',(-30.8521265294543,-45.96,67.2945237791561));
#8547=CARTESIAN_POINT('Origin',(-30.8521265294543,-45.96,67.2945237791561));
#8548=CARTESIAN_POINT('Origin',(15.8169210288579,-48.46,20.6254762208439));
#8549=CARTESIAN_POINT('',(15.8169210288579,-45.96,22.1254762208439));
#8550=CARTESIAN_POINT('',(15.8169210288579,-48.46,22.1254762208439));
#8551=CARTESIAN_POINT('Origin',(15.8169210288579,-45.96,20.6254762208439));
#8552=CARTESIAN_POINT('Origin',(15.8169210288579,-45.96,20.6254762208439));
#8553=CARTESIAN_POINT('Origin',(-7.5176027502982,-43.96,43.96));
#8554=CARTESIAN_POINT('',(19.4823972497018,-43.96,43.96));
#8555=CARTESIAN_POINT('Origin',(-59.2271477804765,42.6242976448333,0.));
#8556=CARTESIAN_POINT('Origin',(-7.51760275029819,7.75133407194413,94.92));
#8557=CARTESIAN_POINT('Origin',(-78.9640231025418,8.41098767468976,-29.0000000000001));
#8558=CARTESIAN_POINT('',(-81.4640231025418,8.41098767468977,-27.0000000000001));
#8559=CARTESIAN_POINT('Origin',(-78.9640231025418,8.41098767468977,-27.0000000000001));
#8560=CARTESIAN_POINT('',(-81.4640231025418,8.41098767468976,-31.0000000000002));
#8561=CARTESIAN_POINT('',(-81.4640231025418,8.41098767468976,-29.0000000000001));
#8562=CARTESIAN_POINT('Origin',(-78.9640231025418,8.41098767468976,-31.0000000000001));
#8563=CARTESIAN_POINT('Origin',(-78.9640231025418,8.41098767468976,-31.0000000000001));
#8564=CARTESIAN_POINT('Origin',(27.9911823980546,8.41098767468975,-28.9999999999999));
#8565=CARTESIAN_POINT('',(25.4911823980546,8.41098767468975,-26.9999999999999));
#8566=CARTESIAN_POINT('Origin',(27.9911823980546,8.41098767468975,-26.9999999999999));
#8567=CARTESIAN_POINT('',(25.4911823980546,8.41098767468975,-30.9999999999999));
#8568=CARTESIAN_POINT('',(25.4911823980546,8.41098767468975,-28.9999999999999));
#8569=CARTESIAN_POINT('Origin',(27.9911823980546,8.41098767468975,-30.9999999999999));
#8570=CARTESIAN_POINT('Origin',(27.9911823980546,8.41098767468975,-30.9999999999999));
#8571=CARTESIAN_POINT('Origin',(-23.4888176019454,61.6223217466339,-27.));
#8572=CARTESIAN_POINT('',(-24.9888176019454,61.6223217466339,-32.));
#8573=CARTESIAN_POINT('Origin',(-23.4888176019454,61.6223217466339,-32.));
#8574=CARTESIAN_POINT('',(-24.9888176019454,61.6223217466339,-27.));
#8575=CARTESIAN_POINT('',(-24.9888176019454,61.6223217466339,-27.));
#8576=CARTESIAN_POINT('Origin',(-23.4888176019454,61.6223217466339,-27.));
#8577=CARTESIAN_POINT('Origin',(-23.4888176019454,26.0423217466339,-27.));
#8578=CARTESIAN_POINT('',(-24.9888176019454,26.0423217466339,-32.));
#8579=CARTESIAN_POINT('Origin',(-23.4888176019454,26.0423217466339,-32.));
#8580=CARTESIAN_POINT('',(-24.9888176019454,26.0423217466339,-27.));
#8581=CARTESIAN_POINT('',(-24.9888176019454,26.0423217466339,-27.));
#8582=CARTESIAN_POINT('Origin',(-23.4888176019454,26.0423217466339,-27.));
#8583=CARTESIAN_POINT('Origin',(-39.7112950828265,48.3373198316263,-27.0000000000001));
#8584=CARTESIAN_POINT('',(-43.7112950828265,48.3373198316263,-32.0000000000001));
#8585=CARTESIAN_POINT('Origin',(-39.7112950828265,48.3373198316263,-32.0000000000001));
#8586=CARTESIAN_POINT('',(-43.7112950828265,48.3373198316263,-27.0000000000001));
#8587=CARTESIAN_POINT('',(-43.7112950828265,48.3373198316263,-27.0000000000001));
#8588=CARTESIAN_POINT('Origin',(-39.7112950828265,48.3373198316263,-27.0000000000001));
#8589=CARTESIAN_POINT('Origin',(7.99118239805459,42.1223217466339,-26.9999999999999));
#8590=CARTESIAN_POINT('',(7.9911823980546,67.1223217466339,-26.9999999999999));
#8591=CARTESIAN_POINT('',(32.9911823980546,42.1223217466339,-26.9999999999999));
#8592=CARTESIAN_POINT('Origin',(7.99118239805459,42.1223217466339,-26.9999999999999));
#8593=CARTESIAN_POINT('',(32.9911823980546,42.1223217466339,-31.9999999999999));
#8594=CARTESIAN_POINT('',(32.9911823980546,42.1223217466339,-26.9999999999999));
#8595=CARTESIAN_POINT('',(7.99118239805461,67.1223217466339,-31.9999999999999));
#8596=CARTESIAN_POINT('Origin',(7.9911823980546,42.1223217466339,-31.9999999999999));
#8597=CARTESIAN_POINT('',(7.9911823980546,67.1223217466339,-26.9999999999999));
#8598=CARTESIAN_POINT('Origin',(-58.9640231025418,67.1223217466339,-27.0000000000001));
#8599=CARTESIAN_POINT('',(-58.9640231025418,67.1223217466339,-27.0000000000001));
#8600=CARTESIAN_POINT('',(-58.9640231025418,67.1223217466339,-27.0000000000001));
#8601=CARTESIAN_POINT('',(-58.9640231025418,67.1223217466339,-32.0000000000001));
#8602=CARTESIAN_POINT('',(-58.9640231025418,67.1223217466339,-32.0000000000001));
#8603=CARTESIAN_POINT('',(-58.9640231025418,67.1223217466339,-27.0000000000001));
#8604=CARTESIAN_POINT('Origin',(-58.9640231025418,42.1223217466339,-27.0000000000001));
#8605=CARTESIAN_POINT('',(-83.9640231025418,42.1223217466339,-27.0000000000002));
#8606=CARTESIAN_POINT('Origin',(-58.9640231025418,42.1223217466339,-27.0000000000001));
#8607=CARTESIAN_POINT('',(-83.9640231025418,42.1223217466339,-32.0000000000002));
#8608=CARTESIAN_POINT('Origin',(-58.9640231025418,42.1223217466339,-32.0000000000001));
#8609=CARTESIAN_POINT('',(-83.9640231025418,42.1223217466339,-27.0000000000002));
#8610=CARTESIAN_POINT('Origin',(-83.9640231025418,-25.3003463972544,-27.0000000000001));
#8611=CARTESIAN_POINT('',(-83.9640231025418,-25.3003463972544,-27.0000000000001));
#8612=CARTESIAN_POINT('',(-83.9640231025418,-25.3003463972544,-27.0000000000001));
#8613=CARTESIAN_POINT('',(-83.9640231025418,-25.3003463972544,-32.0000000000001));
#8614=CARTESIAN_POINT('',(-83.9640231025418,-25.3003463972544,-32.0000000000001));
#8615=CARTESIAN_POINT('',(-83.9640231025418,-25.3003463972544,-27.0000000000001));
#8616=CARTESIAN_POINT('Origin',(-58.9640231025418,-25.3003463972544,-27.0000000000001));
#8617=CARTESIAN_POINT('',(-58.9640231025418,-50.3003463972544,-27.0000000000001));
#8618=CARTESIAN_POINT('Origin',(-58.9640231025418,-25.3003463972544,-27.0000000000001));
#8619=CARTESIAN_POINT('',(-58.9640231025418,-50.3003463972544,-32.0000000000001));
#8620=CARTESIAN_POINT('Origin',(-58.9640231025418,-25.3003463972544,-32.0000000000001));
#8621=CARTESIAN_POINT('',(-58.9640231025418,-50.3003463972544,-27.0000000000001));
#8622=CARTESIAN_POINT('Origin',(7.99118239805457,-50.3003463972544,-26.9999999999999));
#8623=CARTESIAN_POINT('',(7.99118239805457,-50.3003463972544,-26.9999999999999));
#8624=CARTESIAN_POINT('',(7.99118239805457,-50.3003463972544,-26.9999999999999));
#8625=CARTESIAN_POINT('',(7.99118239805458,-50.3003463972544,-31.9999999999999));
#8626=CARTESIAN_POINT('',(7.99118239805458,-50.3003463972544,-31.9999999999999));
#8627=CARTESIAN_POINT('',(7.99118239805457,-50.3003463972544,-26.9999999999999));
#8628=CARTESIAN_POINT('Origin',(7.99118239805458,-25.3003463972544,-26.9999999999999));
#8629=CARTESIAN_POINT('',(32.9911823980546,-25.3003463972544,-26.9999999999998));
#8630=CARTESIAN_POINT('Origin',(7.99118239805458,-25.3003463972544,-26.9999999999999));
#8631=CARTESIAN_POINT('',(32.9911823980546,-25.3003463972544,-31.9999999999998));
#8632=CARTESIAN_POINT('Origin',(7.99118239805459,-25.3003463972544,-31.9999999999999));
#8633=CARTESIAN_POINT('',(32.9911823980546,-25.3003463972544,-26.9999999999998));
#8634=CARTESIAN_POINT('Origin',(32.9911823980546,42.1223217466339,-26.9999999999999));
#8635=CARTESIAN_POINT('',(32.9911823980546,42.1223217466339,-26.9999999999999));
#8636=CARTESIAN_POINT('',(32.9911823980546,42.1223217466339,-31.9999999999999));
#8637=CARTESIAN_POINT('Origin',(-25.4864203522436,8.41098767468977,-32.));
#8638=CARTESIAN_POINT('Origin',(-25.4864203522436,8.41098767468977,-27.));
#8639=CARTESIAN_POINT('',(-25.4864203522438,-50.3003463972543,43.96));
#8640=CARTESIAN_POINT('',(0.751182398054566,43.8323217466339,-6.99999999999995));
#8641=CARTESIAN_POINT('',(-17.9688176019455,0.659653602745642,2.22044604925031E-14));
#8642=CARTESIAN_POINT('Origin',(0.,0.,0.));
#8643=UNCERTAINTY_MEASURE_WITH_UNIT(LENGTH_MEASURE(0.01),#8673,
'DISTANCE_ACCURACY_VALUE',
'Maximum model space distance between geometric entities at asserted c
onnectivities');
#8644=UNCERTAINTY_MEASURE_WITH_UNIT(LENGTH_MEASURE(0.01),#8673,
'DISTANCE_ACCURACY_VALUE',
'Maximum model space distance between geometric entities at asserted c
onnectivities');
#8645=UNCERTAINTY_MEASURE_WITH_UNIT(LENGTH_MEASURE(0.01),#8673,
'DISTANCE_ACCURACY_VALUE',
'Maximum model space distance between geometric entities at asserted c
onnectivities');
#8646=UNCERTAINTY_MEASURE_WITH_UNIT(LENGTH_MEASURE(0.01),#8673,
'DISTANCE_ACCURACY_VALUE',
'Maximum model space distance between geometric entities at asserted c
onnectivities');
#8647=UNCERTAINTY_MEASURE_WITH_UNIT(LENGTH_MEASURE(0.01),#8673,
'DISTANCE_ACCURACY_VALUE',
'Maximum model space distance between geometric entities at asserted c
onnectivities');
#8648=UNCERTAINTY_MEASURE_WITH_UNIT(LENGTH_MEASURE(0.01),#8673,
'DISTANCE_ACCURACY_VALUE',
'Maximum model space distance between geometric entities at asserted c
onnectivities');
#8649=UNCERTAINTY_MEASURE_WITH_UNIT(LENGTH_MEASURE(0.01),#8673,
'DISTANCE_ACCURACY_VALUE',
'Maximum model space distance between geometric entities at asserted c
onnectivities');
#8650=UNCERTAINTY_MEASURE_WITH_UNIT(LENGTH_MEASURE(0.01),#8673,
'DISTANCE_ACCURACY_VALUE',
'Maximum model space distance between geometric entities at asserted c
onnectivities');
#8651=UNCERTAINTY_MEASURE_WITH_UNIT(LENGTH_MEASURE(0.01),#8673,
'DISTANCE_ACCURACY_VALUE',
'Maximum model space distance between geometric entities at asserted c
onnectivities');
#8652=UNCERTAINTY_MEASURE_WITH_UNIT(LENGTH_MEASURE(0.01),#8673,
'DISTANCE_ACCURACY_VALUE',
'Maximum model space distance between geometric entities at asserted c
onnectivities');
#8653=UNCERTAINTY_MEASURE_WITH_UNIT(LENGTH_MEASURE(0.01),#8673,
'DISTANCE_ACCURACY_VALUE',
'Maximum model space distance between geometric entities at asserted c
onnectivities');
#8654=UNCERTAINTY_MEASURE_WITH_UNIT(LENGTH_MEASURE(0.01),#8673,
'DISTANCE_ACCURACY_VALUE',
'Maximum model space distance between geometric entities at asserted c
onnectivities');
#8655=UNCERTAINTY_MEASURE_WITH_UNIT(LENGTH_MEASURE(0.01),#8673,
'DISTANCE_ACCURACY_VALUE',
'Maximum model space distance between geometric entities at asserted c
onnectivities');
#8656=UNCERTAINTY_MEASURE_WITH_UNIT(LENGTH_MEASURE(0.01),#8673,
'DISTANCE_ACCURACY_VALUE',
'Maximum model space distance between geometric entities at asserted c
onnectivities');
#8657=UNCERTAINTY_MEASURE_WITH_UNIT(LENGTH_MEASURE(0.01),#8673,
'DISTANCE_ACCURACY_VALUE',
'Maximum model space distance between geometric entities at asserted c
onnectivities');
#8658=(
GEOMETRIC_REPRESENTATION_CONTEXT(3)
GLOBAL_UNCERTAINTY_ASSIGNED_CONTEXT((#8643))
GLOBAL_UNIT_ASSIGNED_CONTEXT((#8673,#8675,#8676))
REPRESENTATION_CONTEXT('','3D')
);
#8659=(
GEOMETRIC_REPRESENTATION_CONTEXT(3)
GLOBAL_UNCERTAINTY_ASSIGNED_CONTEXT((#8644))
GLOBAL_UNIT_ASSIGNED_CONTEXT((#8673,#8675,#8676))
REPRESENTATION_CONTEXT('','3D')
);
#8660=(
GEOMETRIC_REPRESENTATION_CONTEXT(3)
GLOBAL_UNCERTAINTY_ASSIGNED_CONTEXT((#8645))
GLOBAL_UNIT_ASSIGNED_CONTEXT((#8673,#8675,#8676))
REPRESENTATION_CONTEXT('','3D')
);
#8661=(
GEOMETRIC_REPRESENTATION_CONTEXT(3)
GLOBAL_UNCERTAINTY_ASSIGNED_CONTEXT((#8646))
GLOBAL_UNIT_ASSIGNED_CONTEXT((#8673,#8675,#8676))
REPRESENTATION_CONTEXT('','3D')
);
#8662=(
GEOMETRIC_REPRESENTATION_CONTEXT(3)
GLOBAL_UNCERTAINTY_ASSIGNED_CONTEXT((#8647))
GLOBAL_UNIT_ASSIGNED_CONTEXT((#8673,#8675,#8676))
REPRESENTATION_CONTEXT('','3D')
);
#8663=(
GEOMETRIC_REPRESENTATION_CONTEXT(3)
GLOBAL_UNCERTAINTY_ASSIGNED_CONTEXT((#8648))
GLOBAL_UNIT_ASSIGNED_CONTEXT((#8673,#8675,#8676))
REPRESENTATION_CONTEXT('','3D')
);
#8664=(
GEOMETRIC_REPRESENTATION_CONTEXT(3)
GLOBAL_UNCERTAINTY_ASSIGNED_CONTEXT((#8649))
GLOBAL_UNIT_ASSIGNED_CONTEXT((#8673,#8675,#8676))
REPRESENTATION_CONTEXT('','3D')
);
#8665=(
GEOMETRIC_REPRESENTATION_CONTEXT(3)
GLOBAL_UNCERTAINTY_ASSIGNED_CONTEXT((#8650))
GLOBAL_UNIT_ASSIGNED_CONTEXT((#8673,#8675,#8676))
REPRESENTATION_CONTEXT('','3D')
);
#8666=(
GEOMETRIC_REPRESENTATION_CONTEXT(3)
GLOBAL_UNCERTAINTY_ASSIGNED_CONTEXT((#8651))
GLOBAL_UNIT_ASSIGNED_CONTEXT((#8673,#8675,#8676))
REPRESENTATION_CONTEXT('','3D')
);
#8667=(
GEOMETRIC_REPRESENTATION_CONTEXT(3)
GLOBAL_UNCERTAINTY_ASSIGNED_CONTEXT((#8652))
GLOBAL_UNIT_ASSIGNED_CONTEXT((#8673,#8675,#8676))
REPRESENTATION_CONTEXT('','3D')
);
#8668=(
GEOMETRIC_REPRESENTATION_CONTEXT(3)
GLOBAL_UNCERTAINTY_ASSIGNED_CONTEXT((#8653))
GLOBAL_UNIT_ASSIGNED_CONTEXT((#8673,#8675,#8676))
REPRESENTATION_CONTEXT('','3D')
);
#8669=(
GEOMETRIC_REPRESENTATION_CONTEXT(3)
GLOBAL_UNCERTAINTY_ASSIGNED_CONTEXT((#8654))
GLOBAL_UNIT_ASSIGNED_CONTEXT((#8673,#8675,#8676))
REPRESENTATION_CONTEXT('','3D')
);
#8670=(
GEOMETRIC_REPRESENTATION_CONTEXT(3)
GLOBAL_UNCERTAINTY_ASSIGNED_CONTEXT((#8655))
GLOBAL_UNIT_ASSIGNED_CONTEXT((#8673,#8675,#8676))
REPRESENTATION_CONTEXT('','3D')
);
#8671=(
GEOMETRIC_REPRESENTATION_CONTEXT(3)
GLOBAL_UNCERTAINTY_ASSIGNED_CONTEXT((#8656))
GLOBAL_UNIT_ASSIGNED_CONTEXT((#8673,#8675,#8676))
REPRESENTATION_CONTEXT('','3D')
);
#8672=(
GEOMETRIC_REPRESENTATION_CONTEXT(3)
GLOBAL_UNCERTAINTY_ASSIGNED_CONTEXT((#8657))
GLOBAL_UNIT_ASSIGNED_CONTEXT((#8673,#8675,#8676))
REPRESENTATION_CONTEXT('','3D')
);
#8673=(
LENGTH_UNIT()
NAMED_UNIT(*)
SI_UNIT(.MILLI.,.METRE.)
);
#8674=(
LENGTH_UNIT()
NAMED_UNIT(*)
SI_UNIT($,.METRE.)
);
#8675=(
NAMED_UNIT(*)
PLANE_ANGLE_UNIT()
SI_UNIT($,.RADIAN.)
);
#8676=(
NAMED_UNIT(*)
SI_UNIT($,.STERADIAN.)
SOLID_ANGLE_UNIT()
);
#8677=SHAPE_DEFINITION_REPRESENTATION(#8691,#8718);
#8678=SHAPE_DEFINITION_REPRESENTATION(#8692,#8719);
#8679=SHAPE_DEFINITION_REPRESENTATION(#8693,#8720);
#8680=SHAPE_DEFINITION_REPRESENTATION(#8694,#8721);
#8681=SHAPE_DEFINITION_REPRESENTATION(#8695,#8722);
#8682=SHAPE_DEFINITION_REPRESENTATION(#8696,#8723);
#8683=SHAPE_DEFINITION_REPRESENTATION(#8697,#8724);
#8684=SHAPE_DEFINITION_REPRESENTATION(#8698,#8725);
#8685=SHAPE_DEFINITION_REPRESENTATION(#8699,#8726);
#8686=SHAPE_DEFINITION_REPRESENTATION(#8700,#8727);
#8687=SHAPE_DEFINITION_REPRESENTATION(#8701,#8728);
#8688=SHAPE_DEFINITION_REPRESENTATION(#8702,#8729);
#8689=SHAPE_DEFINITION_REPRESENTATION(#8703,#8730);
#8690=SHAPE_DEFINITION_REPRESENTATION(#8714,#8731);
#8691=PRODUCT_DEFINITION_SHAPE('',$,#8733);
#8692=PRODUCT_DEFINITION_SHAPE('',$,#8734);
#8693=PRODUCT_DEFINITION_SHAPE('',$,#8735);
#8694=PRODUCT_DEFINITION_SHAPE('',$,#8736);
#8695=PRODUCT_DEFINITION_SHAPE('',$,#8737);
#8696=PRODUCT_DEFINITION_SHAPE('',$,#8738);
#8697=PRODUCT_DEFINITION_SHAPE('',$,#8739);
#8698=PRODUCT_DEFINITION_SHAPE('',$,#8740);
#8699=PRODUCT_DEFINITION_SHAPE('',$,#8741);
#8700=PRODUCT_DEFINITION_SHAPE('',$,#8742);
#8701=PRODUCT_DEFINITION_SHAPE('',$,#8743);
#8702=PRODUCT_DEFINITION_SHAPE('',$,#8744);
#8703=PRODUCT_DEFINITION_SHAPE('',$,#8745);
#8704=PRODUCT_DEFINITION_SHAPE($,$,#58);
#8705=PRODUCT_DEFINITION_SHAPE($,$,#59);
#8706=PRODUCT_DEFINITION_SHAPE($,$,#60);
#8707=PRODUCT_DEFINITION_SHAPE($,$,#61);
#8708=PRODUCT_DEFINITION_SHAPE($,$,#62);
#8709=PRODUCT_DEFINITION_SHAPE($,$,#63);
#8710=PRODUCT_DEFINITION_SHAPE($,$,#64);
#8711=PRODUCT_DEFINITION_SHAPE($,$,#65);
#8712=PRODUCT_DEFINITION_SHAPE($,$,#66);
#8713=PRODUCT_DEFINITION_SHAPE($,$,#67);
#8714=PRODUCT_DEFINITION_SHAPE('',$,#8746);
#8715=PRODUCT_DEFINITION_SHAPE($,$,#68);
#8716=PRODUCT_DEFINITION_SHAPE($,$,#69);
#8717=PRODUCT_DEFINITION_SHAPE($,$,#70);
#8718=SHAPE_REPRESENTATION('',(#5198,#5693,#5694,#5695),#8658);
#8719=SHAPE_REPRESENTATION('',(#5199),#8659);
#8720=SHAPE_REPRESENTATION('',(#5320,#5547,#5548,#5549,#5550,#5551,#5552,
#5553,#5554,#5555,#5556),#8660);
#8721=SHAPE_REPRESENTATION('',(#5321),#8661);
#8722=SHAPE_REPRESENTATION('',(#5352),#8662);
#8723=SHAPE_REPRESENTATION('',(#5379),#8663);
#8724=SHAPE_REPRESENTATION('',(#5406),#8664);
#8725=SHAPE_REPRESENTATION('',(#5412),#8665);
#8726=SHAPE_REPRESENTATION('',(#5441),#8666);
#8727=SHAPE_REPRESENTATION('',(#5456),#8667);
#8728=SHAPE_REPRESENTATION('',(#5494),#8668);
#8729=SHAPE_REPRESENTATION('',(#5513),#8669);
#8730=SHAPE_REPRESENTATION('',(#5540),#8670);
#8731=SHAPE_REPRESENTATION('',(#5557),#8671);
#8732=PRODUCT_DEFINITION_CONTEXT('part definition',#8776,'design');
#8733=PRODUCT_DEFINITION('speaker','speaker v2',#8747,#8732);
#8734=PRODUCT_DEFINITION('NB65-8 speaker','ND65-8 speaker v1',#8748,#8732);
#8735=PRODUCT_DEFINITION('adafruit_MAX9744','amp',#8749,#8732);
#8736=PRODUCT_DEFINITION('Board','Board',#8750,#8732);
#8737=PRODUCT_DEFINITION('2pin_terminal_1','2pin_terminal_1',#8751,#8732);
#8738=PRODUCT_DEFINITION('2pin_terminal_2','2pin_terminal_2',#8752,#8732);
#8739=PRODUCT_DEFINITION('Capacitor','Capacitor',#8753,#8732);
#8740=PRODUCT_DEFINITION('Power_connector','Power_connector',#8754,#8732);
#8741=PRODUCT_DEFINITION('Audio_jack','Audio_jack',#8755,#8732);
#8742=PRODUCT_DEFINITION('3pin_terminal','3pin_terminal',#8756,#8732);
#8743=PRODUCT_DEFINITION('POT_vol','POT_vol',#8757,#8732);
#8744=PRODUCT_DEFINITION('2pin_terminal_3','2pin_terminal_3',#8758,#8732);
#8745=PRODUCT_DEFINITION('CPU','CPU',#8759,#8732);
#8746=PRODUCT_DEFINITION('house (1)','house (1)',#8760,#8732);
#8747=PRODUCT_DEFINITION_FORMATION('',$,#8778);
#8748=PRODUCT_DEFINITION_FORMATION('',$,#8779);
#8749=PRODUCT_DEFINITION_FORMATION('',$,#8780);
#8750=PRODUCT_DEFINITION_FORMATION('',$,#8781);
#8751=PRODUCT_DEFINITION_FORMATION('',$,#8782);
#8752=PRODUCT_DEFINITION_FORMATION('',$,#8783);
#8753=PRODUCT_DEFINITION_FORMATION('',$,#8784);
#8754=PRODUCT_DEFINITION_FORMATION('',$,#8785);
#8755=PRODUCT_DEFINITION_FORMATION('',$,#8786);
#8756=PRODUCT_DEFINITION_FORMATION('',$,#8787);
#8757=PRODUCT_DEFINITION_FORMATION('',$,#8788);
#8758=PRODUCT_DEFINITION_FORMATION('',$,#8789);
#8759=PRODUCT_DEFINITION_FORMATION('',$,#8790);
#8760=PRODUCT_DEFINITION_FORMATION('',$,#8791);
#8761=PRODUCT_RELATED_PRODUCT_CATEGORY('speaker v2','speaker v2',(#8778));
#8762=PRODUCT_RELATED_PRODUCT_CATEGORY('ND65-8 speaker v1',
'ND65-8 speaker v1',(#8779));
#8763=PRODUCT_RELATED_PRODUCT_CATEGORY('amp','amp',(#8780));
#8764=PRODUCT_RELATED_PRODUCT_CATEGORY('Board','Board',(#8781));
#8765=PRODUCT_RELATED_PRODUCT_CATEGORY('2pin_terminal_1',
'2pin_terminal_1',(#8782));
#8766=PRODUCT_RELATED_PRODUCT_CATEGORY('2pin_terminal_2',
'2pin_terminal_2',(#8783));
#8767=PRODUCT_RELATED_PRODUCT_CATEGORY('Capacitor','Capacitor',(#8784));
#8768=PRODUCT_RELATED_PRODUCT_CATEGORY('Power_connector',
'Power_connector',(#8785));
#8769=PRODUCT_RELATED_PRODUCT_CATEGORY('Audio_jack','Audio_jack',(#8786));
#8770=PRODUCT_RELATED_PRODUCT_CATEGORY('3pin_terminal','3pin_terminal',
(#8787));
#8771=PRODUCT_RELATED_PRODUCT_CATEGORY('POT_vol','POT_vol',(#8788));
#8772=PRODUCT_RELATED_PRODUCT_CATEGORY('2pin_terminal_3',
'2pin_terminal_3',(#8789));
#8773=PRODUCT_RELATED_PRODUCT_CATEGORY('CPU','CPU',(#8790));
#8774=PRODUCT_RELATED_PRODUCT_CATEGORY('house (1)','house (1)',(#8791));
#8775=APPLICATION_PROTOCOL_DEFINITION('international standard',
'automotive_design',2009,#8776);
#8776=APPLICATION_CONTEXT(
'Core Data for Automotive Mechanical Design Process');
#8777=PRODUCT_CONTEXT('part definition',#8776,'mechanical');
#8778=PRODUCT('speaker','speaker v2',$,(#8777));
#8779=PRODUCT('NB65-8 speaker','ND65-8 speaker v1',$,(#8777));
#8780=PRODUCT('adafruit_MAX9744','amp',$,(#8777));
#8781=PRODUCT('Board','Board',$,(#8777));
#8782=PRODUCT('2pin_terminal_1','2pin_terminal_1',$,(#8777));
#8783=PRODUCT('2pin_terminal_2','2pin_terminal_2',$,(#8777));
#8784=PRODUCT('Capacitor','Capacitor',$,(#8777));
#8785=PRODUCT('Power_connector','Power_connector',$,(#8777));
#8786=PRODUCT('Audio_jack','Audio_jack',$,(#8777));
#8787=PRODUCT('3pin_terminal','3pin_terminal',$,(#8777));
#8788=PRODUCT('POT_vol','POT_vol',$,(#8777));
#8789=PRODUCT('2pin_terminal_3','2pin_terminal_3',$,(#8777));
#8790=PRODUCT('CPU','CPU',$,(#8777));
#8791=PRODUCT('house (1)','house (1)',$,(#8777));
#8792=PRESENTATION_STYLE_ASSIGNMENT((#8802));
#8793=PRESENTATION_STYLE_ASSIGNMENT((#8803));
#8794=PRESENTATION_STYLE_ASSIGNMENT((#8804));
#8795=PRESENTATION_STYLE_ASSIGNMENT((#8805));
#8796=PRESENTATION_STYLE_ASSIGNMENT((#8806));
#8797=PRESENTATION_STYLE_ASSIGNMENT((#8807));
#8798=PRESENTATION_STYLE_ASSIGNMENT((#8808));
#8799=PRESENTATION_STYLE_ASSIGNMENT((#8809));
#8800=PRESENTATION_STYLE_ASSIGNMENT((#8810));
#8801=PRESENTATION_STYLE_ASSIGNMENT((NULL_STYLE(.NULL.)));
#8802=SURFACE_STYLE_USAGE(.BOTH.,#8811);
#8803=SURFACE_STYLE_USAGE(.BOTH.,#8812);
#8804=SURFACE_STYLE_USAGE(.BOTH.,#8813);
#8805=SURFACE_STYLE_USAGE(.BOTH.,#8814);
#8806=SURFACE_STYLE_USAGE(.BOTH.,#8815);
#8807=SURFACE_STYLE_USAGE(.BOTH.,#8816);
#8808=SURFACE_STYLE_USAGE(.BOTH.,#8817);
#8809=SURFACE_STYLE_USAGE(.BOTH.,#8818);
#8810=SURFACE_STYLE_USAGE(.BOTH.,#8819);
#8811=SURFACE_SIDE_STYLE('',(#8820));
#8812=SURFACE_SIDE_STYLE('',(#8821));
#8813=SURFACE_SIDE_STYLE('',(#8822));
#8814=SURFACE_SIDE_STYLE('',(#8823));
#8815=SURFACE_SIDE_STYLE('',(#8824));
#8816=SURFACE_SIDE_STYLE('',(#8825));
#8817=SURFACE_SIDE_STYLE('',(#8826));
#8818=SURFACE_SIDE_STYLE('',(#8827));
#8819=SURFACE_SIDE_STYLE('',(#8828));
#8820=SURFACE_STYLE_FILL_AREA(#8829);
#8821=SURFACE_STYLE_FILL_AREA(#8830);
#8822=SURFACE_STYLE_FILL_AREA(#8831);
#8823=SURFACE_STYLE_FILL_AREA(#8832);
#8824=SURFACE_STYLE_FILL_AREA(#8833);
#8825=SURFACE_STYLE_FILL_AREA(#8834);
#8826=SURFACE_STYLE_FILL_AREA(#8835);
#8827=SURFACE_STYLE_FILL_AREA(#8836);
#8828=SURFACE_STYLE_FILL_AREA(#8837);
#8829=FILL_AREA_STYLE('Opaque(5,5,5)',(#8838));
#8830=FILL_AREA_STYLE('Steel - Satin',(#8839));
#8831=FILL_AREA_STYLE('Powder Coat (Dark Grey)',(#8840));
#8832=FILL_AREA_STYLE('ABS (White)',(#8841));
#8833=FILL_AREA_STYLE('Opaque(63,63,63)',(#8842));
#8834=FILL_AREA_STYLE('Opaque(25,25,25)',(#8843));
#8835=FILL_AREA_STYLE('Opaque(247,247,229)',(#8844));
#8836=FILL_AREA_STYLE('Opaque(160,160,160)',(#8845));
#8837=FILL_AREA_STYLE('ABS (White)',(#8846));
#8838=FILL_AREA_STYLE_COLOUR('Opaque(5,5,5)',#8847);
#8839=FILL_AREA_STYLE_COLOUR('Steel - Satin',#8848);
#8840=FILL_AREA_STYLE_COLOUR('Powder Coat (Dark Grey)',#8849);
#8841=FILL_AREA_STYLE_COLOUR('ABS (White)',#8850);
#8842=FILL_AREA_STYLE_COLOUR('Opaque(63,63,63)',#8851);
#8843=FILL_AREA_STYLE_COLOUR('Opaque(25,25,25)',#8852);
#8844=FILL_AREA_STYLE_COLOUR('Opaque(247,247,229)',#8853);
#8845=FILL_AREA_STYLE_COLOUR('Opaque(160,160,160)',#8854);
#8846=FILL_AREA_STYLE_COLOUR('ABS (White)',#8855);
#8847=COLOUR_RGB('Opaque(5,5,5)',0.0196078431372549,0.0196078431372549,
0.0196078431372549);
#8848=COLOUR_RGB('Steel - Satin',0.627450980392157,0.627450980392157,0.627450980392157);
#8849=COLOUR_RGB('Powder Coat (Dark Grey)',0.349019607843137,0.349019607843137,
0.349019607843137);
#8850=COLOUR_RGB('ABS (White)',0.156862745098039,0.16078431372549,0.16078431372549);
#8851=COLOUR_RGB('Opaque(63,63,63)',0.250980392156863,0.250980392156863,
0.250980392156863);
#8852=COLOUR_RGB('Opaque(25,25,25)',0.0980392156862745,0.0980392156862745,
0.0980392156862745);
#8853=COLOUR_RGB('Opaque(247,247,229)',0.968627450980392,0.968627450980392,
0.898039215686275);
#8854=COLOUR_RGB('Opaque(160,160,160)',0.627450980392157,0.627450980392157,
0.627450980392157);
#8855=COLOUR_RGB('ABS (White)',0.333333333333333,0.356862745098039,0.270588235294118);
ENDSEC;
END-ISO-10303-21;
